{"credit":"125403 / 95083W6L6I4IBEOQB0OK40N","parent":"jukebox_open","texture_size":[128,128],"textures":{"1":"default/turntable_disk","2":"default/turntable","particle":"default/turntable_disk"},"elements":[{"from":[6,0,-5],"to":[10,4,-3],"rotation":{"angle":0,"axis":"y","origin":[-2,0,-10]},"faces":{"north":{"uv":[5.75,3.125,6.25,3.625],"texture":"#2"},"east":{"uv":[5.625,5.75,5.875,6.25],"texture":"#2"},"south":{"uv":[3.625,5.75,4.125,6.25],"texture":"#2"},"west":{"uv":[0,5.875,0.25,6.375],"texture":"#2"},"up":{"uv":[0.75,6.125,0.25,5.875],"texture":"#2"},"down":{"uv":[1.25,5.875,0.75,6.125],"texture":"#2"}}},{"from":[-2.25,3,-1],"to":[0.75,6,2],"rotation":{"angle":0,"axis":"y","origin":[-3.25,0,-10]},"faces":{"north":{"uv":[5.75,3.875,6.125,4.25],"texture":"#2"},"east":{"uv":[4.125,5.75,4.5,6.125],"texture":"#2"},"south":{"uv":[4.5,5.75,4.875,6.125],"texture":"#2"},"west":{"uv":[5.75,4.5,6.125,4.875],"texture":"#2"},"up":{"uv":[5.25,6.125,4.875,5.75],"texture":"#2"},"down":{"uv":[5.625,5.75,5.25,6.125],"texture":"#2"}}},{"from":[-3,0,-3],"to":[20,4,17],"rotation":{"angle":0,"axis":"y","origin":[-2,0,3]},"faces":{"north":{"uv":[2.875,4.5,5.75,5],"texture":"#2"},"east":{"uv":[2.875,5,5.375,5.5],"texture":"#2"},"south":{"uv":[0,5,2.875,5.5],"texture":"#2"},"west":{"uv":[5.375,5,7.875,5.5],"texture":"#2"},"up":{"uv":[2.875,2.5,0,0],"texture":"#2"},"down":{"uv":[2.875,2.5,0,5],"texture":"#2"}}},{"from":[3.52566,5.8,0.77801],"to":[5.52566,6.8,13.77801],"rotation":{"angle":-45,"axis":"y","origin":[4.56079,5.8,8.0817]},"faces":{"north":{"uv":[5.75,4.875,6,5],"texture":"#2"},"east":{"uv":[5.75,3.625,7.375,3.75],"texture":"#2"},"south":{"uv":[6,4.875,6.25,5],"texture":"#2"},"west":{"uv":[5.75,3.75,7.375,3.875],"texture":"#2"},"up":{"uv":[5.75,4.25,5.5,2.625],"texture":"#2"},"down":{"uv":[3.125,5.5,2.875,7.125],"texture":"#2"}}},{"from":[3.52566,3.8,13.77801],"to":[5.52566,6.8,15.77801],"rotation":{"angle":-45,"axis":"y","origin":[4.56079,5.8,8.0817]},"faces":{"north":{"uv":[1.25,5.875,1.5,6.25],"texture":"#2"},"east":{"uv":[1.5,5.875,1.75,6.25],"texture":"#2"},"south":{"uv":[1.75,5.875,2,6.25],"texture":"#2"},"west":{"uv":[2,5.875,2.25,6.25],"texture":"#2"},"up":{"uv":[6.25,5.75,6,5.5],"texture":"#2"},"down":{"uv":[0.75,6.125,0.5,6.375],"texture":"#2"}}},{"from":[3.69593,5,0.98539],"to":[5.49593,5.8,1.78539],"rotation":{"angle":-45,"axis":"y","origin":[4.56079,5.8,8.0817]},"faces":{"north":{"uv":[4.75,6.125,5,6.25],"texture":"#2"},"east":{"uv":[5.5,6.125,5.625,6.25],"texture":"#2"},"south":{"uv":[5,6.125,5.25,6.25],"texture":"#2"},"west":{"uv":[5.875,6.125,6,6.25],"texture":"#2"},"up":{"uv":[5.5,6.25,5.25,6.125],"texture":"#2"},"down":{"uv":[6.375,5.75,6.125,5.875],"texture":"#2"}}},{"from":[0.7,4.7,-2.05],"to":[19.3,5.3,16.55],"rotation":{"angle":0,"axis":"y","origin":[-3.5,4.5,3.75]},"faces":{"north":{"uv":[0.84211,16,0,15.15789],"texture":"#1"},"east":{"uv":[1.26316,16,0,14.31579],"texture":"#1"},"south":{"uv":[1.26316,16,0,14.31579],"texture":"#1"},"west":{"uv":[1.26316,16,0,14.31579],"texture":"#1"},"up":{"uv":[16,16,0,0],"texture":"#1"},"down":{"uv":[16,16,0,0],"texture":"#1"}}},{"from":[4.7,4.7,-2.05],"to":[15.3,5.3,-0.45],"rotation":{"angle":0,"axis":"y","origin":[-6.5,4.5,3.75]},"faces":{"north":{"uv":[2,16,0.625,15.875],"texture":"#2"},"east":{"uv":[2,16,0.625,15.875],"texture":"#2"},"south":{"uv":[2,16,0.625,15.875],"texture":"#2"},"west":{"uv":[2,16,0.625,15.875],"texture":"#2"},"up":{"uv":[2.125,15.75,0.75,15.625],"texture":"#2"},"down":{"uv":[2.125,15.625,0.75,15.5],"texture":"#2"}}},{"from":[4.7,4.7,15.2],"to":[15.3,5.3,16.8],"rotation":{"angle":0,"axis":"y","origin":[-6.5,4.5,11]},"faces":{"north":{"uv":[0.625,16,2,15.875],"texture":"#2"},"east":{"uv":[0.625,16,2,15.875],"texture":"#2"},"south":{"uv":[0.625,16,2,15.875],"texture":"#2"},"west":{"uv":[0.625,16,2,15.875],"texture":"#2"},"up":{"uv":[2.125,15.625,0.75,15.75],"texture":"#2"},"down":{"uv":[2.125,15.5,0.75,15.625],"texture":"#2"}}},{"from":[17.7,4.7,2.2],"to":[19.3,5.3,12.8],"rotation":{"angle":0,"axis":"y","origin":[18.5,5,7.5]},"faces":{"north":{"uv":[2,16,0.625,15.875],"texture":"#2"},"east":{"uv":[2,16,0.625,15.875],"texture":"#2"},"south":{"uv":[2,16,0.625,15.875],"texture":"#2"},"west":{"uv":[2,16,0.625,15.875],"texture":"#2"},"up":{"uv":[2.125,15.75,0.75,15.625],"rotation":90,"texture":"#2"},"down":{"uv":[2.125,15.625,0.75,15.5],"rotation":270,"texture":"#2"}}},{"from":[0.7,4.7,1.7],"to":[2.3,5.3,12.3],"rotation":{"angle":0,"axis":"y","origin":[1.5,5,7]},"faces":{"north":{"uv":[0.625,16,2,15.875],"texture":"#2"},"east":{"uv":[0.625,16,2,15.875],"texture":"#2"},"south":{"uv":[0.625,16,2,15.875],"texture":"#2"},"west":{"uv":[0.625,16,2,15.875],"texture":"#2"},"up":{"uv":[2.125,15.625,0.75,15.75],"rotation":90,"texture":"#2"},"down":{"uv":[2.125,15.5,0.75,15.625],"rotation":270,"texture":"#2"}}},{"from":[3.7,4.7,-1.1],"to":[16.3,5.3,0.5],"rotation":{"angle":0,"axis":"y","origin":[-5.5,4.5,4.7]},"faces":{"north":{"uv":[2,16,0.625,15.875],"texture":"#2"},"east":{"uv":[2,16,0.625,15.875],"texture":"#2"},"south":{"uv":[2,16,0.625,15.875],"texture":"#2"},"west":{"uv":[2,16,0.625,15.875],"texture":"#2"},"up":{"uv":[2.125,15.75,0.75,15.625],"texture":"#2"},"down":{"uv":[2.125,15.625,0.75,15.5],"texture":"#2"}}},{"from":[2.7,4.7,-0.1],"to":[17.3,5.3,1.5],"rotation":{"angle":0,"axis":"y","origin":[-5.5,4.5,5.7]},"faces":{"north":{"uv":[2,16,0.625,15.875],"texture":"#2"},"east":{"uv":[2,16,0.625,15.875],"texture":"#2"},"south":{"uv":[2,16,0.625,15.875],"texture":"#2"},"west":{"uv":[2,16,0.625,15.875],"texture":"#2"},"up":{"uv":[2.125,15.75,0.75,15.625],"texture":"#2"},"down":{"uv":[2.125,15.625,0.75,15.5],"texture":"#2"}}},{"from":[1.7,4.7,0.9],"to":[18.3,5.3,2.5],"rotation":{"angle":0,"axis":"y","origin":[-5.5,4.5,6.7]},"faces":{"north":{"uv":[2,16,0.625,15.875],"texture":"#2"},"east":{"uv":[2,16,0.625,15.875],"texture":"#2"},"south":{"uv":[2,16,0.625,15.875],"texture":"#2"},"west":{"uv":[2,16,0.625,15.875],"texture":"#2"},"up":{"uv":[2.125,15.75,0.75,15.625],"texture":"#2"},"down":{"uv":[2.125,15.625,0.75,15.5],"texture":"#2"}}},{"from":[1.7,4.7,12],"to":[18.3,5.3,13.6],"rotation":{"angle":0,"axis":"y","origin":[-5.5,4.5,7.8]},"faces":{"north":{"uv":[0.625,16,2,15.875],"texture":"#2"},"east":{"uv":[0.625,16,2,15.875],"texture":"#2"},"south":{"uv":[0.625,16,2,15.875],"texture":"#2"},"west":{"uv":[0.625,16,2,15.875],"texture":"#2"},"up":{"uv":[2.125,15.625,0.75,15.75],"texture":"#2"},"down":{"uv":[2.125,15.5,0.75,15.625],"texture":"#2"}}},{"from":[2.7,4.7,13],"to":[17.3,5.3,14.6],"rotation":{"angle":0,"axis":"y","origin":[-5.5,4.5,8.8]},"faces":{"north":{"uv":[0.625,16,2,15.875],"texture":"#2"},"east":{"uv":[0.625,16,2,15.875],"texture":"#2"},"south":{"uv":[0.625,16,2,15.875],"texture":"#2"},"west":{"uv":[0.625,16,2,15.875],"texture":"#2"},"up":{"uv":[2.125,15.625,0.75,15.75],"texture":"#2"},"down":{"uv":[2.125,15.5,0.75,15.625],"texture":"#2"}}},{"from":[3.7,4.7,14],"to":[16.3,5.3,15.6],"rotation":{"angle":0,"axis":"y","origin":[-5.5,4.5,9.8]},"faces":{"north":{"uv":[0.625,16,2,15.875],"texture":"#2"},"east":{"uv":[0.625,16,2,15.875],"texture":"#2"},"south":{"uv":[0.625,16,2,15.875],"texture":"#2"},"west":{"uv":[0.625,16,2,15.875],"texture":"#2"},"up":{"uv":[2.125,15.625,0.75,15.75],"texture":"#2"},"down":{"uv":[2.125,15.5,0.75,15.625],"texture":"#2"}}},{"from":[9.2,3.95,6.45],"to":[10.8,6.55,8.05],"rotation":{"angle":0,"axis":"y","origin":[-6.5,4.5,3.75]},"faces":{"north":{"uv":[2.25,5.875,2.5,6.25],"texture":"#2"},"east":{"uv":[2.5,5.875,2.75,6.25],"texture":"#2"},"south":{"uv":[5.875,5.75,6.125,6.125],"texture":"#2"},"west":{"uv":[0.25,6.125,0.5,6.5],"texture":"#2"},"up":{"uv":[1,6.375,0.75,6.125],"texture":"#2"},"down":{"uv":[1.25,6.125,1,6.375],"texture":"#2"}}},{"from":[-2,5,18.9],"to":[19,23,19.9],"rotation":{"angle":0,"axis":"y","origin":[9,4,16.9]},"faces":{"north":{"uv":[5.5,2.25,2.875,0],"texture":"#2"},"east":{"uv":[5.75,2.875,8,3],"rotation":270,"texture":"#2"},"south":{"uv":[5.5,2.25,2.875,0],"texture":"#2"},"west":{"uv":[5.75,3,8,3.125],"rotation":90,"texture":"#2"},"up":{"uv":[5.75,2.625,8.375,2.75],"rotation":180,"texture":"#2"},"down":{"uv":[5.75,2.75,8.375,2.875],"texture":"#2"}}},{"from":[-3,5,16.9],"to":[-2,23,19.9],"rotation":{"angle":0,"axis":"y","origin":[9,4,16.9]},"faces":{"north":{"uv":[3.375,5.75,3.25,8],"rotation":180,"texture":"#2"},"east":{"uv":[5.5,1.5,7.75,1.875],"rotation":90,"texture":"#2"},"south":{"uv":[3.25,8,3.125,5.75],"texture":"#2"},"west":{"uv":[5.5,1.5,7.75,1.875],"rotation":90,"texture":"#2"},"up":{"uv":[2.75,5.875,2.875,6.25],"rotation":180,"texture":"#2"},"down":{"uv":[6.125,3.875,6.25,4.25],"texture":"#2"}}},{"from":[-3,4,16.9],"to":[20,5,19.9],"rotation":{"angle":0,"axis":"y","origin":[9,4,16.9]},"faces":{"north":{"uv":[8.375,4.25,5.5,4.375],"rotation":180,"texture":"#2"},"east":{"uv":[4.125,6.125,4.25,6.5],"rotation":270,"texture":"#2"},"south":{"uv":[6,5.625,3.125,5.5],"texture":"#2"},"west":{"uv":[4.25,6.125,4.375,6.5],"rotation":90,"texture":"#2"},"up":{"uv":[0,5.5,2.875,5.875],"rotation":180,"texture":"#2"},"down":{"uv":[5.5,0,8.375,0.375],"texture":"#2"}}},{"from":[19,5,16.9],"to":[20,23,19.9],"rotation":{"angle":0,"axis":"y","origin":[9,4,16.9]},"faces":{"north":{"uv":[3.625,5.75,3.5,8],"rotation":180,"texture":"#2"},"east":{"uv":[5.5,1.875,7.75,2.25],"rotation":270,"texture":"#2"},"south":{"uv":[3.5,8,3.375,5.75],"texture":"#2"},"west":{"uv":[5.5,1.875,7.75,2.25],"rotation":270,"texture":"#2"},"up":{"uv":[4.375,6.125,4.5,6.5],"rotation":180,"texture":"#2"},"down":{"uv":[4.5,6.125,4.625,6.5],"texture":"#2"}}},{"from":[-3,23,16.9],"to":[20,24,19.9],"rotation":{"angle":0,"axis":"y","origin":[9,4,16.9]},"faces":{"north":{"uv":[6,5.625,3.125,5.75],"rotation":180,"texture":"#2"},"east":{"uv":[6.125,4.5,6.25,4.875],"rotation":270,"texture":"#2"},"south":{"uv":[8.375,4.5,5.5,4.375],"texture":"#2"},"west":{"uv":[4.625,6.125,4.75,6.5],"rotation":90,"texture":"#2"},"up":{"uv":[5.5,0.375,8.375,0.75],"rotation":180,"texture":"#2"},"down":{"uv":[5.5,0.375,8.375,0.75],"rotation":180,"texture":"#2"}}}],"display":{"thirdperson_righthand":{"rotation":[3.19,27.98,-12.68],"translation":[0,1,0],"scale":[0.12695,0.12695,0.12695]},"thirdperson_lefthand":{"rotation":[3.19,27.98,-12.68],"translation":[0,1,0],"scale":[0.12695,0.12695,0.12695]},"firstperson_righthand":{"rotation":[-180,56.75,-180],"translation":[0,2.75,0],"scale":[0.31445,0.31445,0.31445]},"firstperson_lefthand":{"rotation":[-180,56.75,-180],"translation":[0,2.75,0],"scale":[0.31445,0.31445,0.31445]},"ground":{"translation":[0,4.25,0],"scale":[0.41602,0.41602,0.41602]},"gui":{"rotation":[-140.43,-61.72,-152.98],"translation":[0.75,-2,0],"scale":[0.45898,0.45898,0.45898]},"fixed":{"translation":[0,-5,-16],"scale":[1.37891,1.37891,1.37891]}},"groups":[{"name":"group","origin":[8,8,8],"color":0,"children":[0,1,2,{"name":"group","origin":[6.20582,5.1,1.40857],"color":0,"children":[3,4,5]},{"name":"group","origin":[-6,4.5,3.75],"color":0,"children":[6,7,8,9,10,11,12,13,14,15,16,17]},{"name":"case","origin":[10,6,17],"color":0,"children":[18,19,20,21,22]}]}]}
