{
    "providers":
    [
        {
            "type": "bitmap",
            "file": "along:font/logo.png",
            "ascent": 30,
            "height": 30,
            "chars": ["▶"]
        },
        {
            "type": "bitmap",
            "file": "along:font/owner.png",
            "ascent": 8,
            "height": 9,
            "chars": ["᧠"]
        },
        {
            "type": "bitmap",
            "file": "along:font/admin.png",
            "ascent": 8,
            "height": 9,
            "chars": ["᧢"]
        },
        {
            "type": "bitmap",
            "file": "along:font/dev.png",
            "ascent": 8,
            "height": 9,
            "chars": ["᧤"]
        },
        {
            "type": "bitmap",
            "file": "along:font/mod.png",
            "ascent": 8,
            "height": 9,
            "chars": ["᧥"]
        },
        {
            "type": "bitmap",
            "file": "along:font/helper.png",
            "ascent": 8,
            "height": 9,
            "chars": ["᧦"]
        },
        {
            "type": "bitmap",
            "file": "along:font/builder.png",
            "ascent": 8,
            "height": 9,
            "chars": ["᧧"]
        },
        {
            "type": "bitmap",
            "file": "along:font/nitro.png",
            "ascent": 8,
            "height": 9,
            "chars": ["᧨"]
        },
        {
            "type": "bitmap",
            "file": "along:font/youtuber.png",
            "ascent": 8,
            "height": 9,
            "chars": ["᧩"]
        },
        {
            "type": "bitmap",
            "file": "along:font/streamer.png",
            "ascent": 8,
            "height": 9,
            "chars": ["᧪"]
        },
        {
            "type": "bitmap",
            "file": "along:font/tiktoker.png",
            "ascent": 8,
            "height": 9,
            "chars": ["᧫"]
        },       
        {
            "type": "bitmap",
            "file": "along:font/obiis.png",
            "ascent": 8,
            "height": 9,
            "chars": ["᧡"]
        },
        {
            "type": "bitmap",
            "file": "along:font/elite.png",
            "ascent": 8,
            "height": 9,
            "chars": ["᧬"]
        },
        {
            "type": "bitmap",
            "file": "along:font/veterano.png",
            "ascent": 8,
            "height": 9,
            "chars": ["᧭"]
        },
        {
            "type": "bitmap",
            "file": "along:font/experto.png",
            "ascent": 8,
            "height": 9,
            "chars": ["᧮"]
        },           
        {
            "type": "bitmap",
            "file": "along:font/usuario.png",
            "ascent": 8,
            "height": 9,
            "chars": ["᧣"]  
        },
        {
            "type": "bitmap",
            "file": "along:font/hardcore.png",
            "ascent": 8,
            "height": 9,
            "chars": ["▓"]
        },
        {
            "type": "bitmap",
            "file": "along:font/votos.png",
            "ascent": 8,
            "height": 9,
            "chars": ["૱"]
        }
    ]
}