{
	"credit": "Made with Blockbench",
	"texture_size": [32, 32],
	"textures": {
		"0": "elitecreatures:knight_assortment/knight_flag",
		"particle": "elitecreatures:knight_assortment/knight_flag"
	},
	"elements": [
		{
			"from": [13, -16, 7],
			"to": [15, 5, 9],
			"rotation": {"angle": -45, "axis": "y", "origin": [14, -16.75, 8]},
			"faces": {
				"north": {"uv": [16, 5.5, 15, 16], "texture": "#0"},
				"east": {"uv": [15, 5.5, 16, 16], "texture": "#0"},
				"south": {"uv": [16, 5.5, 15, 16], "texture": "#0"},
				"west": {"uv": [15, 5.5, 16, 16], "texture": "#0"},
				"down": {"uv": [6, 11, 5, 12], "rotation": 270, "texture": "#0"}
			}
		},
		{
			"from": [13, 6.75, 7],
			"to": [15, 17.75, 9],
			"rotation": {"angle": -45, "axis": "y", "origin": [14, -16.75, 8]},
			"faces": {
				"north": {"uv": [7, 8, 6, 13.5], "texture": "#0"},
				"east": {"uv": [6, 8, 7, 13.5], "texture": "#0"},
				"south": {"uv": [7, 8, 6, 13.5], "texture": "#0"},
				"west": {"uv": [6, 8, 7, 13.5], "texture": "#0"}
			}
		},
		{
			"from": [12.5, 2.75, 6.5],
			"to": [15.5, 6.75, 9.5],
			"rotation": {"angle": 0, "axis": "y", "origin": [14, -7.25, 8]},
			"faces": {
				"north": {"uv": [7.5, 11, 9, 13], "texture": "#0"},
				"east": {"uv": [7.5, 11, 9, 13], "texture": "#0"},
				"south": {"uv": [7.5, 11, 9, 13], "texture": "#0"},
				"west": {"uv": [7.5, 11, 9, 13], "texture": "#0"},
				"up": {"uv": [5.5, 15.5, 4, 14], "rotation": 90, "texture": "#0"},
				"down": {"uv": [11, 11, 9.5, 12.5], "rotation": 270, "texture": "#0"}
			}
		},
		{
			"from": [11.5, -1.03559, 5.55059],
			"to": [16.5, 4.96441, 5.59059],
			"rotation": {"angle": 22.5, "axis": "x", "origin": [14, 2.97071, 8]},
			"faces": {
				"north": {"uv": [0, 8, 2.5, 11], "texture": "#0"},
				"south": {"uv": [0, 8, 2.5, 11], "texture": "#0"}
			}
		},
		{
			"from": [11.5, -1.03559, 10.40941],
			"to": [16.5, 4.96441, 10.44941],
			"rotation": {"angle": -22.5, "axis": "x", "origin": [14, 2.97071, 8]},
			"faces": {
				"north": {"uv": [2.5, 8, 0, 11], "texture": "#0"},
				"south": {"uv": [2.5, 8, 0, 11], "texture": "#0"}
			}
		},
		{
			"from": [11.55059, -1.03559, 5.5],
			"to": [11.59059, 4.96441, 10.5],
			"rotation": {"angle": -22.5, "axis": "z", "origin": [14, 2.97071, 8]},
			"faces": {
				"east": {"uv": [2.5, 8, 0, 11], "texture": "#0"},
				"west": {"uv": [2.5, 8, 0, 11], "texture": "#0"}
			}
		},
		{
			"from": [16.40941, -1.03559, 5.5],
			"to": [16.44941, 4.96441, 10.5],
			"rotation": {"angle": 22.5, "axis": "z", "origin": [14, 2.97071, 8]},
			"faces": {
				"east": {"uv": [0, 8, 2.5, 11], "texture": "#0"},
				"west": {"uv": [0, 8, 2.5, 11], "texture": "#0"}
			}
		},
		{
			"from": [-15, 7.75, 8],
			"to": [12, 23.75, 8.05],
			"rotation": {"angle": 22.5, "axis": "z", "origin": [7.58579, 21.25, 8.025]},
			"faces": {
				"north": {"uv": [0, 0, 13.5, 8], "texture": "#0"},
				"south": {"uv": [13.5, 0, 0, 8], "texture": "#0"}
			}
		},
		{
			"from": [12.5, 17.75, 6.5],
			"to": [15.5, 22.75, 9.5],
			"rotation": {"angle": 0, "axis": "y", "origin": [14, 19.75, 8]},
			"faces": {
				"north": {"uv": [7.5, 8, 9, 10.5], "texture": "#0"},
				"east": {"uv": [7.5, 8, 9, 10.5], "texture": "#0"},
				"south": {"uv": [7.5, 8, 9, 10.5], "texture": "#0"},
				"west": {"uv": [7.5, 8, 9, 10.5], "texture": "#0"},
				"up": {"uv": [1.5, 13, 0, 11.5], "rotation": 90, "texture": "#0"},
				"down": {"uv": [13, 8, 11.5, 9.5], "rotation": 270, "texture": "#0"}
			}
		},
		{
			"from": [11.5, 21.25, 6.48],
			"to": [16.5, 26.25, 9.52],
			"rotation": {"angle": -45, "axis": "z", "origin": [14, 23.75, 8]},
			"faces": {
				"north": {"uv": [3, 8, 5.5, 10.5], "texture": "#0"},
				"east": {"uv": [9.5, 8, 11, 10.5], "texture": "#0"},
				"south": {"uv": [5.5, 8, 3, 10.5], "texture": "#0"},
				"west": {"uv": [0, 13.5, 1.5, 16], "texture": "#0"},
				"up": {"uv": [3.5, 16, 2, 13.5], "rotation": 90, "texture": "#0"},
				"down": {"uv": [4.5, 11, 3, 13.5], "rotation": 270, "texture": "#0"}
			}
		},
		{
			"from": [11.5, -15.75, 6.48],
			"to": [16.5, -10.75, 9.52],
			"rotation": {"angle": -45, "axis": "z", "origin": [14, -13.25, 8]},
			"faces": {
				"north": {"uv": [3, 8, 5.5, 10.5], "texture": "#0"},
				"east": {"uv": [9.5, 8, 11, 10.5], "texture": "#0"},
				"south": {"uv": [5.5, 8, 3, 10.5], "texture": "#0"},
				"west": {"uv": [0, 13.5, 1.5, 16], "texture": "#0"},
				"up": {"uv": [3.5, 16, 2, 13.5], "rotation": 90, "texture": "#0"},
				"down": {"uv": [4.5, 11, 3, 13.5], "rotation": 270, "texture": "#0"}
			}
		}
	],
	"gui_light": "front",
	"display": {
		"thirdperson_righthand": {
			"rotation": [55, 0, 0],
			"translation": [0, 2, 1.75],
			"scale": [0.4, 0.4, 0.4]
		},
		"thirdperson_lefthand": {
			"rotation": [67.5, 0, -35],
			"translation": [0.75, -6.5, 6.75],
			"scale": [0.85, 0.85, 0.85]
		},
		"firstperson_righthand": {
			"rotation": [0, -76, 0],
			"translation": [20.5, -4, -23.75]
		},
		"firstperson_lefthand": {
			"scale": [0, 0, 0]
		},
		"ground": {
			"rotation": [80, 0, 0],
			"translation": [0, 2.25, -1.25],
			"scale": [0.6, 0.6, 0.6]
		},
		"gui": {
			"rotation": [0, 180, 30],
			"translation": [1, 0, 0],
			"scale": [0.43008, 0.43008, 0.43008]
		},
		"head": {
			"rotation": [0, 180, 35],
			"translation": [11, -14.5, 5],
			"scale": [1.3, 1.3, 1.3]
		},
		"fixed": {
			"translation": [1.5, 1.5, -3],
			"scale": [1.4, 1.4, 1.4]
		}
	},
	"groups": [
		{
			"name": "group",
			"origin": [8, 31.75, 8],
			"color": 0,
			"children": [0, 1, 2, 3, 4, 5, 6, 7, 8, 9, 10]
		}
	]
}