{
	"credit": "Made with Blockbench",
	"texture_size": [32, 32],
	"textures": {
		"0": "elitecreatures:knight_assortment/knight_bow",
		"particle": "elitecreatures:knight_assortment/knight_bow"
	},
	"elements": [
		{
			"from": [7, 4, 5],
			"to": [9, 8, 7],
			"rotation": {"angle": 0, "axis": "y", "origin": [8, 6, 6]},
			"faces": {
				"north": {"uv": [9.5, 11.5, 10.5, 13.5], "texture": "#0"},
				"east": {"uv": [11.5, 9.5, 12.5, 11.5], "texture": "#0"},
				"south": {"uv": [11, 11.5, 12, 13.5], "texture": "#0"},
				"west": {"uv": [12.5, 9.5, 11.5, 11.5], "texture": "#0"}
			}
		},
		{
			"from": [6.5, 8, 4.5],
			"to": [9.5, 11, 7.5],
			"rotation": {"angle": 0, "axis": "y", "origin": [7.5, 8, 5]},
			"faces": {
				"north": {"uv": [10.5, 0, 12, 1.5], "texture": "#0"},
				"east": {"uv": [10.5, 2, 12, 3.5], "texture": "#0"},
				"south": {"uv": [5.5, 10.5, 7, 12], "texture": "#0"},
				"west": {"uv": [12, 2, 10.5, 3.5], "texture": "#0"},
				"up": {"uv": [12.5, 7, 11, 5.5], "texture": "#0"},
				"down": {"uv": [3, 11.5, 1.5, 13], "texture": "#0"}
			}
		},
		{
			"from": [6.49, 8, 2.37868],
			"to": [9.51, 10.12132, 4.5],
			"rotation": {"angle": 45, "axis": "x", "origin": [7.5, 8, 4.5]},
			"faces": {
				"north": {"uv": [2.5, 13.5, 4, 14.5], "texture": "#0"},
				"east": {"uv": [0, 15, 1, 16], "texture": "#0"},
				"south": {"uv": [13, 7, 14.5, 8], "texture": "#0"},
				"west": {"uv": [1, 15, 0, 16], "texture": "#0"},
				"down": {"uv": [15.5, 0, 14, 1], "texture": "#0"}
			}
		},
		{
			"from": [6.49, 8, 7.5],
			"to": [9.51, 10.12132, 9.62132],
			"rotation": {"angle": -45, "axis": "x", "origin": [7.5, 8, 7.5]},
			"faces": {
				"north": {"uv": [14, 4, 15.5, 5], "texture": "#0"},
				"east": {"uv": [1.5, 15, 2.5, 16], "texture": "#0"},
				"south": {"uv": [13, 8, 14.5, 9], "texture": "#0"},
				"west": {"uv": [2.5, 15, 1.5, 16], "texture": "#0"},
				"down": {"uv": [16, 3, 14.5, 4], "texture": "#0"}
			}
		},
		{
			"from": [6.49, 1, 2.37868],
			"to": [9.51, 3.12132, 4.5],
			"rotation": {"angle": 45, "axis": "x", "origin": [7.5, 1, 4.5]},
			"faces": {
				"north": {"uv": [2.5, 13.5, 4, 14.5], "texture": "#0"},
				"east": {"uv": [0, 15, 1, 16], "texture": "#0"},
				"south": {"uv": [13, 7, 14.5, 8], "texture": "#0"},
				"west": {"uv": [1, 15, 0, 16], "texture": "#0"},
				"down": {"uv": [15.5, 0, 14, 1], "texture": "#0"}
			}
		},
		{
			"from": [6.5, 1, 4.5],
			"to": [9.5, 4, 7.5],
			"rotation": {"angle": 0, "axis": "y", "origin": [7.5, 1, 5]},
			"faces": {
				"north": {"uv": [10.5, 0, 12, 1.5], "texture": "#0"},
				"east": {"uv": [10.5, 2, 12, 3.5], "texture": "#0"},
				"south": {"uv": [5.5, 10.5, 7, 12], "texture": "#0"},
				"west": {"uv": [12, 2, 10.5, 3.5], "texture": "#0"},
				"up": {"uv": [12.5, 7, 11, 5.5], "texture": "#0"},
				"down": {"uv": [3, 11.5, 1.5, 13], "texture": "#0"}
			}
		},
		{
			"from": [6.49, 1, 7.5],
			"to": [9.51, 3.12132, 9.62132],
			"rotation": {"angle": -45, "axis": "x", "origin": [7.5, 1, 7.5]},
			"faces": {
				"north": {"uv": [14, 4, 15.5, 5], "texture": "#0"},
				"east": {"uv": [1.5, 15, 2.5, 16], "texture": "#0"},
				"south": {"uv": [13, 8, 14.5, 9], "texture": "#0"},
				"west": {"uv": [2.5, 15, 1.5, 16], "texture": "#0"},
				"down": {"uv": [16, 3, 14.5, 4], "texture": "#0"}
			}
		},
		{
			"from": [7, 11, 5.5],
			"to": [9, 16, 7.5],
			"rotation": {"angle": 22.5, "axis": "x", "origin": [8, 11, 5.5]},
			"faces": {
				"north": {"uv": [9.5, 5.5, 10.5, 8], "texture": "#0"},
				"east": {"uv": [10, 8.5, 11, 11], "texture": "#0"},
				"south": {"uv": [0, 10.5, 1, 13], "texture": "#0"},
				"west": {"uv": [11, 8.5, 10, 11], "texture": "#0"}
			}
		},
		{
			"from": [5.99, 9.98671, 6.0873],
			"to": [10.01, 13.98671, 8.0873],
			"rotation": {"angle": 45, "axis": "x", "origin": [7.5, 13.98671, 8.0873]},
			"faces": {
				"north": {"uv": [0, 5.5, 2, 7.5], "texture": "#0"},
				"east": {"uv": [12.5, 0, 13.5, 2], "texture": "#0"},
				"south": {"uv": [5.5, 3.5, 7.5, 5.5], "texture": "#0"},
				"west": {"uv": [13.5, 0, 12.5, 2], "texture": "#0"},
				"up": {"uv": [13.5, 5, 11.5, 4], "texture": "#0"},
				"down": {"uv": [14.5, 2.5, 12.5, 3.5], "texture": "#0"}
			}
		},
		{
			"from": [6, 13.98671, 6.0873],
			"to": [10, 16.98671, 8.0873],
			"rotation": {"angle": 0, "axis": "y", "origin": [7.5, 13.98671, 8.0873]},
			"faces": {
				"north": {"uv": [8, 0, 10, 1.5], "texture": "#0"},
				"east": {"uv": [15, 5, 16, 6.5], "texture": "#0"},
				"south": {"uv": [8, 2, 10, 3.5], "texture": "#0"},
				"west": {"uv": [16, 5, 15, 6.5], "texture": "#0"},
				"up": {"uv": [14.5, 12.5, 12.5, 11.5], "texture": "#0"},
				"down": {"uv": [15, 5.5, 13, 6.5], "texture": "#0"}
			}
		},
		{
			"from": [10, 13.98671, 7.0873],
			"to": [16, 19.98671, 7.0973],
			"rotation": {"angle": -45, "axis": "y", "origin": [10, 13.98671, 7.0873]},
			"faces": {
				"north": {"uv": [4.5, 0.5, 7.5, 3.5], "texture": "#0"},
				"south": {"uv": [7.5, 0.5, 4.5, 3.5], "texture": "#0"}
			}
		},
		{
			"from": [0, 13.98671, 7.0873],
			"to": [6, 19.98671, 7.0973],
			"rotation": {"angle": 45, "axis": "y", "origin": [6, 13.98671, 7.0873]},
			"faces": {
				"north": {"uv": [7.5, 0.5, 4.5, 3.5], "texture": "#0"},
				"south": {"uv": [4.5, 0.5, 7.5, 3.5], "texture": "#0"}
			}
		},
		{
			"from": [6.5, 14.48671, 6.0773],
			"to": [10.5, 18.48671, 8.0973],
			"rotation": {"angle": 45, "axis": "z", "origin": [8, 15.98671, 7.0873]},
			"faces": {
				"north": {"uv": [5.5, 6, 7.5, 8], "texture": "#0"},
				"east": {"uv": [14.5, 7, 15.5, 9], "texture": "#0"},
				"south": {"uv": [0, 8, 2, 10], "texture": "#0"},
				"west": {"uv": [13, 9.5, 14, 11.5], "texture": "#0"},
				"up": {"uv": [2, 14.5, 0, 13.5], "texture": "#0"},
				"down": {"uv": [9, 11.5, 7, 12.5], "texture": "#0"}
			}
		},
		{
			"from": [6.98, 13.6194, 7.41342],
			"to": [9.01, 15.6194, 13.41342],
			"rotation": {"angle": -22.5, "axis": "x", "origin": [8, 15.6194, 7.41342]},
			"faces": {
				"north": {"uv": [13.5, 1, 14.5, 2], "texture": "#0"},
				"east": {"uv": [8, 4, 11, 5], "texture": "#0"},
				"south": {"uv": [3, 15, 4, 16], "texture": "#0"},
				"west": {"uv": [11, 4, 8, 5], "texture": "#0"},
				"up": {"uv": [3.5, 8.5, 2.5, 5.5], "texture": "#0"},
				"down": {"uv": [9, 5.5, 8, 8.5], "texture": "#0"}
			}
		},
		{
			"from": [6.5, 13.1194, 13.41342],
			"to": [9.5, 16.1194, 17.41342],
			"rotation": {"angle": -22.5, "axis": "x", "origin": [8, 15.6194, 7.41342]},
			"faces": {
				"north": {"uv": [14.5, 1, 16, 2.5], "texture": "#0"},
				"east": {"uv": [5.5, 8.5, 7.5, 10], "texture": "#0"},
				"south": {"uv": [11.5, 7.5, 13, 9], "texture": "#0"},
				"west": {"uv": [7.5, 8.5, 5.5, 10], "texture": "#0"},
				"up": {"uv": [4, 11, 2.5, 9], "texture": "#0"},
				"down": {"uv": [9.5, 9, 8, 11], "texture": "#0"}
			}
		},
		{
			"from": [8, -5, 18.5],
			"to": [8.03, 6, 19.5],
			"rotation": {"angle": 22.5, "axis": "x", "origin": [8.015, 6, 19.5]},
			"faces": {
				"east": {"uv": [4, 5.5, 4.5, 11], "texture": "#0"},
				"west": {"uv": [4, 5.5, 4.5, 11], "texture": "#0"}
			}
		},
		{
			"from": [8, 6, 18.5],
			"to": [8.03, 17, 19.5],
			"rotation": {"angle": -22.5, "axis": "x", "origin": [8.015, 6, 19.5]},
			"faces": {
				"east": {"uv": [4, 11, 4.5, 5.5], "texture": "#0"},
				"west": {"uv": [4, 11, 4.5, 5.5], "texture": "#0"}
			}
		},
		{
			"from": [8, 11.90817, 15.46087],
			"to": [8.02, 21.90817, 23.46087],
			"rotation": {"angle": 0, "axis": "y", "origin": [8, 15.6194, 7.41342]},
			"faces": {
				"east": {"uv": [0, 0, 4, 5], "texture": "#0"},
				"west": {"uv": [4, 0, 0, 5], "texture": "#0"}
			}
		},
		{
			"from": [8, -13.11351, 15.60215],
			"to": [8.02, -3.11351, 23.60215],
			"rotation": {"angle": 22.5, "axis": "x", "origin": [8.01, -5.11351, 17.60215]},
			"faces": {
				"east": {"uv": [0, 0, 4, 5], "texture": "#0"},
				"west": {"uv": [4, 0, 0, 5], "texture": "#0"}
			}
		},
		{
			"from": [0, -7.98671, 7.0873],
			"to": [6, -1.98671, 7.0973],
			"rotation": {"angle": 45, "axis": "y", "origin": [6, -1.98671, 7.0873]},
			"faces": {
				"north": {"uv": [7.5, 3.5, 4.5, 0.5], "texture": "#0"},
				"south": {"uv": [4.5, 3.5, 7.5, 0.5], "texture": "#0"}
			}
		},
		{
			"from": [10, -7.98671, 7.0873],
			"to": [16, -1.98671, 7.0973],
			"rotation": {"angle": -45, "axis": "y", "origin": [10, -1.98671, 7.0873]},
			"faces": {
				"north": {"uv": [4.5, 3.5, 7.5, 0.5], "texture": "#0"},
				"south": {"uv": [7.5, 3.5, 4.5, 0.5], "texture": "#0"}
			}
		},
		{
			"from": [6.5, -6.48671, 6.0773],
			"to": [10.5, -2.48671, 8.0973],
			"rotation": {"angle": -45, "axis": "z", "origin": [8, -3.98671, 7.0873]},
			"faces": {
				"north": {"uv": [5.5, 8, 7.5, 6], "texture": "#0"},
				"east": {"uv": [14.5, 9, 15.5, 7], "texture": "#0"},
				"south": {"uv": [0, 10, 2, 8], "texture": "#0"},
				"west": {"uv": [13, 11.5, 14, 9.5], "texture": "#0"},
				"up": {"uv": [9, 12.5, 7, 11.5], "texture": "#0"},
				"down": {"uv": [2, 13.5, 0, 14.5], "texture": "#0"}
			}
		},
		{
			"from": [6, -4.98671, 6.0873],
			"to": [10, -1.98671, 8.0873],
			"rotation": {"angle": 0, "axis": "y", "origin": [7.5, -1.98671, 8.0873]},
			"faces": {
				"north": {"uv": [8, 1.5, 10, 0], "texture": "#0"},
				"east": {"uv": [15, 6.5, 16, 5], "texture": "#0"},
				"south": {"uv": [8, 3.5, 10, 2], "texture": "#0"},
				"west": {"uv": [16, 6.5, 15, 5], "texture": "#0"},
				"up": {"uv": [15, 6.5, 13, 5.5], "texture": "#0"},
				"down": {"uv": [14.5, 11.5, 12.5, 12.5], "texture": "#0"}
			}
		},
		{
			"from": [5.99, -1.98671, 6.0873],
			"to": [10.01, 2.01329, 8.0873],
			"rotation": {"angle": -45, "axis": "x", "origin": [7.5, -1.98671, 8.0873]},
			"faces": {
				"north": {"uv": [0, 7.5, 2, 5.5], "texture": "#0"},
				"east": {"uv": [12.5, 2, 13.5, 0], "texture": "#0"},
				"south": {"uv": [5.5, 5.5, 7.5, 3.5], "texture": "#0"},
				"west": {"uv": [13.5, 2, 12.5, 0], "texture": "#0"},
				"up": {"uv": [14.5, 3.5, 12.5, 2.5], "texture": "#0"},
				"down": {"uv": [13.5, 4, 11.5, 5], "texture": "#0"}
			}
		},
		{
			"from": [7, -4, 5.5],
			"to": [9, 1, 7.5],
			"rotation": {"angle": -22.5, "axis": "x", "origin": [8, 1, 5.5]},
			"faces": {
				"north": {"uv": [9.5, 8, 10.5, 5.5], "texture": "#0"},
				"east": {"uv": [10, 11, 11, 8.5], "texture": "#0"},
				"south": {"uv": [0, 13, 1, 10.5], "texture": "#0"},
				"west": {"uv": [11, 11, 10, 8.5], "texture": "#0"}
			}
		},
		{
			"from": [6.98, -3.6194, 7.41342],
			"to": [9.01, -1.6194, 13.41342],
			"rotation": {"angle": 22.5, "axis": "x", "origin": [7, -3.6194, 7.41342]},
			"faces": {
				"north": {"uv": [13.5, 2, 14.5, 1], "texture": "#0"},
				"east": {"uv": [8, 5, 11, 4], "texture": "#0"},
				"south": {"uv": [3, 16, 4, 15], "texture": "#0"},
				"west": {"uv": [11, 5, 8, 4], "texture": "#0"},
				"up": {"uv": [9, 8.5, 8, 5.5], "texture": "#0"},
				"down": {"uv": [3.5, 5.5, 2.5, 8.5], "texture": "#0"}
			}
		},
		{
			"from": [6.5, -6.56774, 13.72206],
			"to": [9.5, -3.56774, 17.72206],
			"rotation": {"angle": 22.5, "axis": "x", "origin": [9, -4.06774, 13.72206]},
			"faces": {
				"north": {"uv": [14.5, 2.5, 16, 1], "texture": "#0"},
				"east": {"uv": [5.5, 10, 7.5, 8.5], "texture": "#0"},
				"south": {"uv": [11.5, 9, 13, 7.5], "texture": "#0"},
				"west": {"uv": [7.5, 10, 5.5, 8.5], "texture": "#0"},
				"up": {"uv": [9.5, 11, 8, 9], "texture": "#0"},
				"down": {"uv": [4, 9, 2.5, 11], "texture": "#0"}
			}
		},
		{
			"from": [6.55, 3.5, -0.5],
			"to": [6.6, 8.5, 19.5],
			"rotation": {"angle": 0, "axis": "y", "origin": [1.15, 5.5, 3.5]},
			"faces": {
				"east": {"uv": [5, 13.5, 15, 16], "texture": "#0"},
				"west": {"uv": [15, 13.5, 5, 16], "texture": "#0"}
			}
		},
		{
			"from": [4.075, 5.975, -0.5],
			"to": [9.075, 6.025, 19.5],
			"rotation": {"angle": 0, "axis": "y", "origin": [1.15, 5.5, 3.5]},
			"faces": {
				"up": {"uv": [5, 13.5, 15, 16], "rotation": 270, "texture": "#0"},
				"down": {"uv": [15, 13.5, 5, 16], "rotation": 270, "texture": "#0"}
			}
		},
		{
			"from": [6.05, 5.5, 3.5],
			"to": [7.05, 6.5, 18.5],
			"rotation": {"angle": 0, "axis": "y", "origin": [1.15, 5.5, 3.5]},
			"faces": {
				"north": {"uv": [12.5, 14.5, 13, 15], "texture": "#0"},
				"east": {"uv": [5.5, 14.5, 13, 15], "texture": "#0"},
				"south": {"uv": [5.5, 14.5, 6, 15], "texture": "#0"},
				"west": {"uv": [13, 14.5, 5.5, 15], "texture": "#0"},
				"up": {"uv": [13, 14.5, 5.5, 15], "rotation": 90, "texture": "#0"},
				"down": {"uv": [5.5, 14.5, 13, 15], "rotation": 90, "texture": "#0"}
			}
		}
	],
	"gui_light": "front",
	"display": {
		"thirdperson_righthand": {
			"rotation": [0, -3, 0],
			"translation": [-1.5, -0.5, 2],
			"scale": [0.5, 0.5, 0.5]
		},
		"thirdperson_lefthand": {
			"rotation": [0, -3, 0],
			"translation": [-1.5, -0.5, 2],
			"scale": [0.5, 0.5, 0.5]
		},
		"firstperson_righthand": {
			"rotation": [27, 31, 3],
			"translation": [2.25, 5, -1],
			"scale": [0.54883, 0.54883, 0.54883]
		},
		"firstperson_lefthand": {
			"rotation": [27, 31, 3],
			"translation": [2.25, 5, -1],
			"scale": [0.54883, 0.54883, 0.54883]
		},
		"gui": {
			"rotation": [-57, 135, 71],
			"translation": [-1.5, 2.5, 0],
			"scale": [0.5, 0.5, 0.5]
		}
	},
	"groups": [
		{
			"name": "group",
			"origin": [9, -3.06774, 13.22206],
			"color": 0,
			"children": [
				0,
				1,
				2,
				3,
				4,
				5,
				6,
				7,
				8,
				9,
				10,
				11,
				12,
				13,
				14,
				15,
				16,
				17,
				18,
				19,
				20,
				21,
				22,
				23,
				24,
				25,
				26,
				{
					"name": "arrow",
					"origin": [0, 0, 0],
					"color": 0,
					"children": [27, 28, 29]
				}
			]
		}
	]
}