{
	"credit": "Made with Blockbench",
	"texture_size": [128, 128],
	"textures": {
		"0": "elitecreatures:knight_assortment/knight_chest",
		"particle": "elitecreatures:knight_assortment/knight_chest"
	},
	"elements": [
		{
			"from": [12.49523, 14.06774, 0.02],
			"to": [16.49523, 24.06774, 15.99],
			"rotation": {"angle": -22.5, "axis": "z", "origin": [8.1, 9, 15]},
			"faces": {
				"north": {"uv": [4.875, 7, 5.375, 8.25], "texture": "#0"},
				"east": {"uv": [0, 4.25, 2, 5.5], "texture": "#0"},
				"south": {"uv": [5.375, 7, 4.875, 8.25], "texture": "#0"},
				"west": {"uv": [5, 0, 7, 1.25], "texture": "#0"},
				"up": {"uv": [4.75, 7, 4.25, 5], "texture": "#0"},
				"down": {"uv": [1.625, 5.625, 1.125, 7.625], "texture": "#0"}
			}
		},
		{
			"from": [17.8624, 12.54661, 0],
			"to": [21.8624, 16.54661, 16.01],
			"rotation": {"angle": 22.5, "axis": "z", "origin": [8.1, 9, 15]},
			"faces": {
				"north": {"uv": [7.625, 0, 8.125, 0.5], "texture": "#0"},
				"east": {"uv": [4.875, 5.875, 6.875, 6.375], "texture": "#0"},
				"south": {"uv": [8.125, 0, 7.625, 0.5], "texture": "#0"},
				"west": {"uv": [6.125, 4, 8.125, 4.5], "texture": "#0"},
				"up": {"uv": [2.25, 8.375, 1.75, 6.375], "texture": "#0"},
				"down": {"uv": [2.875, 6.375, 2.375, 8.375], "texture": "#0"}
			}
		},
		{
			"from": [6, 12, 0.02],
			"to": [10, 22, 15.99],
			"rotation": {"angle": 0, "axis": "y", "origin": [8, 9, 15]},
			"faces": {
				"north": {"uv": [5.5, 7, 6, 8.25], "texture": "#0"},
				"east": {"uv": [5, 1.375, 7, 2.625], "texture": "#0"},
				"south": {"uv": [5.5, 7, 6, 8.25], "texture": "#0"},
				"west": {"uv": [2.125, 5, 4.125, 6.25], "texture": "#0"},
				"up": {"uv": [3.5, 8.375, 3, 6.375], "texture": "#0"},
				"down": {"uv": [4.125, 6.375, 3.625, 8.375], "texture": "#0"}
			}
		},
		{
			"from": [15.77817, 16.77817, 0],
			"to": [18.6066, 19.6066, 16.01],
			"rotation": {"angle": 45, "axis": "z", "origin": [8, 9, 15]},
			"faces": {
				"north": {"uv": [1, 8.375, 1.375, 8.75], "texture": "#0"},
				"east": {"uv": [4.875, 6.5, 6.875, 6.875], "texture": "#0"},
				"south": {"uv": [1.375, 8.375, 1, 8.75], "texture": "#0"},
				"west": {"uv": [6.875, 2.75, 8.875, 3.125], "texture": "#0"},
				"up": {"uv": [0.375, 9, 0, 7], "texture": "#0"},
				"down": {"uv": [0.875, 7, 0.5, 9], "texture": "#0"}
			}
		},
		{
			"from": [4.49523, 11.26774, 1],
			"to": [12.49523, 21.26774, 15],
			"rotation": {"angle": -22.5, "axis": "z", "origin": [8.1, 9, 15]},
			"faces": {
				"north": {"uv": [0, 5.625, 1, 6.875], "texture": "#0"},
				"south": {"uv": [1, 5.625, 0, 6.875], "texture": "#0"},
				"up": {"uv": [6, 5.75, 5, 4], "texture": "#0"}
			}
		},
		{
			"from": [-5.8624, 12.54661, 0],
			"to": [-1.8624, 16.54661, 16.01],
			"rotation": {"angle": -22.5, "axis": "z", "origin": [7.9, 9, 15]},
			"faces": {
				"north": {"uv": [8.125, 0, 7.625, 0.5], "texture": "#0"},
				"east": {"uv": [8.125, 4, 6.125, 4.5], "texture": "#0"},
				"south": {"uv": [7.625, 0, 8.125, 0.5], "texture": "#0"},
				"west": {"uv": [6.875, 5.875, 4.875, 6.375], "texture": "#0"},
				"up": {"uv": [1.75, 8.375, 2.25, 6.375], "texture": "#0"},
				"down": {"uv": [2.375, 6.375, 2.875, 8.375], "texture": "#0"}
			}
		},
		{
			"from": [-0.49523, 14.06774, 0.02],
			"to": [3.50477, 24.06774, 15.99],
			"rotation": {"angle": 22.5, "axis": "z", "origin": [7.9, 9, 15]},
			"faces": {
				"north": {"uv": [5.375, 7, 4.875, 8.25], "texture": "#0"},
				"east": {"uv": [7, 0, 5, 1.25], "texture": "#0"},
				"south": {"uv": [4.875, 7, 5.375, 8.25], "texture": "#0"},
				"west": {"uv": [2, 4.25, 0, 5.5], "texture": "#0"},
				"up": {"uv": [4.25, 7, 4.75, 5], "texture": "#0"},
				"down": {"uv": [1.125, 5.625, 1.625, 7.625], "texture": "#0"}
			}
		},
		{
			"from": [-3.24386, 13.64243, 12.99],
			"to": [-4.24386, 6.64243, 3.02],
			"rotation": {"angle": 22.5, "axis": "z", "origin": [-12.63909, 14.71017, -11.96]},
			"faces": {
				"north": {"uv": [9.125, 0.875, 9, 0], "texture": "#0"},
				"south": {"uv": [9.125, 0.875, 9, 0], "texture": "#0"},
				"west": {"uv": [1.25, 10, 0, 9.125], "texture": "#0"},
				"down": {"uv": [9.125, 2.25, 9, 1], "texture": "#0"}
			}
		},
		{
			"from": [20.24386, 13.64243, 12.99],
			"to": [19.24386, 6.64243, 3.02],
			"rotation": {"angle": -22.5, "axis": "z", "origin": [28.63909, 14.71017, -11.96]},
			"faces": {
				"north": {"uv": [9, 0.875, 9.125, 0], "texture": "#0"},
				"east": {"uv": [0, 10, 1.25, 9.125], "texture": "#0"},
				"south": {"uv": [9, 0.875, 9.125, 0], "texture": "#0"},
				"down": {"uv": [9, 2.25, 9.125, 1], "texture": "#0"}
			}
		},
		{
			"from": [3.50477, 11.26774, 1],
			"to": [11.50477, 21.26774, 15],
			"rotation": {"angle": 22.5, "axis": "z", "origin": [7.9, 9, 15]},
			"faces": {
				"north": {"uv": [1, 5.625, 0, 6.875], "texture": "#0"},
				"south": {"uv": [0, 5.625, 1, 6.875], "texture": "#0"},
				"up": {"uv": [5, 5.75, 6, 4], "texture": "#0"}
			}
		},
		{
			"from": [-2, 9, 0],
			"to": [18, 12, 16],
			"rotation": {"angle": 0, "axis": "y", "origin": [8, 9, 15]},
			"faces": {
				"north": {"uv": [6.125, 4.625, 8.625, 5], "texture": "#0"},
				"east": {"uv": [6.875, 3.25, 8.875, 3.625], "texture": "#0"},
				"south": {"uv": [6.125, 5.125, 8.625, 5.5], "texture": "#0"},
				"west": {"uv": [8.875, 3.25, 6.875, 3.625], "texture": "#0"},
				"up": {"uv": [2.5, 2, 0, 0], "texture": "#0"},
				"down": {"uv": [2.5, 2.125, 0, 4.125], "texture": "#0"}
			}
		},
		{
			"from": [18, 9, 6],
			"to": [21, 13, 10],
			"rotation": {"angle": 22.5, "axis": "z", "origin": [18, 9, 8]},
			"faces": {
				"north": {"uv": [2.125, 4.25, 2.5, 4.75], "texture": "#0"},
				"east": {"uv": [7.625, 0.625, 8.125, 1.125], "texture": "#0"},
				"south": {"uv": [7, 7.75, 7.375, 8.25], "texture": "#0"},
				"west": {"uv": [7.625, 1.25, 8.125, 1.75], "texture": "#0"},
				"up": {"uv": [8.5, 6.75, 8.125, 6.25], "texture": "#0"},
				"down": {"uv": [8.5, 6.875, 8.125, 7.375], "texture": "#0"}
			}
		},
		{
			"from": [18, 5.5, 5],
			"to": [20, 11.5, 11],
			"rotation": {"angle": 22.5, "axis": "z", "origin": [18, 9, 8]},
			"faces": {
				"north": {"uv": [8.125, 7.5, 8.375, 8.25], "texture": "#0"},
				"east": {"uv": [7, 5.625, 7.75, 6.375], "texture": "#0"},
				"south": {"uv": [8.25, 0, 8.5, 0.75], "texture": "#0"},
				"west": {"uv": [6.125, 7, 6.875, 7.75], "texture": "#0"},
				"up": {"uv": [8.5, 1.625, 8.25, 0.875], "texture": "#0"},
				"down": {"uv": [8.5, 1.75, 8.25, 2.5], "texture": "#0"}
			}
		},
		{
			"from": [16.24096, 1.39796, 10],
			"to": [14.24096, -2.60204, 6],
			"rotation": {"angle": 22.5, "axis": "z", "origin": [-6.75904, 13.89796, 6]},
			"faces": {
				"north": {"uv": [9.5, 1.125, 9.25, 0.625], "texture": "#0"},
				"south": {"uv": [9.25, 1.125, 9.5, 0.625], "texture": "#0"},
				"up": {"uv": [8.875, 2.375, 9.125, 2.875], "texture": "#0"},
				"down": {"uv": [9.25, 0.5, 9.5, 0], "texture": "#0"}
			}
		},
		{
			"from": [-4, 5.5, 5],
			"to": [-2, 11.5, 11],
			"rotation": {"angle": -22.5, "axis": "z", "origin": [-2, 9, 8]},
			"faces": {
				"north": {"uv": [8.375, 7.5, 8.125, 8.25], "texture": "#0"},
				"east": {"uv": [6.875, 7, 6.125, 7.75], "texture": "#0"},
				"south": {"uv": [8.5, 0, 8.25, 0.75], "texture": "#0"},
				"west": {"uv": [7.75, 5.625, 7, 6.375], "texture": "#0"},
				"up": {"uv": [8.25, 1.625, 8.5, 0.875], "texture": "#0"},
				"down": {"uv": [8.25, 1.75, 8.5, 2.5], "texture": "#0"}
			}
		},
		{
			"from": [1.75904, 1.39796, 10],
			"to": [-0.24096, -2.60204, 6],
			"rotation": {"angle": -22.5, "axis": "z", "origin": [22.75904, 13.89796, 6]},
			"faces": {
				"north": {"uv": [9.25, 1.125, 9.5, 0.625], "texture": "#0"},
				"south": {"uv": [9.5, 1.125, 9.25, 0.625], "texture": "#0"},
				"up": {"uv": [9.125, 2.375, 8.875, 2.875], "texture": "#0"},
				"down": {"uv": [9.5, 0.5, 9.25, 0], "texture": "#0"}
			}
		},
		{
			"from": [-5, 9, 6],
			"to": [-2, 13, 10],
			"rotation": {"angle": -22.5, "axis": "z", "origin": [-2, 9, 8]},
			"faces": {
				"north": {"uv": [2.5, 4.25, 2.125, 4.75], "texture": "#0"},
				"east": {"uv": [8.125, 1.25, 7.625, 1.75], "texture": "#0"},
				"south": {"uv": [7.375, 7.75, 7, 8.25], "texture": "#0"},
				"west": {"uv": [8.125, 0.625, 7.625, 1.125], "texture": "#0"},
				"up": {"uv": [8.125, 6.75, 8.5, 6.25], "texture": "#0"},
				"down": {"uv": [8.125, 6.875, 8.5, 7.375], "texture": "#0"}
			}
		},
		{
			"from": [6, 7, -2],
			"to": [10, 13, 0],
			"rotation": {"angle": 0, "axis": "y", "origin": [8, 9, -1]},
			"faces": {
				"north": {"uv": [7.5, 6.5, 8, 7.25], "texture": "#0"},
				"east": {"uv": [8.25, 3.75, 8.5, 4.5], "texture": "#0"},
				"south": {"uv": [7.5, 7.375, 8, 8.125], "texture": "#0"},
				"west": {"uv": [7.5, 8.25, 7.75, 9], "texture": "#0"},
				"up": {"uv": [4, 8.75, 3.5, 8.5], "texture": "#0"},
				"down": {"uv": [9, 5.625, 8.5, 5.875], "texture": "#0"}
			}
		},
		{
			"from": [10, 7, -2.01],
			"to": [12, 9, 0.01],
			"rotation": {"angle": 45, "axis": "z", "origin": [10, 7, -1]},
			"faces": {
				"north": {"uv": [1.75, 5.625, 2, 5.875], "texture": "#0"},
				"east": {"uv": [1.75, 6, 2, 6.25], "texture": "#0"},
				"south": {"uv": [5.75, 8.375, 6, 8.625], "texture": "#0"},
				"west": {"uv": [6.125, 8.5, 6.375, 8.75], "texture": "#0"},
				"up": {"uv": [8.75, 7.75, 8.5, 7.5], "texture": "#0"},
				"down": {"uv": [8.75, 7.875, 8.5, 8.125], "texture": "#0"}
			}
		},
		{
			"from": [4, 7, -2.01],
			"to": [6, 9, 0.01],
			"rotation": {"angle": -45, "axis": "z", "origin": [6, 7, -1]},
			"faces": {
				"north": {"uv": [8.625, 0, 8.875, 0.25], "texture": "#0"},
				"east": {"uv": [8.625, 0.375, 8.875, 0.625], "texture": "#0"},
				"south": {"uv": [8.625, 0.75, 8.875, 1], "texture": "#0"},
				"west": {"uv": [8.625, 1.125, 8.875, 1.375], "texture": "#0"},
				"up": {"uv": [8.875, 1.75, 8.625, 1.5], "texture": "#0"},
				"down": {"uv": [8.875, 1.875, 8.625, 2.125], "texture": "#0"}
			}
		},
		{
			"from": [15, 0, 0],
			"to": [18, 9, 3],
			"rotation": {"angle": 0, "axis": "y", "origin": [8, 0, 8]},
			"faces": {
				"north": {"uv": [7, 6.5, 7.375, 7.625], "texture": "#0"},
				"east": {"uv": [7.125, 0, 7.5, 1.125], "texture": "#0"},
				"south": {"uv": [7.125, 1.25, 7.5, 2.375], "texture": "#0"},
				"west": {"uv": [4.25, 7.125, 4.625, 8.25], "texture": "#0"},
				"up": {"uv": [4.625, 8.75, 4.25, 8.375], "texture": "#0"},
				"down": {"uv": [5.125, 8.375, 4.75, 8.75], "texture": "#0"}
			}
		},
		{
			"from": [-1, 0, 1],
			"to": [17, 9, 15],
			"rotation": {"angle": 0, "axis": "y", "origin": [8, 0, 8]},
			"faces": {
				"north": {"uv": [2.625, 3.75, 4.875, 4.875], "texture": "#0"},
				"east": {"uv": [5, 2.75, 6.75, 3.875], "texture": "#0"},
				"south": {"uv": [2.625, 3.75, 4.875, 4.875], "texture": "#0"},
				"west": {"uv": [5, 2.75, 6.75, 3.875], "texture": "#0"},
				"up": {"uv": [4.875, 1.75, 2.625, 0], "texture": "#0"},
				"down": {"uv": [4.875, 1.875, 2.625, 3.625], "texture": "#0"}
			}
		},
		{
			"from": [12, 0, -0.01],
			"to": [15, 3.13, 0.99],
			"rotation": {"angle": -45, "axis": "z", "origin": [15, 0, 0.99]},
			"faces": {
				"north": {"uv": [5.25, 8.375, 5.625, 8.75], "texture": "#0"},
				"east": {"uv": [6.75, 7.875, 6.875, 8.25], "texture": "#0"},
				"south": {"uv": [6.75, 8.375, 7.125, 8.75], "texture": "#0"},
				"west": {"uv": [8.625, 2.25, 8.75, 2.625], "texture": "#0"},
				"up": {"uv": [8.125, 2.625, 7.75, 2.5], "texture": "#0"},
				"down": {"uv": [9, 4.375, 8.625, 4.5], "texture": "#0"}
			}
		},
		{
			"from": [18, 0, -0.01],
			"to": [21, 4.1, 3.01],
			"rotation": {"angle": 45, "axis": "z", "origin": [18, 0, 0.99]},
			"faces": {
				"north": {"uv": [7.875, 8.25, 8.25, 8.75], "texture": "#0"},
				"east": {"uv": [8.375, 8.25, 8.75, 8.75], "texture": "#0"},
				"south": {"uv": [1.5, 8.375, 1.875, 8.875], "texture": "#0"},
				"down": {"uv": [3.375, 8.5, 3, 8.875], "texture": "#0"}
			}
		},
		{
			"from": [-2, 0, 0],
			"to": [1, 9, 3],
			"rotation": {"angle": 0, "axis": "y", "origin": [8, 0, 8]},
			"faces": {
				"north": {"uv": [7.375, 6.5, 7, 7.625], "texture": "#0"},
				"east": {"uv": [4.625, 7.125, 4.25, 8.25], "texture": "#0"},
				"south": {"uv": [7.5, 1.25, 7.125, 2.375], "texture": "#0"},
				"west": {"uv": [7.5, 0, 7.125, 1.125], "texture": "#0"},
				"up": {"uv": [4.25, 8.75, 4.625, 8.375], "texture": "#0"},
				"down": {"uv": [4.75, 8.375, 5.125, 8.75], "texture": "#0"}
			}
		},
		{
			"from": [-5, 0, -0.01],
			"to": [-2, 4.1, 3.01],
			"rotation": {"angle": -45, "axis": "z", "origin": [-2, 0, 0.99]},
			"faces": {
				"north": {"uv": [8.25, 8.25, 7.875, 8.75], "texture": "#0"},
				"south": {"uv": [1.875, 8.375, 1.5, 8.875], "texture": "#0"},
				"west": {"uv": [8.75, 8.25, 8.375, 8.75], "texture": "#0"},
				"down": {"uv": [3, 8.5, 3.375, 8.875], "texture": "#0"}
			}
		},
		{
			"from": [1, 0, -0.01],
			"to": [4, 3.13, 0.99],
			"rotation": {"angle": 45, "axis": "z", "origin": [1, 0, 0.99]},
			"faces": {
				"north": {"uv": [5.625, 8.375, 5.25, 8.75], "texture": "#0"},
				"east": {"uv": [8.75, 2.25, 8.625, 2.625], "texture": "#0"},
				"south": {"uv": [7.125, 8.375, 6.75, 8.75], "texture": "#0"},
				"west": {"uv": [6.875, 7.875, 6.75, 8.25], "texture": "#0"},
				"up": {"uv": [7.75, 2.625, 8.125, 2.5], "texture": "#0"},
				"down": {"uv": [8.625, 4.375, 9, 4.5], "texture": "#0"}
			}
		},
		{
			"from": [-2, 0, 13],
			"to": [1, 9, 16],
			"rotation": {"angle": 0, "axis": "y", "origin": [8, 0, 8]},
			"faces": {
				"north": {"uv": [7.125, 1.25, 7.5, 2.375], "texture": "#0"},
				"east": {"uv": [4.25, 7.125, 4.625, 8.25], "texture": "#0"},
				"south": {"uv": [7, 6.5, 7.375, 7.625], "texture": "#0"},
				"west": {"uv": [7.125, 0, 7.5, 1.125], "texture": "#0"},
				"up": {"uv": [4.25, 8.375, 4.625, 8.75], "texture": "#0"},
				"down": {"uv": [4.75, 8.75, 5.125, 8.375], "texture": "#0"}
			}
		},
		{
			"from": [-5, 0, 12.99],
			"to": [-2, 4.1, 16.01],
			"rotation": {"angle": -45, "axis": "z", "origin": [-2, 0, 15.01]},
			"faces": {
				"north": {"uv": [1.5, 8.375, 1.875, 8.875], "texture": "#0"},
				"south": {"uv": [7.875, 8.25, 8.25, 8.75], "texture": "#0"},
				"west": {"uv": [8.375, 8.25, 8.75, 8.75], "texture": "#0"},
				"down": {"uv": [3, 8.875, 3.375, 8.5], "texture": "#0"}
			}
		},
		{
			"from": [1, 0, 15.01],
			"to": [4, 3.13, 16.01],
			"rotation": {"angle": 45, "axis": "z", "origin": [1, 0, 15.01]},
			"faces": {
				"north": {"uv": [6.75, 8.375, 7.125, 8.75], "texture": "#0"},
				"east": {"uv": [8.625, 2.25, 8.75, 2.625], "texture": "#0"},
				"south": {"uv": [5.25, 8.375, 5.625, 8.75], "texture": "#0"},
				"west": {"uv": [6.75, 7.875, 6.875, 8.25], "texture": "#0"},
				"up": {"uv": [7.75, 2.5, 8.125, 2.625], "texture": "#0"},
				"down": {"uv": [8.625, 4.5, 9, 4.375], "texture": "#0"}
			}
		},
		{
			"from": [15, 0, 13],
			"to": [18, 9, 16],
			"rotation": {"angle": 0, "axis": "y", "origin": [8, 0, 8]},
			"faces": {
				"north": {"uv": [7.5, 1.25, 7.125, 2.375], "texture": "#0"},
				"east": {"uv": [7.5, 0, 7.125, 1.125], "texture": "#0"},
				"south": {"uv": [7.375, 6.5, 7, 7.625], "texture": "#0"},
				"west": {"uv": [4.625, 7.125, 4.25, 8.25], "texture": "#0"},
				"up": {"uv": [4.625, 8.375, 4.25, 8.75], "texture": "#0"},
				"down": {"uv": [5.125, 8.75, 4.75, 8.375], "texture": "#0"}
			}
		},
		{
			"from": [18, 0, 12.99],
			"to": [21, 4.1, 16.01],
			"rotation": {"angle": 45, "axis": "z", "origin": [18, 0, 15.01]},
			"faces": {
				"north": {"uv": [1.875, 8.375, 1.5, 8.875], "texture": "#0"},
				"east": {"uv": [8.75, 8.25, 8.375, 8.75], "texture": "#0"},
				"south": {"uv": [8.25, 8.25, 7.875, 8.75], "texture": "#0"},
				"down": {"uv": [3.375, 8.875, 3, 8.5], "texture": "#0"}
			}
		},
		{
			"from": [12, 0, 15.01],
			"to": [15, 3.13, 16.01],
			"rotation": {"angle": -45, "axis": "z", "origin": [15, 0, 15.01]},
			"faces": {
				"north": {"uv": [7.125, 8.375, 6.75, 8.75], "texture": "#0"},
				"east": {"uv": [6.875, 7.875, 6.75, 8.25], "texture": "#0"},
				"south": {"uv": [5.625, 8.375, 5.25, 8.75], "texture": "#0"},
				"west": {"uv": [8.75, 2.25, 8.625, 2.625], "texture": "#0"},
				"up": {"uv": [8.125, 2.5, 7.75, 2.625], "texture": "#0"},
				"down": {"uv": [9, 4.5, 8.625, 4.375], "texture": "#0"}
			}
		},
		{
			"from": [6, 5, 0],
			"to": [10, 9, 1],
			"rotation": {"angle": 0, "axis": "y", "origin": [8, 0, 8]},
			"faces": {
				"north": {"uv": [7.625, 1.875, 8.125, 2.375], "texture": "#0"},
				"east": {"uv": [7.25, 8.375, 7.375, 8.875], "texture": "#0"},
				"south": {"uv": [1, 7.75, 1.5, 8.25], "texture": "#0"},
				"west": {"uv": [6.5, 8.5, 6.625, 9], "texture": "#0"},
				"up": {"uv": [6.625, 5.75, 6.125, 5.625], "texture": "#0"},
				"down": {"uv": [7.375, 3.75, 6.875, 3.875], "texture": "#0"}
			}
		},
		{
			"from": [6, 2.3, -0.02],
			"to": [10, 6.3, 0.98],
			"rotation": {"angle": 45, "axis": "z", "origin": [8, 4.3, 1.48]},
			"faces": {
				"north": {"uv": [7.875, 5.625, 8.375, 6.125], "texture": "#0"},
				"east": {"uv": [8.625, 3.75, 8.75, 4.25], "texture": "#0"},
				"south": {"uv": [6.125, 7.875, 6.625, 8.375], "texture": "#0"},
				"west": {"uv": [8.625, 6, 8.75, 6.5], "texture": "#0"},
				"up": {"uv": [7.625, 2.625, 7.125, 2.5], "texture": "#0"},
				"down": {"uv": [8, 3.75, 7.5, 3.875], "texture": "#0"}
			}
		},
		{
			"from": [6, 5, 15],
			"to": [10, 9, 16],
			"rotation": {"angle": 0, "axis": "y", "origin": [8, 0, 8]},
			"faces": {
				"north": {"uv": [1.5, 7.75, 1, 8.25], "texture": "#0"},
				"east": {"uv": [7.375, 8.375, 7.25, 8.875], "texture": "#0"},
				"south": {"uv": [8.125, 1.875, 7.625, 2.375], "texture": "#0"},
				"west": {"uv": [6.625, 8.5, 6.5, 9], "texture": "#0"},
				"up": {"uv": [6.625, 5.625, 6.125, 5.75], "texture": "#0"},
				"down": {"uv": [7.375, 3.875, 6.875, 3.75], "texture": "#0"}
			}
		},
		{
			"from": [6, 2.3, 15.02],
			"to": [10, 6.3, 16.02],
			"rotation": {"angle": 45, "axis": "z", "origin": [8, 4.3, 14.52]},
			"faces": {
				"north": {"uv": [6.625, 7.875, 6.125, 8.375], "texture": "#0"},
				"east": {"uv": [8.75, 3.75, 8.625, 4.25], "texture": "#0"},
				"south": {"uv": [8.375, 5.625, 7.875, 6.125], "texture": "#0"},
				"west": {"uv": [8.75, 6, 8.625, 6.5], "texture": "#0"},
				"up": {"uv": [7.625, 2.5, 7.125, 2.625], "texture": "#0"},
				"down": {"uv": [8, 3.875, 7.5, 3.75], "texture": "#0"}
			}
		}
	],
	"gui_light": "front",
	"display": {
		"thirdperson_righthand": {
			"rotation": [60.75, 0, 0],
			"translation": [0, 2.5, 0],
			"scale": [0.42773, 0.42773, 0.42773]
		},
		"thirdperson_lefthand": {
			"rotation": [60.75, 0, 0],
			"translation": [0, 2.5, 0],
			"scale": [0.42773, 0.42773, 0.42773]
		},
		"firstperson_righthand": {
			"rotation": [-180, 41.75, -180],
			"translation": [12.25, -8, -18.5],
			"scale": [0.80469, 0.80469, 0.80469]
		},
		"firstperson_lefthand": {
			"rotation": [-180, 41.75, -180],
			"translation": [12.25, -8, -18.5],
			"scale": [0.80469, 0.80469, 0.80469]
		},
		"ground": {
			"translation": [0, 0.25, 0],
			"scale": [0.54492, 0.54492, 0.54492]
		},
		"gui": {
			"rotation": [16, 159, 0],
			"translation": [0.25, -2.5, 0],
			"scale": [0.5, 0.5, 0.5]
		},
		"head": {
			"translation": [0, -32.5, -0.75],
			"scale": [1.2, 1.2, 1.2]
		},
		"fixed": {
			"rotation": [-90, 0, 0],
			"translation": [0, 0, -13.75],
			"scale": [1.8, 1.8, 1.8]
		}
	},
	"groups": [
		{
			"name": "group",
			"origin": [8, 8, 8],
			"color": 0,
			"children": [
				{
					"name": "top",
					"origin": [8, 9, 15],
					"color": 0,
					"children": [0, 1, 2, 3, 4, 5, 6, 7, 8, 9, 10, 11, 12, 13, 14, 15, 16, 17, 18, 19]
				},
				{
					"name": "bottom",
					"origin": [8, 0, 8],
					"color": 0,
					"children": [20, 21, 22, 23, 24, 25, 26, 27, 28, 29, 30, 31, 32, 33, 34, 35, 36]
				}
			]
		}
	]
}