{
	"credit": "Made with Blockbench",
	"texture_size": [64, 64],
	"textures": {
		"0": "elitecreatures:knight_assortment/knight_crossbow",
		"particle": "elitecreatures:knight_assortment/knight_crossbow"
	},
	"elements": [
		{
			"from": [6.5, 0, -1],
			"to": [9.5, 4, 17],
			"rotation": {"angle": 0, "axis": "y", "origin": [0, 1, 0]},
			"faces": {
				"north": {"uv": [0, 6, 0.75, 7], "texture": "#0", "cullface": "north"},
				"east": {"uv": [4.5, 0, 0, 1], "texture": "#0"},
				"south": {"uv": [1, 6, 1.75, 7], "texture": "#0", "cullface": "north"},
				"west": {"uv": [0, 0, 4.5, 1], "texture": "#0"},
				"up": {"uv": [0.75, 5.75, 0, 1.25], "texture": "#0"},
				"down": {"uv": [1.75, 1.25, 1, 5.75], "texture": "#0"}
			}
		},
		{
			"from": [6.49, 0, 15],
			"to": [9.51, 4, 23],
			"rotation": {"angle": 45, "axis": "x", "origin": [6.5, 4, 17]},
			"faces": {
				"north": {"uv": [6.25, 0, 7, 1], "texture": "#0", "cullface": "north"},
				"east": {"uv": [4, 1.25, 2, 2.25], "texture": "#0"},
				"south": {"uv": [2, 6.25, 2.75, 7.25], "texture": "#0", "cullface": "north"},
				"west": {"uv": [2, 1.25, 4, 2.25], "texture": "#0"},
				"up": {"uv": [2.75, 4.5, 2, 2.5], "texture": "#0"},
				"down": {"uv": [3.75, 2.5, 3, 4.5], "texture": "#0"}
			}
		},
		{
			"from": [4.5, 4, -1],
			"to": [6.5, 6, 3],
			"rotation": {"angle": 0, "axis": "y", "origin": [-3.5, 3, 0]},
			"faces": {
				"north": {"uv": [2, 8.5, 2.5, 9], "texture": "#0", "cullface": "north"},
				"east": {"uv": [7.75, 4, 8.75, 4.5], "texture": "#0"},
				"south": {"uv": [8.75, 2.75, 9.25, 3.25], "texture": "#0", "cullface": "north"},
				"west": {"uv": [4, 8, 5, 8.5], "texture": "#0"},
				"up": {"uv": [8.5, 6.5, 8, 5.5], "texture": "#0"},
				"down": {"uv": [6.75, 8, 6.25, 9], "texture": "#0"}
			}
		},
		{
			"from": [4.48, 4.65, -1],
			"to": [6.52, 8.65, 3],
			"rotation": {"angle": -45, "axis": "x", "origin": [5.5, 6.65, 1]},
			"faces": {
				"north": {"uv": [7, 8, 7.5, 9], "texture": "#0", "cullface": "north"},
				"east": {"uv": [5.25, 5.5, 6.25, 6.5], "texture": "#0"},
				"south": {"uv": [7.75, 8, 8.25, 9], "texture": "#0", "cullface": "north"},
				"west": {"uv": [5.75, 1.25, 6.75, 2.25], "texture": "#0"},
				"up": {"uv": [0.5, 9.25, 0, 8.25], "texture": "#0"},
				"down": {"uv": [8.75, 0, 8.25, 1], "texture": "#0"}
			}
		},
		{
			"from": [4.48, 5.47843, 1],
			"to": [4.52, 11.47843, 8],
			"rotation": {"angle": -45, "axis": "y", "origin": [4.5, 9.47843, 1]},
			"faces": {
				"east": {"uv": [1.75, 9.75, 0, 11.25], "texture": "#0"},
				"west": {"uv": [0, 9.75, 1.75, 11.25], "texture": "#0"}
			}
		},
		{
			"from": [11.48, 5.47843, 1],
			"to": [11.52, 11.47843, 8],
			"rotation": {"angle": 45, "axis": "y", "origin": [11.5, 9.47843, 1]},
			"faces": {
				"east": {"uv": [1.75, 9.75, 0, 11.25], "texture": "#0"},
				"west": {"uv": [0, 9.75, 1.75, 11.25], "texture": "#0"}
			}
		},
		{
			"from": [1.5, 4, -1.01],
			"to": [6.5, 6, 3.01],
			"rotation": {"angle": 22.5, "axis": "z", "origin": [6.5, 4, 1.5]},
			"faces": {
				"north": {"uv": [6.25, 2.5, 7.5, 3], "texture": "#0", "cullface": "north"},
				"east": {"uv": [0.75, 8.25, 1.75, 8.75], "texture": "#0"},
				"south": {"uv": [3, 6.25, 4.25, 6.75], "texture": "#0", "cullface": "north"},
				"west": {"uv": [8.25, 4.75, 9.25, 5.25], "texture": "#0"},
				"up": {"uv": [5.25, 3.5, 4, 2.5], "texture": "#0"},
				"down": {"uv": [5.25, 3.75, 4, 4.75], "texture": "#0"}
			}
		},
		{
			"from": [1.5, 2, 0],
			"to": [6.5, 4, 2],
			"rotation": {"angle": 0, "axis": "y", "origin": [4.5, 2, 0]},
			"faces": {
				"north": {"uv": [6.25, 3.25, 7.5, 3.75], "texture": "#0"},
				"east": {"uv": [4, 8.75, 4.5, 9.25], "texture": "#0"},
				"south": {"uv": [6.25, 4, 7.5, 4.5], "texture": "#0"},
				"west": {"uv": [4.75, 8.75, 5.25, 9.25], "texture": "#0"},
				"up": {"uv": [7.75, 6, 6.5, 5.5], "texture": "#0"},
				"down": {"uv": [7.75, 6.25, 6.5, 6.75], "texture": "#0"}
			}
		},
		{
			"from": [-2.5, 1.99, 0],
			"to": [1.5, 4.01, 2],
			"rotation": {"angle": 45, "axis": "y", "origin": [1.5, 2, 0]},
			"faces": {
				"north": {"uv": [8.25, 6.75, 9.25, 7.25], "texture": "#0"},
				"east": {"uv": [5.5, 8.75, 6, 9.25], "texture": "#0"},
				"south": {"uv": [8.5, 1.25, 9.5, 1.75], "texture": "#0"},
				"west": {"uv": [8.75, 5.5, 9.25, 6], "texture": "#0"},
				"up": {"uv": [9.5, 8, 8.5, 7.5], "texture": "#0"},
				"down": {"uv": [9.5, 8.25, 8.5, 8.75], "texture": "#0"}
			}
		},
		{
			"from": [-4.01041, 1.49, 3.92462],
			"to": [-1.01041, 4.51, 6.92462],
			"rotation": {"angle": 0, "axis": "y", "origin": [-4.51041, 3, 7.42462]},
			"faces": {
				"north": {"uv": [5.25, 6.75, 6, 7.5], "texture": "#0"},
				"east": {"uv": [3, 7, 3.75, 7.75], "texture": "#0"},
				"south": {"uv": [6.25, 7, 7, 7.75], "texture": "#0"},
				"west": {"uv": [0, 7.25, 0.75, 8], "texture": "#0"},
				"up": {"uv": [8, 0.75, 7.25, 0], "texture": "#0"},
				"down": {"uv": [1.75, 7.25, 1, 8], "texture": "#0"}
			}
		},
		{
			"from": [-5.5, 1.5, -0.5],
			"to": [-2.5, 4.5, 2.5],
			"rotation": {"angle": 45, "axis": "y", "origin": [1.5, 2, 0]},
			"faces": {
				"north": {"uv": [7.25, 7, 8, 7.75], "texture": "#0"},
				"east": {"uv": [2, 7.5, 2.75, 8.25], "texture": "#0"},
				"south": {"uv": [7.75, 2, 8.5, 2.75], "texture": "#0"},
				"west": {"uv": [7.75, 3, 8.5, 3.75], "texture": "#0"},
				"up": {"uv": [6, 8.5, 5.25, 7.75], "texture": "#0"},
				"down": {"uv": [3.75, 8, 3, 8.75], "texture": "#0"}
			}
		},
		{
			"from": [9.48, 4.65, -1],
			"to": [11.52, 8.65, 3],
			"rotation": {"angle": -45, "axis": "x", "origin": [10.5, 6.65, 1]},
			"faces": {
				"north": {"uv": [7.5, 8, 7, 9], "texture": "#0", "cullface": "north"},
				"east": {"uv": [6.75, 1.25, 5.75, 2.25], "texture": "#0"},
				"south": {"uv": [8.25, 8, 7.75, 9], "texture": "#0", "cullface": "north"},
				"west": {"uv": [6.25, 5.5, 5.25, 6.5], "texture": "#0"},
				"up": {"uv": [0, 9.25, 0.5, 8.25], "texture": "#0"},
				"down": {"uv": [8.25, 0, 8.75, 1], "texture": "#0"}
			}
		},
		{
			"from": [9.5, 4, -1],
			"to": [11.5, 6, 3],
			"rotation": {"angle": 0, "axis": "y", "origin": [19.5, 3, 0]},
			"faces": {
				"north": {"uv": [2.5, 8.5, 2, 9], "texture": "#0", "cullface": "north"},
				"east": {"uv": [5, 8, 4, 8.5], "texture": "#0"},
				"south": {"uv": [9.25, 2.75, 8.75, 3.25], "texture": "#0", "cullface": "north"},
				"west": {"uv": [8.75, 4, 7.75, 4.5], "texture": "#0"},
				"up": {"uv": [8, 6.5, 8.5, 5.5], "texture": "#0"},
				"down": {"uv": [6.25, 8, 6.75, 9], "texture": "#0"}
			}
		},
		{
			"from": [9.5, 4, -1.01],
			"to": [14.5, 6, 3.01],
			"rotation": {"angle": -22.5, "axis": "z", "origin": [9.5, 4, 1.5]},
			"faces": {
				"north": {"uv": [7.5, 2.5, 6.25, 3], "texture": "#0", "cullface": "north"},
				"east": {"uv": [9.25, 4.75, 8.25, 5.25], "texture": "#0"},
				"south": {"uv": [4.25, 6.25, 3, 6.75], "texture": "#0", "cullface": "north"},
				"west": {"uv": [1.75, 8.25, 0.75, 8.75], "texture": "#0"},
				"up": {"uv": [4, 3.5, 5.25, 2.5], "texture": "#0"},
				"down": {"uv": [4, 3.75, 5.25, 4.75], "texture": "#0"}
			}
		},
		{
			"from": [9.5, 2, 0],
			"to": [14.5, 4, 2],
			"rotation": {"angle": 0, "axis": "y", "origin": [11.5, 2, 0]},
			"faces": {
				"north": {"uv": [7.5, 3.25, 6.25, 3.75], "texture": "#0"},
				"east": {"uv": [5.25, 8.75, 4.75, 9.25], "texture": "#0"},
				"south": {"uv": [7.5, 4, 6.25, 4.5], "texture": "#0"},
				"west": {"uv": [4.5, 8.75, 4, 9.25], "texture": "#0"},
				"up": {"uv": [6.5, 6, 7.75, 5.5], "texture": "#0"},
				"down": {"uv": [6.5, 6.25, 7.75, 6.75], "texture": "#0"}
			}
		},
		{
			"from": [14.5, 1.99, 0],
			"to": [18.5, 4.01, 2],
			"rotation": {"angle": -45, "axis": "y", "origin": [14.5, 2, 0]},
			"faces": {
				"north": {"uv": [9.25, 6.75, 8.25, 7.25], "texture": "#0"},
				"east": {"uv": [9.25, 5.5, 8.75, 6], "texture": "#0"},
				"south": {"uv": [9.5, 1.25, 8.5, 1.75], "texture": "#0"},
				"west": {"uv": [6, 8.75, 5.5, 9.25], "texture": "#0"},
				"up": {"uv": [8.5, 8, 9.5, 7.5], "texture": "#0"},
				"down": {"uv": [8.5, 8.25, 9.5, 8.75], "texture": "#0"}
			}
		},
		{
			"from": [18.5, 1.5, -0.5],
			"to": [21.5, 4.5, 2.5],
			"rotation": {"angle": -45, "axis": "y", "origin": [14.5, 2, 0]},
			"faces": {
				"north": {"uv": [8, 7, 7.25, 7.75], "texture": "#0"},
				"east": {"uv": [8.5, 3, 7.75, 3.75], "texture": "#0"},
				"south": {"uv": [8.5, 2, 7.75, 2.75], "texture": "#0"},
				"west": {"uv": [2.75, 7.5, 2, 8.25], "texture": "#0"},
				"up": {"uv": [5.25, 8.5, 6, 7.75], "texture": "#0"},
				"down": {"uv": [3, 8, 3.75, 8.75], "texture": "#0"}
			}
		},
		{
			"from": [17.01041, 1.49, 3.92462],
			"to": [20.01041, 4.51, 6.92462],
			"rotation": {"angle": 0, "axis": "y", "origin": [20.51041, 3, 7.42462]},
			"faces": {
				"north": {"uv": [6, 6.75, 5.25, 7.5], "texture": "#0"},
				"east": {"uv": [0.75, 7.25, 0, 8], "texture": "#0"},
				"south": {"uv": [7, 7, 6.25, 7.75], "texture": "#0"},
				"west": {"uv": [3.75, 7, 3, 7.75], "texture": "#0"},
				"up": {"uv": [7.25, 0.75, 8, 0], "texture": "#0"},
				"down": {"uv": [1, 7.25, 1.75, 8], "texture": "#0"}
			}
		},
		{
			"from": [-1, 4, 3.95],
			"to": [17, 4.05, 4.95],
			"rotation": {"angle": 0, "axis": "y", "origin": [0, 0, 0.75]},
			"faces": {
				"up": {"uv": [6.5, 5.25, 2, 5], "texture": "#0"},
				"down": {"uv": [6.5, 5.25, 2, 5], "texture": "#0"}
			}
		},
		{
			"from": [7, 0, 5],
			"to": [9, 2, 14],
			"rotation": {"angle": 22.5, "axis": "x", "origin": [8, 0, 5]},
			"faces": {
				"east": {"uv": [4.25, 5.5, 2, 6], "texture": "#0"},
				"south": {"uv": [9, 0, 9.5, 0.5], "texture": "#0"},
				"west": {"uv": [2, 5.5, 4.25, 6], "texture": "#0"},
				"up": {"uv": [6, 4.75, 5.5, 2.5], "texture": "#0"},
				"down": {"uv": [5, 5.5, 4.5, 7.75], "texture": "#0"}
			}
		},
		{
			"from": [5.5, 1, 4.5],
			"to": [6.5, 3, 6.5],
			"rotation": {"angle": 45, "axis": "x", "origin": [6, 2, 5.5]},
			"faces": {
				"north": {"uv": [4, 7, 4.25, 7.5], "texture": "#0"},
				"east": {"uv": [0.75, 9, 1.25, 9.5], "texture": "#0"},
				"south": {"uv": [3.5, 9, 3.75, 9.5], "texture": "#0"},
				"west": {"uv": [2.75, 9, 3.25, 9.5], "texture": "#0"},
				"up": {"uv": [2.5, 9.75, 2.25, 9.25], "texture": "#0"},
				"down": {"uv": [9.5, 9, 9.25, 9.5], "texture": "#0"}
			}
		},
		{
			"from": [9.5, 1, 4.5],
			"to": [10.5, 3, 6.5],
			"rotation": {"angle": 45, "axis": "x", "origin": [10, 2, 5.5]},
			"faces": {
				"north": {"uv": [4.25, 7, 4, 7.5], "texture": "#0"},
				"east": {"uv": [3.25, 9, 2.75, 9.5], "texture": "#0"},
				"south": {"uv": [3.75, 9, 3.5, 9.5], "texture": "#0"},
				"west": {"uv": [1.25, 9, 0.75, 9.5], "texture": "#0"},
				"up": {"uv": [2.25, 9.75, 2.5, 9.25], "texture": "#0"},
				"down": {"uv": [9.25, 9, 9.5, 9.5], "texture": "#0"}
			}
		},
		{
			"from": [5.5, 1, -4],
			"to": [10.5, 3, 0],
			"rotation": {"angle": 0, "axis": "y", "origin": [7, 1, -2]},
			"faces": {
				"north": {"uv": [6.75, 4.75, 8, 5.25], "texture": "#0"},
				"east": {"uv": [9.75, 2, 8.75, 2.5], "texture": "#0"},
				"south": {"uv": [7, 1.25, 8.25, 1.75], "texture": "#0"},
				"west": {"uv": [8.75, 2, 9.75, 2.5], "texture": "#0"},
				"up": {"uv": [5.5, 2.25, 4.25, 1.25], "texture": "#0"},
				"down": {"uv": [6, 0, 4.75, 1], "texture": "#0"}
			}
		},
		{
			"from": [9.5, 3, -1],
			"to": [6.5, 1, -3],
			"rotation": {"angle": 0, "axis": "y", "origin": [6, 1, -4]},
			"faces": {
				"east": {"uv": [7, 2.5, 7.5, 2], "texture": "#0"},
				"south": {"uv": [9, 1.25, 9.75, 0.75], "texture": "#0"},
				"west": {"uv": [7.5, 2.5, 7, 2], "texture": "#0"}
			}
		},
		{
			"from": [6.5, 0.99, -5.19],
			"to": [8.5, 3.01, -3.19],
			"rotation": {"angle": 45, "axis": "y", "origin": [8, 2, -4.69]},
			"faces": {
				"north": {"uv": [9, 3.5, 9.5, 4], "texture": "#0"},
				"east": {"uv": [8.5, 9, 9, 9.5], "texture": "#0"},
				"south": {"uv": [1.5, 9.25, 2, 9.75], "texture": "#0"},
				"west": {"uv": [6.25, 9.25, 6.75, 9.75], "texture": "#0"},
				"up": {"uv": [7.5, 9.75, 7, 9.25], "texture": "#0"},
				"down": {"uv": [8.25, 9.25, 7.75, 9.75], "texture": "#0"}
			}
		}
	],
	"gui_light": "front",
	"display": {
		"thirdperson_righthand": {
			"translation": [0, 3.5, -2.5],
			"scale": [0.55, 0.55, 0.55]
		},
		"thirdperson_lefthand": {
			"translation": [0, 3.5, -2.5],
			"scale": [0.55, 0.55, 0.55]
		},
		"firstperson_righthand": {
			"rotation": [10.82, 3.97, 19],
			"translation": [3, 2.25, -2.75]
		},
		"firstperson_lefthand": {
			"rotation": [10.82, 3.97, 19],
			"translation": [3, 2.25, -2.75]
		},
		"ground": {
			"translation": [0, 6, 0],
			"scale": [0.57, 0.57, 0.57]
		},
		"gui": {
			"rotation": [48, 128, 0],
			"translation": [0, 1.25, 0],
			"scale": [0.55, 0.55, 0.55]
		},
		"head": {
			"translation": [0, 14, 0]
		},
		"fixed": {
			"rotation": [-90, 0, 0],
			"translation": [0, 0, -12.5],
			"scale": [1.62305, 1.62305, 1.62305]
		}
	},
	"groups": [
		{
			"name": "group",
			"origin": [8, 2, -4.69],
			"color": 0,
			"children": [0, 1, 2, 3, 4, 5, 6, 7, 8, 9, 10, 11, 12, 13, 14, 15, 16, 17, 18, 19, 20, 21, 22, 23, 24]
		}
	]
}