{
	"credit": "Made with Blockbench",
	"texture_size": [64, 64],
	"textures": {
		"0": "elitecreatures:knight_assortment/knight_hammer",
		"particle": "elitecreatures:knight_assortment/knight_hammer"
	},
	"elements": [
		{
			"from": [6.5, -8.30634, 6.5],
			"to": [9.5, -4.30634, 9.5],
			"rotation": {"angle": 0, "axis": "y", "origin": [8, -6.30634, 8]},
			"faces": {
				"north": {"uv": [4.75, 8, 5.5, 9], "texture": "#0"},
				"east": {"uv": [4.75, 8, 5.5, 9], "texture": "#0"},
				"south": {"uv": [4.75, 8, 5.5, 9], "texture": "#0"},
				"west": {"uv": [4.75, 8, 5.5, 9], "texture": "#0"},
				"up": {"uv": [9.25, 8.75, 8.5, 8], "rotation": 270, "texture": "#0"},
				"down": {"uv": [0.75, 8.75, 0, 9.5], "rotation": 90, "texture": "#0"}
			}
		},
		{
			"from": [7, -4.30634, 7],
			"to": [9, 14.69366, 9],
			"rotation": {"angle": 45, "axis": "y", "origin": [8, -2.80634, 8]},
			"faces": {
				"north": {"uv": [4.25, 2, 3.75, 6.75], "texture": "#0"},
				"east": {"uv": [3.75, 2, 4.25, 6.75], "texture": "#0"},
				"south": {"uv": [4.25, 2, 3.75, 6.75], "texture": "#0"},
				"west": {"uv": [3.75, 2, 4.25, 6.75], "texture": "#0"}
			}
		},
		{
			"from": [5.98, 14.11366, 7],
			"to": [10.02, 18.11366, 11],
			"rotation": {"angle": 45, "axis": "x", "origin": [8, 17.11366, 8]},
			"faces": {
				"east": {"uv": [2.25, 7, 1.25, 8], "texture": "#0"},
				"south": {"uv": [2.5, 7, 3.5, 8], "texture": "#0"},
				"west": {"uv": [1.25, 7, 2.25, 8], "texture": "#0"},
				"down": {"uv": [8.25, 0, 7.25, 1], "rotation": 90, "texture": "#0"}
			}
		},
		{
			"from": [6.5, 7.69366, 6.5],
			"to": [9.5, 9.69366, 9.5],
			"rotation": {"angle": 0, "axis": "y", "origin": [8, -2.30634, 8]},
			"faces": {
				"north": {"uv": [5.5, 1.25, 6.25, 1.75], "texture": "#0"},
				"east": {"uv": [5.5, 1.25, 6.25, 1.75], "texture": "#0"},
				"south": {"uv": [5.5, 1.25, 6.25, 1.75], "texture": "#0"},
				"west": {"uv": [5.5, 1.25, 6.25, 1.75], "texture": "#0"},
				"up": {"uv": [9.5, 6, 8.75, 5.25], "rotation": 270, "texture": "#0"},
				"down": {"uv": [6.5, 8.75, 5.75, 9.5], "rotation": 90, "texture": "#0"}
			}
		},
		{
			"from": [6, 15.69366, 4],
			"to": [10, 19.69366, 12],
			"rotation": {"angle": 0, "axis": "y", "origin": [0, 23.69366, 15.5]},
			"faces": {
				"north": {"uv": [7.25, 4.25, 8.25, 5.25], "texture": "#0"},
				"east": {"uv": [2, 4.25, 0, 5.25], "texture": "#0"},
				"south": {"uv": [7.5, 5.5, 8.5, 6.5], "texture": "#0"},
				"west": {"uv": [0, 4.25, 2, 5.25], "texture": "#0"},
				"up": {"uv": [6.5, 3, 4.5, 2], "rotation": 270, "texture": "#0"},
				"down": {"uv": [6.5, 3.25, 4.5, 4.25], "rotation": 90, "texture": "#0"}
			}
		},
		{
			"from": [5, 14.19366, -1],
			"to": [11, 21.19366, 4],
			"rotation": {"angle": 0, "axis": "y", "origin": [0, 24.19366, 7.5]},
			"faces": {
				"north": {"uv": [0, 2.25, 1.5, 4], "texture": "#0"},
				"east": {"uv": [5.25, 0, 4, 1.75], "texture": "#0"},
				"south": {"uv": [2.25, 0, 3.75, 1.75], "texture": "#0"},
				"west": {"uv": [4, 0, 5.25, 1.75], "texture": "#0"},
				"up": {"uv": [3.5, 5.5, 2.25, 4], "rotation": 270, "texture": "#0"},
				"down": {"uv": [5.75, 4.5, 4.5, 6], "rotation": 90, "texture": "#0"}
			}
		},
		{
			"from": [6, 15.66366, 12],
			"to": [8.82843, 19.71366, 14.82843],
			"rotation": {"angle": 45, "axis": "y", "origin": [6, 18.19366, 12]},
			"faces": {
				"north": {"uv": [8.5, 0, 9.25, 1], "texture": "#0"},
				"east": {"uv": [8.5, 1.25, 9.25, 2.25], "texture": "#0"},
				"south": {"uv": [3.5, 8.25, 2.75, 9.25], "texture": "#0"},
				"west": {"uv": [2.75, 8.25, 3.5, 9.25], "texture": "#0"},
				"up": {"uv": [9.5, 7, 8.75, 6.25], "rotation": 270, "texture": "#0"},
				"down": {"uv": [9.75, 2.5, 9, 3.25], "rotation": 90, "texture": "#0"}
			}
		},
		{
			"from": [6.5, 19.69366, 6.5],
			"to": [9.5, 23.69366, 9.5],
			"rotation": {"angle": 0, "axis": "y", "origin": [8, 20.69366, 8]},
			"faces": {
				"north": {"uv": [8.5, 4, 9.25, 5], "texture": "#0"},
				"east": {"uv": [8.5, 4, 9.25, 5], "texture": "#0"},
				"south": {"uv": [8.5, 4, 9.25, 5], "texture": "#0"},
				"west": {"uv": [8.5, 4, 9.25, 5], "texture": "#0"},
				"up": {"uv": [7.5, 9.75, 6.75, 9], "rotation": 270, "texture": "#0"},
				"down": {"uv": [8.5, 9, 7.75, 9.75], "rotation": 90, "texture": "#0"}
			}
		},
		{
			"from": [4.98, 19.15813, 1.08579],
			"to": [11.03, 22.69366, 4.62132],
			"rotation": {"angle": 45, "axis": "x", "origin": [8, 22.69366, 2.5]},
			"faces": {
				"north": {"uv": [5.5, 0, 7, 1], "texture": "#0"},
				"east": {"uv": [6.75, 7.5, 5.75, 8.5], "texture": "#0"},
				"south": {"uv": [1.5, 5.75, 3, 6.75], "texture": "#0"},
				"west": {"uv": [5.75, 7.5, 6.75, 8.5], "texture": "#0"},
				"up": {"uv": [7, 6, 6, 4.5], "rotation": 270, "texture": "#0"},
				"down": {"uv": [5.5, 6.25, 4.5, 7.75], "rotation": 90, "texture": "#0"}
			}
		},
		{
			"from": [4.98, 12.15813, 1.08579],
			"to": [11.03, 15.69366, 4.62132],
			"rotation": {"angle": 45, "axis": "x", "origin": [8, 15.69366, 2.5]},
			"faces": {
				"north": {"uv": [5.75, 6.25, 7.25, 7.25], "texture": "#0"},
				"east": {"uv": [8.5, 6.75, 7.5, 7.75], "texture": "#0"},
				"south": {"uv": [6.75, 1.25, 8.25, 2.25], "texture": "#0"},
				"west": {"uv": [7.5, 6.75, 8.5, 7.75], "texture": "#0"},
				"up": {"uv": [7.75, 4, 6.75, 2.5], "rotation": 270, "texture": "#0"},
				"down": {"uv": [1, 7, 0, 8.5], "rotation": 90, "texture": "#0"}
			}
		},
		{
			"from": [7.96, 22.68275, 1.51802],
			"to": [8, 30.68275, 11.51802],
			"rotation": {"angle": -22.5, "axis": "x", "origin": [8, 23.68275, 9.51802]},
			"faces": {
				"east": {"uv": [2.5, 9.75, 0, 11.75], "texture": "#0"},
				"west": {"uv": [0, 9.75, 2.5, 11.75], "texture": "#0"}
			}
		},
		{
			"from": [6, 14.69366, 9],
			"to": [6.02, 20.69366, 16],
			"rotation": {"angle": -45, "axis": "y", "origin": [6, 16.69366, 9]},
			"faces": {
				"east": {"uv": [3.5, 2.25, 1.75, 3.75], "texture": "#0"},
				"west": {"uv": [1.75, 2.25, 3.5, 3.75], "texture": "#0"}
			}
		},
		{
			"from": [4.98, 16.52788, 8],
			"to": [5.98, 18.52788, 10],
			"rotation": {"angle": 45, "axis": "x", "origin": [3.98, 18.52788, 8]},
			"faces": {
				"north": {"uv": [3.25, 5.75, 3.5, 6.25], "texture": "#0"},
				"east": {"uv": [8.75, 7.25, 9.25, 7.75], "texture": "#0"},
				"south": {"uv": [8.75, 9, 9, 9.5], "texture": "#0"},
				"west": {"uv": [3.75, 7, 4.25, 7.5], "texture": "#0"},
				"up": {"uv": [9.5, 3.75, 9, 3.5], "rotation": 270, "texture": "#0"},
				"down": {"uv": [1.5, 9.25, 1, 9.5], "rotation": 90, "texture": "#0"}
			}
		},
		{
			"from": [6.48, -11.80634, 5.5],
			"to": [9.52, -6.80634, 10.5],
			"rotation": {"angle": 45, "axis": "x", "origin": [8, -9.30634, 8]},
			"faces": {
				"north": {"uv": [8, 2.5, 8.75, 3.75], "texture": "#0"},
				"east": {"uv": [1.25, 5.5, 0, 6.75], "texture": "#0"},
				"south": {"uv": [3.75, 8, 4.5, 9.25], "texture": "#0"},
				"west": {"uv": [0, 5.5, 1.25, 6.75], "texture": "#0"},
				"up": {"uv": [8.25, 8.75, 7, 8], "rotation": 270, "texture": "#0"},
				"down": {"uv": [2.5, 8.25, 1.25, 9], "rotation": 90, "texture": "#0"}
			}
		},
		{
			"from": [10.02, 16.52788, 8],
			"to": [11.02, 18.52788, 10],
			"rotation": {"angle": 45, "axis": "x", "origin": [12.02, 18.52788, 8]},
			"faces": {
				"north": {"uv": [3.5, 5.75, 3.25, 6.25], "texture": "#0"},
				"east": {"uv": [4.25, 7, 3.75, 7.5], "texture": "#0"},
				"south": {"uv": [9, 9, 8.75, 9.5], "texture": "#0"},
				"west": {"uv": [9.25, 7.25, 8.75, 7.75], "texture": "#0"},
				"up": {"uv": [9.5, 3.5, 9, 3.75], "rotation": 270, "texture": "#0"},
				"down": {"uv": [1.5, 9.5, 1, 9.25], "rotation": 90, "texture": "#0"}
			}
		},
		{
			"from": [9.98, 14.69366, 9],
			"to": [10, 20.69366, 16],
			"rotation": {"angle": 45, "axis": "y", "origin": [10, 16.69366, 9]},
			"faces": {
				"east": {"uv": [3.5, 2.25, 1.75, 3.75], "texture": "#0"},
				"west": {"uv": [1.75, 2.25, 3.5, 3.75], "texture": "#0"}
			}
		}
	],
	"gui_light": "front",
	"display": {
		"thirdperson_righthand": {
			"translation": [0, 2, 0.75],
			"scale": [0.6, 0.6, 0.6]
		},
		"thirdperson_lefthand": {
			"translation": [0, 2, 0.75],
			"scale": [0.6, 0.6, 0.6]
		},
		"firstperson_righthand": {
			"rotation": [0, 16, 0],
			"translation": [2.5, 3, -1.5],
			"scale": [0.6, 0.6, 0.6]
		},
		"firstperson_lefthand": {
			"rotation": [0, 16, 0],
			"translation": [2.5, 3, -1.5],
			"scale": [0.6, 0.6, 0.6]
		},
		"ground": {
			"rotation": [0, 0, 88],
			"translation": [-2, 2.5, 0.25],
			"scale": [0.45, 0.45, 0.45]
		},
		"gui": {
			"rotation": [-90, -135, -90],
			"translation": [-0.5, 0.25, -1.5],
			"scale": [0.55, 0.55, 0.55]
		},
		"head": {
			"rotation": [90, -156, 90],
			"translation": [-6.5, 10.5, 1.75],
			"scale": [0.6, 0.6, 0.6]
		},
		"fixed": {
			"rotation": [-90, -90, -90],
			"translation": [0, 2.75, -1.75],
			"scale": [1.2, 1.2, 1.2]
		}
	},
	"groups": [
		{
			"name": "group",
			"origin": [7, 16.69366, 10],
			"color": 0,
			"children": [0, 1, 2, 3, 4, 5, 6, 7, 8, 9, 10, 11, 12, 13, 14, 15]
		}
	]
}