{
	"credit": "Made with Blockbench",
	"texture_size": [32, 32],
	"textures": {
		"0": "elitecreatures:knight_assortment/knight_pickaxe",
		"particle": "elitecreatures:knight_assortment/knight_pickaxe"
	},
	"elements": [
		{
			"from": [6.5, -8, 8.5],
			"to": [9.5, -4, 11.5],
			"rotation": {"angle": 0, "axis": "y", "origin": [8, -6, 10]},
			"faces": {
				"north": {"uv": [6, 2.5, 7.5, 4.5], "texture": "#0"},
				"east": {"uv": [6, 2.5, 7.5, 4.5], "texture": "#0"},
				"south": {"uv": [6, 2.5, 7.5, 4.5], "texture": "#0"},
				"west": {"uv": [6, 2.5, 7.5, 4.5], "texture": "#0"},
				"up": {"uv": [4, 9, 2.5, 7.5], "rotation": 90, "texture": "#0"},
				"down": {"uv": [9.5, 2.5, 8, 4], "rotation": 270, "texture": "#0"}
			}
		},
		{
			"from": [8, -14.88909, 8.68198],
			"to": [8.04, -6.88909, 16.68198],
			"rotation": {"angle": -22.5, "axis": "x", "origin": [8, -7.88909, 8.68198]},
			"faces": {
				"east": {"uv": [0, 0, 4, 4], "texture": "#0"},
				"west": {"uv": [4, 0, 0, 4], "texture": "#0"}
			}
		},
		{
			"from": [7, -4, 9],
			"to": [9, 9, 11],
			"rotation": {"angle": 45, "axis": "y", "origin": [8, -1.5, 10]},
			"faces": {
				"north": {"uv": [5.5, 0, 4.5, 6.5], "texture": "#0"},
				"east": {"uv": [4.5, 0, 5.5, 6.5], "texture": "#0"},
				"south": {"uv": [5.5, 0, 4.5, 6.5], "texture": "#0"},
				"west": {"uv": [4.5, 0, 5.5, 6.5], "texture": "#0"}
			}
		},
		{
			"from": [6.49, 8.00169, 7.58169],
			"to": [9.51, 10.83012, 10.41012],
			"rotation": {"angle": -45, "axis": "x", "origin": [8, 10.42, 10]},
			"faces": {
				"north": {"uv": [8.5, 6.5, 10, 8], "texture": "#0"},
				"east": {"uv": [8.5, 4.5, 10, 6], "texture": "#0"},
				"west": {"uv": [10, 4.5, 8.5, 6], "texture": "#0"},
				"down": {"uv": [10, 8.5, 8.5, 10], "rotation": 270, "texture": "#0"}
			}
		},
		{
			"from": [6.5, 9, 8],
			"to": [9.5, 12, 12],
			"rotation": {"angle": 0, "axis": "y", "origin": [16, 17, 2.5]},
			"faces": {
				"north": {"uv": [4.5, 9, 6, 10.5], "texture": "#0"},
				"east": {"uv": [6, 5, 8, 6.5], "texture": "#0"},
				"south": {"uv": [9, 0, 10.5, 1.5], "texture": "#0"},
				"west": {"uv": [8, 5, 6, 6.5], "texture": "#0"},
				"up": {"uv": [8, 8.5, 6, 7], "rotation": 90, "texture": "#0"},
				"down": {"uv": [2, 7.5, 0, 9], "rotation": 270, "texture": "#0"}
			}
		},
		{
			"from": [9.52, 9.83421, 8],
			"to": [10.52, 11.83421, 10],
			"rotation": {"angle": -45, "axis": "x", "origin": [12.02, 11.83421, 10]},
			"faces": {
				"north": {"uv": [10.5, 9, 11, 10], "texture": "#0"},
				"east": {"uv": [10.5, 7.5, 11.5, 8.5], "texture": "#0"},
				"south": {"uv": [8.5, 10.5, 9, 11.5], "texture": "#0"},
				"up": {"uv": [10.5, 11, 9.5, 10.5], "rotation": 90, "texture": "#0"},
				"down": {"uv": [12, 0, 11, 0.5], "rotation": 270, "texture": "#0"}
			}
		},
		{
			"from": [6.5, 4, 8.5],
			"to": [9.5, 6, 11.5],
			"rotation": {"angle": 0, "axis": "y", "origin": [8, -1, 10]},
			"faces": {
				"north": {"uv": [10.5, 6, 12, 7], "texture": "#0"},
				"east": {"uv": [10.5, 6, 12, 7], "texture": "#0"},
				"south": {"uv": [10.5, 6, 12, 7], "texture": "#0"},
				"west": {"uv": [10.5, 6, 12, 7], "texture": "#0"},
				"up": {"uv": [8, 10.5, 6.5, 9], "rotation": 90, "texture": "#0"},
				"down": {"uv": [1.5, 9.5, 0, 11], "rotation": 270, "texture": "#0"}
			}
		},
		{
			"from": [7.97, 8.58506, -2.77135],
			"to": [8.02, 13.58506, 5.22865],
			"rotation": {"angle": -22.5, "axis": "x", "origin": [8, 13.68506, 4.52865]},
			"faces": {
				"east": {"uv": [0, 4.5, 4, 7], "texture": "#0"},
				"west": {"uv": [4, 4.5, 0, 7], "texture": "#0"}
			}
		},
		{
			"from": [6.49, 10.16988, 7.58169],
			"to": [9.51, 12.99831, 10.41012],
			"rotation": {"angle": 45, "axis": "x", "origin": [8, 10.58, 10]},
			"faces": {
				"north": {"uv": [10, 2, 11.5, 3.5], "texture": "#0"},
				"east": {"uv": [2, 9.5, 3.5, 11], "texture": "#0"},
				"west": {"uv": [3.5, 9.5, 2, 11], "texture": "#0"},
				"up": {"uv": [12, 5.5, 10.5, 4], "rotation": 90, "texture": "#0"}
			}
		},
		{
			"from": [7.5, 9.38268, 3.07612],
			"to": [8.5, 13.38268, 8.07612],
			"rotation": {"angle": 22.5, "axis": "x", "origin": [8, 9.38268, 7.07612]},
			"faces": {
				"north": {"uv": [8, 0, 8.5, 2], "texture": "#0"},
				"east": {"uv": [6, 0, 8.5, 2], "texture": "#0"},
				"west": {"uv": [8.5, 0, 6, 2], "texture": "#0"},
				"up": {"uv": [8.5, 0, 6, 0.5], "rotation": 90, "texture": "#0"},
				"down": {"uv": [8.5, 1.5, 6, 2], "rotation": 270, "texture": "#0"}
			}
		},
		{
			"from": [7.47, 10.58506, 1.22865],
			"to": [8.52, 13.58506, 5.22865],
			"rotation": {"angle": -22.5, "axis": "x", "origin": [8, 13.68506, 4.52865]},
			"faces": {
				"north": {"uv": [1.5, 4.5, 2, 6], "texture": "#0"},
				"east": {"uv": [0, 4.5, 2, 6], "texture": "#0"},
				"west": {"uv": [2, 4.5, 0, 6], "texture": "#0"},
				"up": {"uv": [2, 4.5, 0, 5], "rotation": 90, "texture": "#0"},
				"down": {"uv": [2, 5.5, 0, 6], "rotation": 270, "texture": "#0"}
			}
		},
		{
			"from": [7.5, 9.38268, 11.92388],
			"to": [8.5, 13.38268, 16.92388],
			"rotation": {"angle": -22.5, "axis": "x", "origin": [8, 9.38268, 12.92388]},
			"faces": {
				"east": {"uv": [8.5, 0, 6, 2], "texture": "#0"},
				"south": {"uv": [8.5, 0, 8, 2], "texture": "#0"},
				"west": {"uv": [6, 0, 8.5, 2], "texture": "#0"},
				"up": {"uv": [6, 0, 8.5, 0.5], "rotation": 90, "texture": "#0"},
				"down": {"uv": [6, 1.5, 8.5, 2], "rotation": 270, "texture": "#0"}
			}
		},
		{
			"from": [7.47, 10.58506, 14.77135],
			"to": [8.52, 13.58506, 18.77135],
			"rotation": {"angle": 22.5, "axis": "x", "origin": [8, 13.68506, 15.47135]},
			"faces": {
				"east": {"uv": [2, 4.5, 0, 6], "texture": "#0"},
				"south": {"uv": [2, 4.5, 1.5, 6], "texture": "#0"},
				"west": {"uv": [0, 4.5, 2, 6], "texture": "#0"},
				"up": {"uv": [0, 4.5, 2, 5], "rotation": 90, "texture": "#0"},
				"down": {"uv": [0, 5.5, 2, 6], "rotation": 270, "texture": "#0"}
			}
		},
		{
			"from": [7.97, 8.58506, 14.77135],
			"to": [8.02, 13.58506, 22.77135],
			"rotation": {"angle": 22.5, "axis": "x", "origin": [8, 13.68506, 15.47135]},
			"faces": {
				"east": {"uv": [4, 4.5, 0, 7], "texture": "#0"},
				"west": {"uv": [0, 4.5, 4, 7], "texture": "#0"}
			}
		},
		{
			"from": [5.48, 9.83421, 8],
			"to": [6.48, 11.83421, 10],
			"rotation": {"angle": -45, "axis": "x", "origin": [3.98, 11.83421, 10]},
			"faces": {
				"north": {"uv": [11, 9, 10.5, 10], "texture": "#0"},
				"south": {"uv": [9, 10.5, 8.5, 11.5], "texture": "#0"},
				"west": {"uv": [11.5, 7.5, 10.5, 8.5], "texture": "#0"},
				"up": {"uv": [10.5, 10.5, 9.5, 11], "rotation": 90, "texture": "#0"},
				"down": {"uv": [12, 0.5, 11, 0], "rotation": 270, "texture": "#0"}
			}
		}
	],
	"gui_light": "front",
	"display": {
		"thirdperson_righthand": {
			"translation": [0, 3, 0],
			"scale": [0.6, 0.6, 0.6]
		},
		"thirdperson_lefthand": {
			"translation": [0, 3, 0],
			"scale": [0.6, 0.6, 0.6]
		},
		"firstperson_righthand": {
			"rotation": [11, 16, 0],
			"translation": [2.75, 3.75, -2.75],
			"scale": [0.6, 0.6, 0.6]
		},
		"firstperson_lefthand": {
			"rotation": [11, 16, 0],
			"translation": [2.75, 3.75, -2.75],
			"scale": [0.6, 0.6, 0.6]
		},
		"ground": {
			"rotation": [0, 0, 88],
			"translation": [-2, 2.5, 0.25],
			"scale": [0.45, 0.45, 0.45]
		},
		"gui": {
			"rotation": [-90, -135, -90],
			"translation": [-0.5, 2.25, -1.5],
			"scale": [0.55, 0.55, 0.55]
		},
		"head": {
			"rotation": [90, -156, 90],
			"translation": [-2, 10, 1.75],
			"scale": [0.6, 0.6, 0.6]
		},
		"fixed": {
			"rotation": [-90, -90, -90],
			"translation": [0, 2.75, -1],
			"scale": [1.2, 1.2, 1.2]
		}
	},
	"groups": [
		{
			"name": "group",
			"origin": [8, 22.83421, 12.02],
			"color": 0,
			"children": [0, 1, 2, 3, 4, 5, 6, 7, 8, 9, 10, 11, 12, 13, 14]
		}
	]
}