{
	"credit": "Made with Blockbench",
	"texture_size": [32, 32],
	"textures": {
		"0": "elitecreatures:knight_assortment/knight_glaive",
		"particle": "elitecreatures:knight_assortment/knight_glaive"
	},
	"elements": [
		{
			"from": [7.35, -5.03432, 7.35],
			"to": [8.65, 13.16568, 8.65],
			"rotation": {"angle": 45, "axis": "y", "origin": [8, -4.05932, 8]},
			"faces": {
				"north": {"uv": [6, 0, 5, 14], "texture": "#0"},
				"east": {"uv": [5, 0, 6, 14], "texture": "#0"},
				"south": {"uv": [6, 0, 5, 14], "texture": "#0"},
				"west": {"uv": [5, 0, 6, 14], "texture": "#0"}
			}
		},
		{
			"from": [7.9935, 12.93441, 6.62888],
			"to": [8.013, 19.43441, 9.22888],
			"rotation": {"angle": -22.5, "axis": "x", "origin": [7.675, 14.83068, 6.245]},
			"faces": {
				"east": {"uv": [8.5, 0, 6.5, 5], "texture": "#0"},
				"west": {"uv": [6.5, 0, 8.5, 5], "texture": "#0"}
			}
		},
		{
			"from": [7.6685, 12.93441, 7.92888],
			"to": [8.338, 16.83441, 9.22888],
			"rotation": {"angle": -22.5, "axis": "x", "origin": [7.35, 14.83068, 6.245]},
			"faces": {
				"north": {"uv": [7.5, 2, 8, 5], "texture": "#0"},
				"east": {"uv": [8.5, 2, 7.5, 5], "texture": "#0"},
				"south": {"uv": [8, 2, 8.5, 5], "texture": "#0"},
				"west": {"uv": [7.5, 2, 8.5, 5], "texture": "#0"}
			}
		},
		{
			"from": [7.9805, 16.7491, 7.9009],
			"to": [8.026, 27.7991, 14.4009],
			"rotation": {"angle": 22.5, "axis": "x", "origin": [8, 25.51608, 7.9984]},
			"faces": {
				"east": {"uv": [5, 0, 0, 9], "texture": "#0"},
				"west": {"uv": [0, 0.5, 5, 9], "texture": "#0"}
			}
		},
		{
			"from": [7.6555, 17.6991, 8.5009],
			"to": [8.351, 24.8491, 10.4509],
			"rotation": {"angle": 22.5, "axis": "x", "origin": [7.675, 22.56608, 6.6484]},
			"faces": {
				"north": {"uv": [1.5, 3, 2, 8.5], "texture": "#0"},
				"east": {"uv": [3, 3, 1.5, 8.5], "texture": "#0"},
				"south": {"uv": [2.5, 3, 3, 8.5], "texture": "#0"},
				"west": {"uv": [1.5, 3, 3, 8.5], "texture": "#0"},
				"up": {"uv": [3, 3, 1.5, 3.5], "rotation": 270, "texture": "#0"},
				"down": {"uv": [3, 8, 1.5, 8.5], "rotation": 90, "texture": "#0"}
			}
		},
		{
			"from": [6.40788, 6.15505, 6.375],
			"to": [6.43388, 10.05505, 9.625],
			"rotation": {"angle": -22.5, "axis": "z", "origin": [8, 8.75914, 8]},
			"faces": {
				"east": {"uv": [13.5, 9.5, 16, 12.5], "texture": "#0"},
				"west": {"uv": [13.5, 9.5, 16, 12.5], "texture": "#0"}
			}
		},
		{
			"from": [9.56612, 6.15505, 6.375],
			"to": [9.59212, 10.05505, 9.625],
			"rotation": {"angle": 22.5, "axis": "z", "origin": [8, 8.75914, 8]},
			"faces": {
				"east": {"uv": [16, 9.5, 13.5, 12.5], "texture": "#0"},
				"west": {"uv": [16, 9.5, 13.5, 12.5], "texture": "#0"}
			}
		},
		{
			"from": [6.375, 6.15505, 9.56612],
			"to": [9.625, 10.05505, 9.59212],
			"rotation": {"angle": -22.5, "axis": "x", "origin": [8, 8.75914, 8]},
			"faces": {
				"north": {"uv": [16, 9.5, 13.5, 12.5], "texture": "#0"},
				"south": {"uv": [16, 9.5, 13.5, 12.5], "texture": "#0"}
			}
		},
		{
			"from": [6.375, 6.15505, 6.40788],
			"to": [9.625, 10.05505, 6.43388],
			"rotation": {"angle": 22.5, "axis": "x", "origin": [8, 8.75914, 8]},
			"faces": {
				"north": {"uv": [13.5, 9.5, 16, 12.5], "texture": "#0"},
				"south": {"uv": [13.5, 9.5, 16, 12.5], "texture": "#0"}
			}
		},
		{
			"from": [7.025, -7.63432, 7.025],
			"to": [8.975, -5.03432, 8.975],
			"rotation": {"angle": 0, "axis": "y", "origin": [8, -6.33432, 8]},
			"faces": {
				"north": {"uv": [11, 6.5, 12.5, 8.5], "texture": "#0"},
				"east": {"uv": [11, 6.5, 12.5, 8.5], "texture": "#0"},
				"south": {"uv": [11, 6.5, 12.5, 8.5], "texture": "#0"},
				"west": {"uv": [11, 6.5, 12.5, 8.5], "texture": "#0"},
				"up": {"uv": [10.5, 14, 9, 12.5], "rotation": 270, "texture": "#0"},
				"down": {"uv": [1.5, 13, 0, 14.5], "rotation": 90, "texture": "#0"}
			}
		},
		{
			"from": [7.012, -8.5009, 5.375],
			"to": [8.988, -5.2509, 8.625],
			"rotation": {"angle": 45, "axis": "x", "origin": [8, -8.28432, 7]},
			"faces": {
				"north": {"uv": [9, 6.5, 10.5, 9], "texture": "#0"},
				"east": {"uv": [8.5, 8, 6, 10.5], "texture": "#0"},
				"south": {"uv": [9, 9.5, 10.5, 12], "texture": "#0"},
				"west": {"uv": [6, 8, 8.5, 10.5], "texture": "#0"},
				"up": {"uv": [2.5, 12.5, 0, 11], "rotation": 270, "texture": "#0"},
				"down": {"uv": [8.5, 11, 6, 12.5], "rotation": 90, "texture": "#0"}
			}
		},
		{
			"from": [7.025, 8.61568, 7.025],
			"to": [8.975, 11.21568, 8.975],
			"rotation": {"angle": 0, "axis": "y", "origin": [8, 2.11568, 8]},
			"faces": {
				"north": {"uv": [11, 9, 12.5, 11], "texture": "#0"},
				"east": {"uv": [11, 9, 12.5, 11], "texture": "#0"},
				"south": {"uv": [11, 9, 12.5, 11], "texture": "#0"},
				"west": {"uv": [11, 9, 12.5, 11], "texture": "#0"},
				"up": {"uv": [14.5, 1.5, 13, 0], "rotation": 270, "texture": "#0"},
				"down": {"uv": [3.5, 13, 2, 14.5], "rotation": 90, "texture": "#0"}
			}
		},
		{
			"from": [7.025, 13.16568, 5.725],
			"to": [8.975, 15.11568, 10.275],
			"rotation": {"angle": 0, "axis": "y", "origin": [2.8, 9.91568, 13.2]},
			"faces": {
				"north": {"uv": [13, 2, 14.5, 3.5], "texture": "#0"},
				"east": {"uv": [0, 9, 3.5, 10.5], "texture": "#0"},
				"south": {"uv": [6, 13, 7.5, 14.5], "texture": "#0"},
				"west": {"uv": [0, 9, 3.5, 10.5], "texture": "#0"},
				"up": {"uv": [12.5, 1.5, 9, 0], "rotation": 270, "texture": "#0"},
				"down": {"uv": [12.5, 2, 9, 3.5], "rotation": 90, "texture": "#0"}
			}
		},
		{
			"from": [7.012, 13.54268, 7.35],
			"to": [8.988, 16.14268, 9.95],
			"rotation": {"angle": -45, "axis": "x", "origin": [8, 14.19268, 8]},
			"faces": {
				"east": {"uv": [11, 4, 9, 6], "texture": "#0"},
				"south": {"uv": [11.5, 4, 13, 6], "texture": "#0"},
				"west": {"uv": [9, 4, 11, 6], "texture": "#0"},
				"up": {"uv": [13, 13, 11, 11.5], "rotation": 270, "texture": "#0"}
			}
		},
		{
			"from": [7.025, 13.15918, 10.275],
			"to": [8.40386, 15.12218, 11.65386],
			"rotation": {"angle": 45, "axis": "y", "origin": [7.025, 15.11568, 10.275]},
			"faces": {
				"south": {"uv": [4, 11, 3, 12.5], "texture": "#0"},
				"west": {"uv": [3, 11, 4, 12.5], "texture": "#0"},
				"up": {"uv": [14, 7.5, 13, 6.5], "rotation": 270, "texture": "#0"},
				"down": {"uv": [14, 8, 13, 9], "rotation": 90, "texture": "#0"}
			}
		},
		{
			"from": [7.025, 13.15918, 4.34614],
			"to": [8.40386, 15.12218, 5.725],
			"rotation": {"angle": -45, "axis": "y", "origin": [7.025, 15.11568, 5.725]},
			"faces": {
				"north": {"uv": [3, 11, 4, 12.5], "texture": "#0"},
				"west": {"uv": [4, 11, 3, 12.5], "texture": "#0"},
				"up": {"uv": [13, 7.5, 14, 6.5], "rotation": 270, "texture": "#0"},
				"down": {"uv": [13, 8, 14, 9], "rotation": 90, "texture": "#0"}
			}
		}
	],
	"gui_light": "front",
	"display": {
		"thirdperson_righthand": {
			"translation": [0, 3.75, 1.25],
			"scale": [0.85, 0.85, 0.85]
		},
		"thirdperson_lefthand": {
			"translation": [0, 3.75, 1.25],
			"scale": [0.85, 0.85, 0.85]
		},
		"firstperson_righthand": {
			"rotation": [-10, 15, 11],
			"translation": [4, 3.25, -1.5],
			"scale": [0.6, 0.6, 0.6]
		},
		"firstperson_lefthand": {
			"rotation": [-10, 15, 11],
			"translation": [4, 3.75, -0.25],
			"scale": [0.6, 0.6, 0.6]
		},
		"ground": {
			"rotation": [0, 0, 88],
			"translation": [-2, 2.5, 0.25],
			"scale": [0.45, 0.45, 0.45]
		},
		"gui": {
			"rotation": [-90, -135, -90],
			"translation": [0.75, -0.25, -1.5],
			"scale": [0.65, 0.65, 0.65]
		},
		"head": {
			"rotation": [90, -156, 90],
			"translation": [-6.5, 10.5, 1.75],
			"scale": [0.6, 0.6, 0.6]
		},
		"fixed": {
			"rotation": [-90, -90, -90],
			"translation": [0, 0, -1.75],
			"scale": [1.5, 1.5, 1.5]
		}
	},
	"groups": [
		{
			"name": "group",
			"origin": [4.5, 20.33321, 6.5],
			"color": 0,
			"children": [0, 1, 2, 3, 4, 5, 6, 7, 8, 9, 10, 11, 12, 13, 14, 15]
		}
	]
}