{
	"credit": "Made with Blockbench",
	"texture_size": [64, 64],
	"textures": {
		"0": "elitecreatures:knight_assortment/knight_staff",
		"particle": "elitecreatures:knight_assortment/knight_staff"
	},
	"elements": [
		{
			"from": [6.48, 15.17, 5],
			"to": [9.52, 20.17, 10],
			"rotation": {"angle": -45, "axis": "x", "origin": [8, 18.17, 8]},
			"faces": {
				"north": {"uv": [1.25, 5, 2, 6.25], "texture": "#0"},
				"east": {"uv": [2.25, 3.5, 3.5, 4.75], "texture": "#0"},
				"west": {"uv": [3.5, 3.5, 2.25, 4.75], "texture": "#0"},
				"down": {"uv": [3.5, 5, 2.25, 5.75], "rotation": 270, "texture": "#0"}
			}
		},
		{
			"from": [7, -3.25, 7],
			"to": [9, 15.75, 9],
			"rotation": {"angle": 45, "axis": "y", "origin": [8, -1.75, 8]},
			"faces": {
				"north": {"uv": [1.5, 0, 2, 4.75], "texture": "#0"},
				"east": {"uv": [2, 0, 1.5, 4.75], "texture": "#0"},
				"south": {"uv": [1.5, 0, 2, 4.75], "texture": "#0"},
				"west": {"uv": [2, 0, 1.5, 4.75], "texture": "#0"}
			}
		},
		{
			"from": [6.5, 8.75, 6.5],
			"to": [9.5, 12.75, 9.5],
			"rotation": {"angle": 0, "axis": "y", "origin": [8, -1.25, 8]},
			"faces": {
				"north": {"uv": [6.75, 0, 7.5, 1], "texture": "#0"},
				"east": {"uv": [6.75, 0, 7.5, 1], "texture": "#0"},
				"south": {"uv": [6.75, 0, 7.5, 1], "texture": "#0"},
				"west": {"uv": [6.75, 0, 7.5, 1], "texture": "#0"},
				"up": {"uv": [7.5, 7.25, 6.75, 6.5], "rotation": 90, "texture": "#0"},
				"down": {"uv": [0.75, 7.5, 0, 8.25], "rotation": 270, "texture": "#0"}
			}
		},
		{
			"from": [6.48, -10.75, 5.5],
			"to": [9.52, -5.75, 10.5],
			"rotation": {"angle": -45, "axis": "x", "origin": [8, -8.25, 8]},
			"faces": {
				"north": {"uv": [3.75, 5, 4.5, 6.25], "texture": "#0"},
				"east": {"uv": [3.75, 1.75, 5, 3], "texture": "#0"},
				"south": {"uv": [5, 3.25, 5.75, 4.5], "texture": "#0"},
				"west": {"uv": [5, 1.75, 3.75, 3], "texture": "#0"},
				"up": {"uv": [6, 5.75, 4.75, 5], "rotation": 90, "texture": "#0"},
				"down": {"uv": [6.5, 0, 5.25, 0.75], "rotation": 270, "texture": "#0"}
			}
		},
		{
			"from": [6.5, -7.25, 6.5],
			"to": [9.5, -3.25, 9.5],
			"rotation": {"angle": 0, "axis": "y", "origin": [8, -5.25, 8]},
			"faces": {
				"north": {"uv": [6.75, 1.25, 7.5, 2.25], "texture": "#0"},
				"east": {"uv": [6.75, 1.25, 7.5, 2.25], "texture": "#0"},
				"south": {"uv": [6.75, 1.25, 7.5, 2.25], "texture": "#0"},
				"west": {"uv": [6.75, 1.25, 7.5, 2.25], "texture": "#0"},
				"up": {"uv": [2.75, 8.25, 2, 7.5], "rotation": 90, "texture": "#0"},
				"down": {"uv": [8.25, 2.5, 7.5, 3.25], "rotation": 270, "texture": "#0"}
			}
		},
		{
			"from": [5.5, 18.25, 6],
			"to": [10.5, 24.25, 10],
			"rotation": {"angle": 0, "axis": "y", "origin": [15.5, 26.25, 0.5]},
			"faces": {
				"north": {"uv": [0, 2.75, 1.25, 4.25], "texture": "#0"},
				"east": {"uv": [3.75, 3.25, 4.75, 4.75], "texture": "#0"},
				"south": {"uv": [2.25, 1.75, 3.5, 3.25], "texture": "#0"},
				"west": {"uv": [4.75, 3.25, 3.75, 4.75], "texture": "#0"},
				"up": {"uv": [5, 1.25, 4, 0], "rotation": 90, "texture": "#0"},
				"down": {"uv": [1, 4.5, 0, 5.75], "rotation": 270, "texture": "#0"}
			}
		},
		{
			"from": [5.48, 23.42157, 5.17157],
			"to": [10.52, 26.25, 8],
			"rotation": {"angle": -45, "axis": "x", "origin": [7.5, 26.25, 8]},
			"faces": {
				"north": {"uv": [5.25, 2, 6.5, 2.75], "texture": "#0"},
				"east": {"uv": [7.5, 3.5, 8.25, 4.25], "texture": "#0"},
				"south": {"uv": [5.25, 1, 6.5, 1.75], "texture": "#0"},
				"west": {"uv": [8.25, 3.5, 7.5, 4.25], "texture": "#0"},
				"up": {"uv": [0.75, 7.25, 0, 6], "rotation": 90, "texture": "#0"},
				"down": {"uv": [3, 6, 2.25, 7.25], "rotation": 270, "texture": "#0"}
			}
		},
		{
			"from": [5.48, 17.42157, 5.17157],
			"to": [10.52, 20.25, 8],
			"rotation": {"angle": -45, "axis": "x", "origin": [7.5, 20.25, 8]},
			"faces": {
				"north": {"uv": [6, 4, 7.25, 4.75], "texture": "#0"},
				"east": {"uv": [4.25, 7.5, 5, 8.25], "texture": "#0"},
				"south": {"uv": [6, 3, 7.25, 3.75], "texture": "#0"},
				"west": {"uv": [5, 7.5, 4.25, 8.25], "texture": "#0"},
				"up": {"uv": [5.5, 7.25, 4.75, 6], "rotation": 90, "texture": "#0"},
				"down": {"uv": [6.5, 6, 5.75, 7.25], "rotation": 270, "texture": "#0"}
			}
		},
		{
			"from": [6.5, 17.46289, 4.46447],
			"to": [9.5, 22.46289, 6.46447],
			"rotation": {"angle": 0, "axis": "y", "origin": [16, 26.46289, 0.96447]},
			"faces": {
				"north": {"uv": [3.25, 6.5, 4, 7.75], "texture": "#0"},
				"east": {"uv": [6.75, 5, 7.25, 6.25], "texture": "#0"},
				"south": {"uv": [1, 6.5, 1.75, 7.75], "texture": "#0"},
				"west": {"uv": [7.25, 5, 6.75, 6.25], "texture": "#0"},
				"up": {"uv": [8, 5.25, 7.5, 4.5], "rotation": 90, "texture": "#0"},
				"down": {"uv": [5.75, 7.5, 5.25, 8.25], "rotation": 270, "texture": "#0"}
			}
		},
		{
			"from": [6.49, 20.46289, 2.46447],
			"to": [9.51, 22.46289, 4.46447],
			"rotation": {"angle": -45, "axis": "x", "origin": [8, 22.46289, 4.46447]},
			"faces": {
				"north": {"uv": [6, 7.5, 6.75, 8], "texture": "#0"},
				"east": {"uv": [7.75, 1, 8.25, 1.5], "texture": "#0"},
				"south": {"uv": [7.5, 5.5, 8.25, 6], "texture": "#0"},
				"west": {"uv": [8.25, 1, 7.75, 1.5], "texture": "#0"},
				"up": {"uv": [7.5, 8.25, 7, 7.5], "rotation": 90, "texture": "#0"},
				"down": {"uv": [8.25, 0, 7.75, 0.75], "rotation": 270, "texture": "#0"}
			}
		},
		{
			"from": [7.98, 17.46289, -2.53553],
			"to": [8, 24.46289, 4.46447],
			"rotation": {"angle": 0, "axis": "y", "origin": [16, 26.46289, 0.96447]},
			"faces": {
				"east": {"uv": [2.25, 0, 4, 1.75], "texture": "#0"},
				"west": {"uv": [4, 0, 2.25, 1.75], "texture": "#0"}
			}
		},
		{
			"from": [7.98, 17.46289, 11.53553],
			"to": [8, 24.46289, 18.53553],
			"rotation": {"angle": 0, "axis": "y", "origin": [16, 26.46289, 15.03553]},
			"faces": {
				"east": {"uv": [4, 0, 2.25, 1.75], "texture": "#0"},
				"west": {"uv": [2.25, 0, 4, 1.75], "texture": "#0"}
			}
		},
		{
			"from": [6.49, 20.46289, 11.53553],
			"to": [9.51, 22.46289, 13.53553],
			"rotation": {"angle": 45, "axis": "x", "origin": [8, 22.46289, 11.53553]},
			"faces": {
				"north": {"uv": [8.25, 5.5, 7.5, 6], "texture": "#0"},
				"east": {"uv": [8.25, 1, 7.75, 1.5], "texture": "#0"},
				"south": {"uv": [6.75, 7.5, 6, 8], "texture": "#0"},
				"west": {"uv": [7.75, 1, 8.25, 1.5], "texture": "#0"},
				"up": {"uv": [7, 8.25, 7.5, 7.5], "rotation": 90, "texture": "#0"},
				"down": {"uv": [7.75, 0, 8.25, 0.75], "rotation": 270, "texture": "#0"}
			}
		},
		{
			"from": [6.5, 17.46289, 9.53553],
			"to": [9.5, 22.46289, 11.53553],
			"rotation": {"angle": 0, "axis": "y", "origin": [16, 26.46289, 15.03553]},
			"faces": {
				"north": {"uv": [1.75, 6.5, 1, 7.75], "texture": "#0"},
				"east": {"uv": [7.25, 5, 6.75, 6.25], "texture": "#0"},
				"south": {"uv": [4, 6.5, 3.25, 7.75], "texture": "#0"},
				"west": {"uv": [6.75, 5, 7.25, 6.25], "texture": "#0"},
				"up": {"uv": [7.5, 5.25, 8, 4.5], "rotation": 90, "texture": "#0"},
				"down": {"uv": [5.25, 7.5, 5.75, 8.25], "rotation": 270, "texture": "#0"}
			}
		},
		{
			"from": [5.5, 5.75, 6.5],
			"to": [10.5, 11.75, 6.54],
			"rotation": {"angle": 22.5, "axis": "x", "origin": [8, 11.75, 6.5]},
			"faces": {
				"north": {"uv": [0, 0, 1.5, 1.25], "rotation": 270, "texture": "#0"},
				"south": {"uv": [0, 0, 1.5, 1.25], "rotation": 270, "texture": "#0"}
			}
		},
		{
			"from": [5.5, 5.75, 9.46],
			"to": [10.5, 11.75, 9.5],
			"rotation": {"angle": -22.5, "axis": "x", "origin": [8, 11.75, 9.5]},
			"faces": {
				"north": {"uv": [0, 1.25, 1.5, 0], "rotation": 270, "texture": "#0"},
				"south": {"uv": [0, 1.25, 1.5, 0], "rotation": 270, "texture": "#0"}
			}
		},
		{
			"from": [5.55059, 4.96441, 5.5],
			"to": [5.59059, 10.96441, 10.5],
			"rotation": {"angle": -22.5, "axis": "z", "origin": [8, 8.97071, 8]},
			"faces": {
				"east": {"uv": [0, 1.25, 1.5, 0], "rotation": 270, "texture": "#0"},
				"west": {"uv": [0, 1.25, 1.5, 0], "rotation": 270, "texture": "#0"}
			}
		},
		{
			"from": [10.40941, 4.96441, 5.5],
			"to": [10.44941, 10.96441, 10.5],
			"rotation": {"angle": 22.5, "axis": "z", "origin": [8, 8.97071, 8]},
			"faces": {
				"east": {"uv": [0, 0, 1.5, 1.25], "rotation": 270, "texture": "#0"},
				"west": {"uv": [0, 0, 1.5, 1.25], "rotation": 270, "texture": "#0"}
			}
		}
	],
	"gui_light": "front",
	"display": {
		"thirdperson_righthand": {
			"translation": [0, 2.5, 0.75],
			"scale": [0.6, 0.6, 0.6]
		},
		"thirdperson_lefthand": {
			"translation": [0, 2.5, 0.75],
			"scale": [0.6, 0.6, 0.6]
		},
		"firstperson_righthand": {
			"rotation": [11, 16, 0],
			"translation": [3, 0.75, -3.5],
			"scale": [0.6, 0.6, 0.6]
		},
		"firstperson_lefthand": {
			"rotation": [11, 16, 0],
			"translation": [3, 0.75, -3.5],
			"scale": [0.6, 0.6, 0.6]
		},
		"ground": {
			"rotation": [0, 0, 88],
			"translation": [-2, 2.5, 0.25],
			"scale": [0.45, 0.45, 0.45]
		},
		"gui": {
			"rotation": [-90, -135, -90],
			"translation": [0, 0, -1.5],
			"scale": [0.55, 0.55, 0.55]
		},
		"head": {
			"rotation": [90, -156, 90],
			"translation": [-2, 10, 1.75],
			"scale": [0.6, 0.6, 0.6]
		},
		"fixed": {
			"rotation": [-90, -90, -90],
			"translation": [0, 2.75, -1],
			"scale": [1.2, 1.2, 1.2]
		}
	},
	"groups": [
		{
			"name": "group",
			"origin": [15.03553, 26.46289, 0],
			"color": 0,
			"children": [0, 1, 2, 3, 4, 5, 6, 7, 8, 9, 10, 11, 12, 13, 14, 15, 16, 17]
		}
	]
}