{
	"credit": "Made with Blockbench",
	"texture_size": [32, 32],
	"textures": {
		"0": "elitecreatures:knight_assortment/knight_sword",
		"particle": "elitecreatures:knight_assortment/knight_sword"
	},
	"elements": [
		{
			"from": [7, -3, 7],
			"to": [9, 2, 9],
			"rotation": {"angle": 45, "axis": "y", "origin": [8, -1.5, 8]},
			"faces": {
				"north": {"uv": [1, 12, 0, 14.5], "texture": "#0"},
				"east": {"uv": [0, 12, 1, 14.5], "texture": "#0"},
				"south": {"uv": [1, 12, 0, 14.5], "texture": "#0"},
				"west": {"uv": [0, 12, 1, 14.5], "texture": "#0"}
			}
		},
		{
			"from": [6.5, 2, 4.5],
			"to": [9.5, 5, 11.5],
			"rotation": {"angle": 0, "axis": "y", "origin": [0, -3, 16]},
			"faces": {
				"north": {"uv": [13, 2.5, 14.5, 4], "texture": "#0"},
				"east": {"uv": [12.5, 2.5, 9, 4], "texture": "#0"},
				"south": {"uv": [13, 2.5, 14.5, 4], "texture": "#0"},
				"west": {"uv": [9, 2.5, 12.5, 4], "texture": "#0"},
				"up": {"uv": [8, 6, 4.5, 4.5], "rotation": 270, "texture": "#0"},
				"down": {"uv": [8, 7, 4.5, 8.5], "rotation": 90, "texture": "#0"}
			}
		},
		{
			"from": [6.5, -7, 6.5],
			"to": [9.5, -3, 9.5],
			"rotation": {"angle": 0, "axis": "y", "origin": [8, -5, 8]},
			"faces": {
				"north": {"uv": [12, 0, 13.5, 2], "texture": "#0"},
				"east": {"uv": [12, 0, 13.5, 2], "texture": "#0"},
				"south": {"uv": [12, 0, 13.5, 2], "texture": "#0"},
				"west": {"uv": [12, 0, 13.5, 2], "texture": "#0"},
				"up": {"uv": [3, 13.5, 1.5, 12], "rotation": 270, "texture": "#0"},
				"down": {"uv": [5, 12, 3.5, 13.5], "rotation": 90, "texture": "#0"}
			}
		},
		{
			"from": [8, 9.50448, 2.93073],
			"to": [8.03, 24.50448, 11.93073],
			"rotation": {"angle": 22.5, "axis": "x", "origin": [7.5, 6.1, 5.3]},
			"faces": {
				"east": {"uv": [4.5, 0, 0, 7.5], "texture": "#0"},
				"west": {"uv": [0, 0, 4.5, 7.5], "texture": "#0"}
			}
		},
		{
			"from": [7.96, -13.88909, 1.31802],
			"to": [8, -5.88909, 9.31802],
			"rotation": {"angle": 22.5, "axis": "x", "origin": [8, -6.88909, 9.31802]},
			"faces": {
				"east": {"uv": [9, 0, 5, 4], "texture": "#0"},
				"west": {"uv": [5, 0, 9, 4], "texture": "#0"}
			}
		},
		{
			"from": [6.48, 2.58, 7],
			"to": [9.52, 6.58, 11],
			"rotation": {"angle": -45, "axis": "x", "origin": [8, 3.58, 8]},
			"faces": {
				"east": {"uv": [11.5, 0, 9.5, 2], "texture": "#0"},
				"south": {"uv": [14, 0, 15.52, 2], "texture": "#0"},
				"west": {"uv": [9.5, 0, 11.5, 2], "texture": "#0"},
				"up": {"uv": [14, 2.02, 15.5, 0], "texture": "#0"}
			}
		},
		{
			"from": [7.48, 3.18266, 6.89059],
			"to": [8.54, 10.18266, 9.89059],
			"rotation": {"angle": -22.5, "axis": "x", "origin": [7.5, 6.1, 5.3]},
			"faces": {
				"north": {"uv": [0, 8, 0.5, 11.5], "texture": "#0"},
				"east": {"uv": [1.5, 8, 0, 11.5], "texture": "#0"},
				"south": {"uv": [1, 8, 1.5, 11.5], "texture": "#0"},
				"west": {"uv": [0, 8, 1.5, 11.5], "texture": "#0"},
				"up": {"uv": [1.5, 8, 0, 8.5], "rotation": 270, "texture": "#0"}
			}
		},
		{
			"from": [7.5, 10.50448, 3.93073],
			"to": [8.53, 19.50448, 6.93073],
			"rotation": {"angle": 22.5, "axis": "x", "origin": [7.5, 6.1, 5.3]},
			"faces": {
				"north": {"uv": [0.5, 2.5, 1, 7], "texture": "#0"},
				"east": {"uv": [2, 2.5, 0.5, 7], "texture": "#0"},
				"south": {"uv": [1.5, 2.5, 2, 7], "texture": "#0"},
				"west": {"uv": [0.5, 2.5, 2, 7], "texture": "#0"},
				"up": {"uv": [2, 2.5, 0.5, 3], "rotation": 270, "texture": "#0"}
			}
		},
		{
			"from": [6.5, 1.99, 2.37868],
			"to": [8.62132, 5.01, 4.5],
			"rotation": {"angle": -45, "axis": "y", "origin": [6.5, 5, 4.5]},
			"faces": {
				"north": {"uv": [9, 4.5, 10, 6], "texture": "#0"},
				"west": {"uv": [10, 4.5, 9, 6], "texture": "#0"},
				"up": {"uv": [11.5, 4.5, 10.5, 5.5], "rotation": 270, "texture": "#0"},
				"down": {"uv": [13, 4.5, 12, 5.5], "rotation": 90, "texture": "#0"}
			}
		},
		{
			"from": [6.5, 1.99, 11.5],
			"to": [8.62132, 5.01, 13.62132],
			"rotation": {"angle": 45, "axis": "y", "origin": [6.5, 5, 11.5]},
			"faces": {
				"south": {"uv": [10, 4.5, 9, 6], "texture": "#0"},
				"west": {"uv": [9, 4.5, 10, 6], "texture": "#0"},
				"up": {"uv": [10.5, 4.5, 11.5, 5.5], "rotation": 270, "texture": "#0"},
				"down": {"uv": [12, 4.5, 13, 5.5], "rotation": 90, "texture": "#0"}
			}
		}
	],
	"gui_light": "front",
	"display": {
		"thirdperson_righthand": {
			"translation": [0, 3.25, 0.5],
			"scale": [0.6, 0.6, 0.6]
		},
		"thirdperson_lefthand": {
			"translation": [0, 3.25, 0.5],
			"scale": [0.6, 0.6, 0.6]
		},
		"firstperson_righthand": {
			"rotation": [-9, 11, 14],
			"translation": [3.75, 2.75, -2.75],
			"scale": [0.6, 0.6, 0.6]
		},
		"firstperson_lefthand": {
			"rotation": [-9, 11, 14],
			"translation": [3.75, 2.75, -2.75],
			"scale": [0.6, 0.6, 0.6]
		},
		"ground": {
			"rotation": [0, 0, 88],
			"translation": [-2, 2.5, 0.25],
			"scale": [0.45, 0.45, 0.45]
		},
		"gui": {
			"rotation": [90, -62, 90],
			"translation": [-0.5, 1.25, -1.5],
			"scale": [0.55, 0.55, 0.55]
		},
		"head": {
			"rotation": [90, -156, 90],
			"translation": [-2, 10, 1.75],
			"scale": [0.6, 0.6, 0.6]
		},
		"fixed": {
			"rotation": [-90, -90, -90],
			"translation": [0, 2.75, -1],
			"scale": [1.2, 1.2, 1.2]
		}
	},
	"groups": [
		{
			"name": "group",
			"origin": [10.7, 6.1, 7.5],
			"color": 0,
			"children": [0, 1, 2, 3, 4, 5, 6, 7, 8, 9]
		}
	]
}