{"textures":{"0":"modelengine:entity/nm_cassowary_texture"},"elements":[{"from":[7.0005,8.985259,0.07658148],"to":[9.0005,9.985259,3.0765815],"faces":{"east":{"uv":[9.5,3.0,10.25,3.25],"tintindex":0,"rotation":0,"texture":"#0"},"south":{"uv":[0.75,7.75,1.25,8.0],"tintindex":0,"rotation":0,"texture":"#0"},"north":{"uv":[2.75,7.5,3.25,7.75],"tintindex":0,"rotation":0,"texture":"#0"},"west":{"uv":[9.5,8.75,10.25,9.0],"tintindex":0,"rotation":0,"texture":"#0"},"up":{"uv":[9.75,1.75,9.25,1.0],"tintindex":0,"rotation":0,"texture":"#0"},"down":{"uv":[2.0,9.25,1.5,10.0],"tintindex":0,"rotation":0,"texture":"#0"}}},{"from":[7.5005,9.756415,4.1378217],"to":[8.5005,14.756415,9.137822],"faces":{"east":{"uv":[3.25,6.5,4.5,7.75],"tintindex":0,"rotation":0,"texture":"#0"},"south":{"uv":[9.25,5.5,9.5,6.75],"tintindex":0,"rotation":0,"texture":"#0"},"north":{"uv":[4.0,9.0,4.25,10.25],"tintindex":0,"rotation":0,"texture":"#0"},"west":{"uv":[6.5,6.0,7.75,7.25],"tintindex":0,"rotation":0,"texture":"#0"},"up":{"uv":[9.5,8.0,9.25,6.75],"tintindex":0,"rotation":0,"texture":"#0"},"down":{"uv":[9.75,1.75,9.5,3.0],"tintindex":0,"rotation":0,"texture":"#0"}},"rotation":{"origin":[11.0005,14.506072,4.2442594],"angle":22.5,"axis":"x"}},{"from":[7.5005,9.000705,4.1665235],"to":[8.5005,9.750705,5.1665235],"faces":{"east":{"uv":[5.0,8.75,5.25,9.0],"tintindex":0,"rotation":0,"texture":"#0"},"south":{"uv":[9.25,1.75,9.5,2.0],"tintindex":0,"rotation":0,"texture":"#0"},"north":{"uv":[5.0,8.5,5.25,8.75],"tintindex":0,"rotation":0,"texture":"#0"},"west":{"uv":[9.5,9.0,9.75,9.25],"tintindex":0,"rotation":0,"texture":"#0"},"up":{"uv":[9.75,9.5,9.5,9.25],"tintindex":0,"rotation":0,"texture":"#0"},"down":{"uv":[9.75,9.5,9.5,9.75],"tintindex":0,"rotation":0,"texture":"#0"}},"rotation":{"origin":[11.0005,14.575364,4.272961],"angle":22.5,"axis":"x"}},{"from":[6.5004997,7.98526,3.0765815],"to":[9.5005,10.985259,8.076581],"faces":{"east":{"uv":[8.0,1.25,9.25,2.0],"tintindex":0,"rotation":0,"texture":"#0"},"south":{"uv":[5.75,9.0,6.5,9.75],"tintindex":0,"rotation":0,"texture":"#0"},"north":{"uv":[5.0,9.0,5.75,9.75],"tintindex":0,"rotation":0,"texture":"#0"},"west":{"uv":[8.0,6.75,9.25,7.5],"tintindex":0,"rotation":0,"texture":"#0"},"up":{"uv":[8.75,8.75,8.0,7.5],"tintindex":0,"rotation":0,"texture":"#0"},"down":{"uv":[9.0,2.0,8.25,3.25],"tintindex":0,"rotation":0,"texture":"#0"}}}],"display":{"gui":{"rotation":[30,225,0]}}}