{"textures":{"0":"modelengine:entity/nm_cassowary_texture"},"elements":[{"from":[8.5,-1.0513706,7.5091486],"to":[10.5,-1.0513706,11.509149],"faces":{"up":{"uv":[1.0,10.25,0.5,9.25],"tintindex":0,"rotation":0,"texture":"#0"},"down":{"uv":[1.5,9.25,1.0,10.25],"tintindex":0,"rotation":0,"texture":"#0"}}},{"from":[5.5,-1.0513706,7.5091486],"to":[7.5,-1.0513706,11.509149],"faces":{"up":{"uv":[0.5,10.25,0.0,9.25],"tintindex":0,"rotation":0,"texture":"#0"},"down":{"uv":[9.75,0.0,9.25,1.0],"tintindex":0,"rotation":0,"texture":"#0"}}},{"from":[6.5,2.9409466,6.933028],"to":[9.5,9.940947,11.933028],"faces":{"east":{"uv":[0.0,6.0,1.25,7.75],"tintindex":0,"rotation":0,"texture":"#0"},"south":{"uv":[7.25,7.25,8.0,9.0],"tintindex":0,"rotation":0,"texture":"#0"},"north":{"uv":[6.5,7.25,7.25,9.0],"tintindex":0,"rotation":0,"texture":"#0"},"west":{"uv":[5.25,6.0,6.5,7.75],"tintindex":0,"rotation":0,"texture":"#0"},"up":{"uv":[6.0,9.0,5.25,7.75],"tintindex":0,"rotation":0,"texture":"#0"},"down":{"uv":[8.5,5.5,7.75,6.75],"tintindex":0,"rotation":0,"texture":"#0"}},"rotation":{"origin":[8.0,6.32363,9.509149],"angle":-22.5,"axis":"x"}},{"from":[7.5,-1.1763706,6.5091486],"to":[8.5,-0.17637062,9.509149],"faces":{"east":{"uv":[8.5,6.5,9.25,6.75],"tintindex":0,"rotation":0,"texture":"#0"},"south":{"uv":[7.75,7.0,8.0,7.25],"tintindex":0,"rotation":0,"texture":"#0"},"north":{"uv":[7.75,6.75,8.0,7.0],"tintindex":0,"rotation":0,"texture":"#0"},"west":{"uv":[9.25,8.5,10.0,8.75],"tintindex":0,"rotation":0,"texture":"#0"},"up":{"uv":[9.75,7.25,9.5,6.5],"tintindex":0,"rotation":0,"texture":"#0"},"down":{"uv":[9.75,7.25,9.5,8.0],"tintindex":0,"rotation":0,"texture":"#0"}}},{"from":[7.0,-1.1763706,9.509149],"to":[9.0,3.8236299,11.509149],"faces":{"east":{"uv":[8.5,8.75,9.0,10.0],"tintindex":0,"rotation":0,"texture":"#0"},"south":{"uv":[2.0,9.0,2.5,10.25],"tintindex":0,"rotation":0,"texture":"#0"},"north":{"uv":[8.0,8.75,8.5,10.0],"tintindex":0,"rotation":0,"texture":"#0"},"west":{"uv":[9.0,2.0,9.5,3.25],"tintindex":0,"rotation":0,"texture":"#0"},"up":{"uv":[10.0,6.0,9.5,5.5],"tintindex":0,"rotation":0,"texture":"#0"},"down":{"uv":[10.0,6.0,9.5,6.5],"tintindex":0,"rotation":0,"texture":"#0"}}}],"display":{"gui":{"rotation":[30,225,0]}}}