{"textures":{"0":"modelengine:entity/nm_cassowary_texture"},"elements":[{"from":[6.525,2.9910526,2.7820277],"to":[9.475,7.9910526,2.7820277],"faces":{"south":{"uv":[0.75,8.0,1.5,9.25],"tintindex":0,"rotation":0,"texture":"#0"},"north":{"uv":[8.0,0.0,8.75,1.25],"tintindex":0,"rotation":0,"texture":"#0"}}},{"from":[6.525,11.21835,4.9209647],"to":[9.475,14.21835,7.9209642],"faces":{"east":{"uv":[2.5,9.0,3.25,9.75],"tintindex":0,"rotation":0,"texture":"#0"},"south":{"uv":[3.25,9.0,4.0,9.75],"tintindex":0,"rotation":0,"texture":"#0"},"north":{"uv":[8.25,3.25,9.0,4.0],"tintindex":0,"rotation":0,"texture":"#0"},"west":{"uv":[9.0,3.25,9.75,4.0],"tintindex":0,"rotation":0,"texture":"#0"},"up":{"uv":[9.75,4.75,9.0,4.0],"tintindex":0,"rotation":0,"texture":"#0"},"down":{"uv":[9.75,4.75,9.0,5.5],"tintindex":0,"rotation":0,"texture":"#0"}},"rotation":{"origin":[8.0,12.978769,5.794316],"angle":22.5,"axis":"x"}},{"from":[6.525,6.6907616,3.3200326],"to":[9.475,10.690762,9.320032],"faces":{"east":{"uv":[6.75,2.0,8.25,3.0],"tintindex":0,"rotation":0,"texture":"#0"},"south":{"uv":[8.5,5.5,9.25,6.5],"tintindex":0,"rotation":0,"texture":"#0"},"north":{"uv":[4.25,8.5,5.0,9.5],"tintindex":0,"rotation":0,"texture":"#0"},"west":{"uv":[6.75,3.0,8.25,4.0],"tintindex":0,"rotation":0,"texture":"#0"},"up":{"uv":[2.75,9.0,2.0,7.5],"tintindex":0,"rotation":0,"texture":"#0"},"down":{"uv":[0.75,7.75,0.0,9.25],"tintindex":0,"rotation":0,"texture":"#0"}},"rotation":{"origin":[8.0,8.690762,6.3200326],"angle":22.5,"axis":"x"}}],"display":{"gui":{"rotation":[30,225,0]}}}