{"textures":{"0":"modelengine:entity/nm_cassowary_texture"},"elements":[{"from":[5.0,4.716962,13.210794],"to":[11.0,12.141962,16.260796],"faces":{"east":{"uv":[1.25,6.0,2.0,8.0],"tintindex":0,"rotation":0,"texture":"#0"},"south":{"uv":[5.25,4.0,6.75,6.0],"tintindex":0,"rotation":0,"texture":"#0"},"north":{"uv":[5.25,2.0,6.75,4.0],"tintindex":0,"rotation":0,"texture":"#0"},"west":{"uv":[4.5,6.5,5.25,8.5],"tintindex":0,"rotation":0,"texture":"#0"},"up":{"uv":[9.0,4.75,7.5,4.0],"tintindex":0,"rotation":0,"texture":"#0"},"down":{"uv":[9.0,4.75,7.5,5.5],"tintindex":0,"rotation":0,"texture":"#0"}},"rotation":{"origin":[8.0,8.641962,12.260794],"angle":-22.5,"axis":"x"}},{"from":[4.0,5.4062734,1.6169205],"to":[12.0,13.406273,14.61692],"faces":{"east":{"uv":[0.0,0.0,3.25,2.0],"tintindex":0,"rotation":0,"texture":"#0"},"south":{"uv":[5.25,0.0,7.25,2.0],"tintindex":0,"rotation":0,"texture":"#0"},"north":{"uv":[0.0,4.0,2.0,6.0],"tintindex":0,"rotation":0,"texture":"#0"},"west":{"uv":[0.0,2.0,3.25,4.0],"tintindex":0,"rotation":0,"texture":"#0"},"up":{"uv":[5.25,3.25,3.25,0.0],"tintindex":0,"rotation":0,"texture":"#0"},"down":{"uv":[5.25,3.25,3.25,6.5],"tintindex":0,"rotation":0,"texture":"#0"}}}],"display":{"gui":{"rotation":[30,225,0]}}}