{"textures":{"0":"modelengine:entity/nm_cassowary_texture"},"elements":[{"from":[5.5,-1.0513706,7.5091486],"to":[7.5,-1.0513706,11.509149],"faces":{"up":{"uv":[0.5,10.25,1.0,9.25],"tintindex":0,"rotation":0,"texture":"#0"},"down":{"uv":[1.0,9.25,1.5,10.25],"tintindex":0,"rotation":0,"texture":"#0"}}},{"from":[7.0,-1.1763706,9.509149],"to":[9.0,3.8236299,11.509149],"faces":{"east":{"uv":[1.5,8.0,2.0,9.25],"tintindex":0,"rotation":0,"texture":"#0"},"south":{"uv":[8.75,0.0,9.25,1.25],"tintindex":0,"rotation":0,"texture":"#0"},"north":{"uv":[6.0,7.75,6.5,9.0],"tintindex":0,"rotation":0,"texture":"#0"},"west":{"uv":[8.75,7.5,9.25,8.75],"tintindex":0,"rotation":0,"texture":"#0"},"up":{"uv":[9.75,8.5,9.25,8.0],"tintindex":0,"rotation":0,"texture":"#0"},"down":{"uv":[4.75,9.5,4.25,10.0],"tintindex":0,"rotation":0,"texture":"#0"}}},{"from":[6.5,2.9409466,6.933028],"to":[9.5,9.940947,11.933028],"faces":{"east":{"uv":[2.0,4.0,3.25,5.75],"tintindex":0,"rotation":0,"texture":"#0"},"south":{"uv":[7.25,0.0,8.0,1.75],"tintindex":0,"rotation":0,"texture":"#0"},"north":{"uv":[6.75,4.0,7.5,5.75],"tintindex":0,"rotation":0,"texture":"#0"},"west":{"uv":[2.0,5.75,3.25,7.5],"tintindex":0,"rotation":0,"texture":"#0"},"up":{"uv":[3.5,9.0,2.75,7.75],"tintindex":0,"rotation":0,"texture":"#0"},"down":{"uv":[4.25,7.75,3.5,9.0],"tintindex":0,"rotation":0,"texture":"#0"}},"rotation":{"origin":[8.0,6.32363,9.509149],"angle":-22.5,"axis":"x"}},{"from":[7.5,-1.1763706,6.5091486],"to":[8.5,-0.17637062,9.509149],"faces":{"east":{"uv":[6.75,5.75,7.5,6.0],"tintindex":0,"rotation":0,"texture":"#0"},"south":{"uv":[7.5,5.75,7.75,6.0],"tintindex":0,"rotation":0,"texture":"#0"},"north":{"uv":[7.5,5.5,7.75,5.75],"tintindex":0,"rotation":0,"texture":"#0"},"west":{"uv":[7.25,1.75,8.0,2.0],"tintindex":0,"rotation":0,"texture":"#0"},"up":{"uv":[4.5,8.5,4.25,7.75],"tintindex":0,"rotation":0,"texture":"#0"},"down":{"uv":[5.0,9.5,4.75,10.25],"tintindex":0,"rotation":0,"texture":"#0"}}},{"from":[8.5,-1.0513706,7.5091486],"to":[10.5,-1.0513706,11.509149],"faces":{"up":{"uv":[0.0,10.25,0.5,9.25],"tintindex":0,"rotation":0,"texture":"#0"},"down":{"uv":[9.25,0.0,9.75,1.0],"tintindex":0,"rotation":0,"texture":"#0"}}}],"display":{"gui":{"rotation":[30,225,0]}}}