{"textures":{"0":"modelengine:entity/clank"},"elements":[{"from":[7.5,7.538684,7.39448],"to":[8.5,10.538685,8.394481],"faces":{"east":{"uv":[11.0,6.0,11.5,7.5],"tintindex":0,"rotation":0,"texture":"#0"},"south":{"uv":[6.5,11.0,7.0,12.5],"tintindex":0,"rotation":0,"texture":"#0"},"north":{"uv":[6.0,11.0,6.5,12.5],"tintindex":0,"rotation":0,"texture":"#0"},"west":{"uv":[7.0,11.0,7.5,12.5],"tintindex":0,"rotation":0,"texture":"#0"},"up":{"uv":[8.5,11.5,8.0,11.0],"tintindex":0,"rotation":0,"texture":"#0"},"down":{"uv":[9.0,11.0,8.5,11.5],"tintindex":0,"rotation":0,"texture":"#0"}},"rotation":{"origin":[8.0,8.0,8.0],"angle":22.5,"axis":"x"}},{"from":[7.0,10.133165,7.855796],"to":[9.0,12.133165,9.855796],"faces":{"east":{"uv":[6.0,10.0,7.0,11.0],"tintindex":0,"rotation":0,"texture":"#0"},"south":{"uv":[10.0,7.0,11.0,8.0],"tintindex":0,"rotation":0,"texture":"#0"},"north":{"uv":[6.0,5.0,7.0,6.0],"tintindex":0,"rotation":0,"texture":"#0"},"west":{"uv":[10.0,8.0,11.0,9.0],"tintindex":0,"rotation":0,"texture":"#0"},"up":{"uv":[11.0,10.0,10.0,9.0],"tintindex":0,"rotation":0,"texture":"#0"},"down":{"uv":[11.0,10.0,10.0,11.0],"tintindex":0,"rotation":0,"texture":"#0"}},"rotation":{"origin":[8.0,10.199999,9.0],"angle":22.5,"axis":"x"}}],"display":{"gui":{"rotation":[30,225,0]}}}