{"textures":{"0":"modelengine:entity/clank"},"elements":[{"from":[8.0,4.0,7.0],"to":[10.0,8.0,9.0],"faces":{"east":{"uv":[6.0,8.0,7.0,10.0],"tintindex":0,"rotation":0,"texture":"#0"},"south":{"uv":[0.0,9.0,1.0,11.0],"tintindex":0,"rotation":0,"texture":"#0"},"north":{"uv":[5.0,8.0,6.0,10.0],"tintindex":0,"rotation":0,"texture":"#0"},"west":{"uv":[9.0,0.0,10.0,2.0],"tintindex":0,"rotation":0,"texture":"#0"},"up":{"uv":[1.0,12.0,0.0,11.0],"tintindex":0,"rotation":0,"texture":"#0"},"down":{"uv":[12.0,0.0,11.0,1.0],"tintindex":0,"rotation":0,"texture":"#0"}}}],"display":{"gui":{"rotation":[30,225,0]}}}