{"textures":{"0":"modelengine:entity/clank"},"elements":[{"from":[7.0,4.0,7.0],"to":[9.0,8.0,9.0],"faces":{"east":{"uv":[4.0,10.0,5.0,12.0],"tintindex":0,"rotation":0,"texture":"#0"},"south":{"uv":[5.0,10.0,6.0,12.0],"tintindex":0,"rotation":0,"texture":"#0"},"north":{"uv":[3.0,10.0,4.0,12.0],"tintindex":0,"rotation":0,"texture":"#0"},"west":{"uv":[10.0,5.0,11.0,7.0],"tintindex":0,"rotation":0,"texture":"#0"},"up":{"uv":[12.0,5.0,11.0,4.0],"tintindex":0,"rotation":0,"texture":"#0"},"down":{"uv":[12.0,5.0,11.0,6.0],"tintindex":0,"rotation":0,"texture":"#0"}}}],"display":{"gui":{"rotation":[30,225,0]}}}