{"textures":{"0":"modelengine:entity/clank"},"elements":[{"from":[4.9,7.9,6.9],"to":[11.1,10.0,7.8],"faces":{"east":{"uv":[7.5,11.0,8.0,12.0],"tintindex":0,"rotation":0,"texture":"#0"},"south":{"uv":[8.0,4.0,11.0,5.0],"tintindex":0,"rotation":0,"texture":"#0"},"north":{"uv":[8.0,3.0,11.0,4.0],"tintindex":0,"rotation":0,"texture":"#0"},"west":{"uv":[11.0,7.5,11.5,8.5],"tintindex":0,"rotation":0,"texture":"#0"},"up":{"uv":[12.0,2.5,9.0,2.0],"tintindex":0,"rotation":0,"texture":"#0"},"down":{"uv":[12.0,2.5,9.0,3.0],"tintindex":0,"rotation":0,"texture":"#0"}}}],"display":{"gui":{"rotation":[30,225,0]}}}