{"textures":{"0":"modelengine:entity/kit"},"elements":[{"from":[4.0,6.8999996,6.9],"to":[6.0,8.9,8.9],"faces":{"east":{"uv":[11.0,8.0,10.0,9.0],"tintindex":0,"rotation":0,"texture":"#0"},"south":{"uv":[11.0,7.0,10.0,8.0],"tintindex":0,"rotation":0,"texture":"#0"},"north":{"uv":[7.0,5.0,6.0,6.0],"tintindex":0,"rotation":0,"texture":"#0"},"west":{"uv":[7.0,10.0,6.0,11.0],"tintindex":0,"rotation":0,"texture":"#0"},"up":{"uv":[10.0,10.0,11.0,9.0],"tintindex":0,"rotation":0,"texture":"#0"},"down":{"uv":[10.0,10.0,11.0,11.0],"tintindex":0,"rotation":0,"texture":"#0"}}},{"from":[10.0,6.8999996,6.9],"to":[12.0,8.9,8.9],"faces":{"east":{"uv":[6.0,10.0,7.0,11.0],"tintindex":0,"rotation":0,"texture":"#0"},"south":{"uv":[10.0,7.0,11.0,8.0],"tintindex":0,"rotation":0,"texture":"#0"},"north":{"uv":[6.0,5.0,7.0,6.0],"tintindex":0,"rotation":0,"texture":"#0"},"west":{"uv":[10.0,8.0,11.0,9.0],"tintindex":0,"rotation":0,"texture":"#0"},"up":{"uv":[11.0,10.0,10.0,9.0],"tintindex":0,"rotation":0,"texture":"#0"},"down":{"uv":[11.0,10.0,10.0,11.0],"tintindex":0,"rotation":0,"texture":"#0"}}}],"display":{"gui":{"rotation":[30,225,0]}}}