{"textures":{"0":"modelengine:entity/kit"},"elements":[{"from":[5.0,8.0,5.0],"to":[11.0,14.0,11.0],"faces":{"east":{"uv":[0.0,3.0,3.0,6.0],"tintindex":0,"rotation":0,"texture":"#0"},"south":{"uv":[3.0,0.0,6.0,3.0],"tintindex":0,"rotation":0,"texture":"#0"},"north":{"uv":[0.0,0.0,3.0,3.0],"tintindex":0,"rotation":0,"texture":"#0"},"west":{"uv":[3.0,3.0,6.0,6.0],"tintindex":0,"rotation":0,"texture":"#0"},"up":{"uv":[3.0,9.0,0.0,6.0],"tintindex":0,"rotation":0,"texture":"#0"},"down":{"uv":[9.0,0.0,6.0,3.0],"tintindex":0,"rotation":0,"texture":"#0"}}}],"display":{"gui":{"rotation":[30,225,0]}}}