{"textures":{"0":"modelengine:entity/nm_cassowary_baby_texture"},"elements":[{"from":[7.0,8.918108,2.0179768],"to":[9.0,9.918108,4.0179768],"faces":{"east":{"uv":[4.5,10.0,5.5,10.5],"tintindex":0,"rotation":0,"texture":"#0"},"south":{"uv":[10.0,5.0,11.0,5.5],"tintindex":0,"rotation":0,"texture":"#0"},"north":{"uv":[3.5,10.0,4.5,10.5],"tintindex":0,"rotation":0,"texture":"#0"},"west":{"uv":[10.0,5.5,11.0,6.0],"tintindex":0,"rotation":0,"texture":"#0"},"up":{"uv":[7.0,10.5,6.0,9.5],"tintindex":0,"rotation":0,"texture":"#0"},"down":{"uv":[10.5,6.0,9.5,7.0],"tintindex":0,"rotation":0,"texture":"#0"}}},{"from":[7.5,8.920795,4.913246],"to":[8.5,10.720795,5.913246],"faces":{"east":{"uv":[7.0,10.0,7.5,11.0],"tintindex":0,"rotation":0,"texture":"#0"},"south":{"uv":[10.0,7.0,10.5,8.0],"tintindex":0,"rotation":0,"texture":"#0"},"north":{"uv":[5.5,10.0,6.0,11.0],"tintindex":0,"rotation":0,"texture":"#0"},"west":{"uv":[7.5,10.0,8.0,11.0],"tintindex":0,"rotation":0,"texture":"#0"},"up":{"uv":[9.5,6.5,9.0,6.0],"tintindex":0,"rotation":0,"texture":"#0"},"down":{"uv":[10.5,8.0,10.0,8.5],"tintindex":0,"rotation":0,"texture":"#0"}},"rotation":{"origin":[11.0,14.012489,5.1490936],"angle":22.5,"axis":"x"}},{"from":[6.5,7.918109,4.0179768],"to":[9.5,10.918108,8.017977],"faces":{"east":{"uv":[5.5,4.0,7.5,5.5],"tintindex":0,"rotation":0,"texture":"#0"},"south":{"uv":[3.0,7.0,4.5,8.5],"tintindex":0,"rotation":0,"texture":"#0"},"north":{"uv":[7.0,2.0,8.5,3.5],"tintindex":0,"rotation":0,"texture":"#0"},"west":{"uv":[5.5,5.5,7.5,7.0],"tintindex":0,"rotation":0,"texture":"#0"},"up":{"uv":[1.5,8.0,0.0,6.0],"tintindex":0,"rotation":0,"texture":"#0"},"down":{"uv":[3.0,6.0,1.5,8.0],"tintindex":0,"rotation":0,"texture":"#0"}}}],"display":{"gui":{"rotation":[30,225,0]}}}