{"textures":{"0":"modelengine:entity/nm_cassowary_baby_texture"},"elements":[{"from":[7.025,9.725132,5.6318073],"to":[8.975,11.725133,7.6318073],"faces":{"east":{"uv":[8.5,9.0,9.5,10.0],"tintindex":0,"rotation":0,"texture":"#0"},"south":{"uv":[9.5,0.0,10.5,1.0],"tintindex":0,"rotation":0,"texture":"#0"},"north":{"uv":[9.0,5.0,10.0,6.0],"tintindex":0,"rotation":0,"texture":"#0"},"west":{"uv":[1.0,9.5,2.0,10.5],"tintindex":0,"rotation":0,"texture":"#0"},"up":{"uv":[3.0,10.5,2.0,9.5],"tintindex":0,"rotation":0,"texture":"#0"},"down":{"uv":[10.5,2.0,9.5,3.0],"tintindex":0,"rotation":0,"texture":"#0"}},"rotation":{"origin":[8.0,10.002588,6.6345673],"angle":22.5,"axis":"x"}},{"from":[7.025,7.197544,4.030875],"to":[8.975,9.197544,8.030876],"faces":{"east":{"uv":[6.5,7.0,8.5,8.0],"tintindex":0,"rotation":0,"texture":"#0"},"south":{"uv":[9.5,4.0,10.5,5.0],"tintindex":0,"rotation":0,"texture":"#0"},"north":{"uv":[9.5,3.0,10.5,4.0],"tintindex":0,"rotation":0,"texture":"#0"},"west":{"uv":[7.5,0.0,9.5,1.0],"tintindex":0,"rotation":0,"texture":"#0"},"up":{"uv":[8.5,5.5,7.5,3.5],"tintindex":0,"rotation":0,"texture":"#0"},"down":{"uv":[1.0,8.0,0.0,10.0],"tintindex":0,"rotation":0,"texture":"#0"}},"rotation":{"origin":[8.0,5.7145815,7.160285],"angle":22.5,"axis":"x"}}],"display":{"gui":{"rotation":[30,225,0]}}}