{"textures":{"0":"modelengine:entity/nm_cassowary_baby_texture"},"elements":[{"from":[6.5,0.9188194,11.886147],"to":[9.5,4.618819,13.411147],"faces":{"east":{"uv":[4.5,7.0,5.5,9.0],"tintindex":0,"rotation":0,"texture":"#0"},"south":{"uv":[5.5,2.0,7.0,4.0],"tintindex":0,"rotation":0,"texture":"#0"},"north":{"uv":[2.0,4.0,3.5,6.0],"tintindex":0,"rotation":0,"texture":"#0"},"west":{"uv":[5.5,7.0,6.5,9.0],"tintindex":0,"rotation":0,"texture":"#0"},"up":{"uv":[9.0,2.0,7.5,1.0],"tintindex":0,"rotation":0,"texture":"#0"},"down":{"uv":[9.0,5.5,7.5,6.5],"tintindex":0,"rotation":0,"texture":"#0"}},"rotation":{"origin":[8.0,0.6419606,9.260794],"angle":-22.5,"axis":"x"}},{"from":[6.0,1.9043708,4.5733423],"to":[10.0,5.904371,11.573342],"faces":{"east":{"uv":[0.0,0.0,3.5,2.0],"tintindex":0,"rotation":0,"texture":"#0"},"south":{"uv":[5.5,0.0,7.5,2.0],"tintindex":0,"rotation":0,"texture":"#0"},"north":{"uv":[0.0,4.0,2.0,6.0],"tintindex":0,"rotation":0,"texture":"#0"},"west":{"uv":[0.0,2.0,3.5,4.0],"tintindex":0,"rotation":0,"texture":"#0"},"up":{"uv":[5.5,3.5,3.5,0.0],"tintindex":0,"rotation":0,"texture":"#0"},"down":{"uv":[5.5,3.5,3.5,7.0],"tintindex":0,"rotation":0,"texture":"#0"}}}],"display":{"gui":{"rotation":[30,225,0]}}}