{"textures":{"0":"modelengine:entity/nm_cassowary_baby_texture"},"elements":[{"from":[7.0,4.1296816,7.2840137],"to":[9.0,4.1296816,8.284014],"faces":{"up":{"uv":[8.5,7.0,7.5,6.5],"tintindex":0,"rotation":0,"texture":"#0"},"down":{"uv":[8.0,9.5,7.0,10.0],"tintindex":0,"rotation":0,"texture":"#0"}}},{"from":[7.0,5.816621,7.5253553],"to":[9.0,8.816622,9.525355],"faces":{"east":{"uv":[2.0,8.0,3.0,9.5],"tintindex":0,"rotation":0,"texture":"#0"},"south":{"uv":[6.5,8.0,7.5,9.5],"tintindex":0,"rotation":0,"texture":"#0"},"north":{"uv":[1.0,8.0,2.0,9.5],"tintindex":0,"rotation":0,"texture":"#0"},"west":{"uv":[7.5,8.0,8.5,9.5],"tintindex":0,"rotation":0,"texture":"#0"},"up":{"uv":[9.5,9.0,8.5,8.0],"tintindex":0,"rotation":0,"texture":"#0"},"down":{"uv":[10.0,1.0,9.0,2.0],"tintindex":0,"rotation":0,"texture":"#0"}},"rotation":{"origin":[8.0,6.604681,8.784014],"angle":-22.5,"axis":"x"}},{"from":[7.5,4.104681,8.284014],"to":[8.5,6.1046815,9.284014],"faces":{"east":{"uv":[9.5,7.0,10.0,8.0],"tintindex":0,"rotation":0,"texture":"#0"},"south":{"uv":[8.0,9.5,8.5,10.5],"tintindex":0,"rotation":0,"texture":"#0"},"north":{"uv":[3.0,6.0,3.5,7.0],"tintindex":0,"rotation":0,"texture":"#0"},"west":{"uv":[9.5,8.0,10.0,9.0],"tintindex":0,"rotation":0,"texture":"#0"},"up":{"uv":[7.5,4.0,7.0,3.5],"tintindex":0,"rotation":0,"texture":"#0"},"down":{"uv":[4.5,8.5,4.0,9.0],"tintindex":0,"rotation":0,"texture":"#0"}}}],"display":{"gui":{"rotation":[30,225,0]}}}