{
    "providers":
    [
        {
            "type": "bitmap",
            "file": "along:font/logo.png",
            "ascent": 40,
            "height": 50,
            "chars": ["\u0F1A"]
        },
        {
            "type": "bitmap",
            "file": "along:font/emote1.png",
            "ascent": 15,
            "height": 15,
            "chars": ["\u2617"]
        },
        {
            "type": "bitmap",
            "file": "along:font/emote2.png",
            "ascent": 15,
            "height": 15,
            "chars": ["\uD800\uDF80"]
        },
        {
            "type": "bitmap",
            "file": "along:font/pepemafioso.png",
            "ascent": 15,
            "height": 15,
            "chars": ["\uD800\uDF48"]
        }
    ]
}