{
    "providers":
    [
        {
            "type": "bitmap",
            "file": "along:font/logo.png",
            "ascent": 40,
            "height": 50,
            "chars": ["\u0F1A"]
        },
        {
            "type": "bitmap",
            "file": "along:font/emote1.png",
            "ascent": 20,
            "height": 20,
            "chars": ["\u2617"]
        },
        {
            "type": "bitmap",
            "file": "along:font/emote2.png",
            "ascent": 20,
            "height": 20,
            "chars": ["\uD800\uDF80"]
        }
    ]
}