{
	"credit": "Made with Blockbench",
	"textures": {
		"1": "teleportation_hub/cloud_animation_2"
	},
	"elements": [
		{
			"from": [-16, -16, 0],
			"to": [32, 32, 0],
			"faces": {
				"north": {"uv": [0, 0, 16, 16], "texture": "#1"},
				"east": {"uv": [0, 0, 0, 16], "texture": "#missing"},
				"south": {"uv": [0, 0, 16, 16], "texture": "#1"},
				"west": {"uv": [0, 0, 0, 16], "texture": "#missing"},
				"up": {"uv": [0, 0, 16, 0], "texture": "#missing"},
				"down": {"uv": [0, 0, 16, 0], "texture": "#missing"}
			}
		}
	],
	"gui_light": "front",
	"display": {
		"gui": {
			"translation": [26, 17, 0],
			"scale": [1.32, 1.32, 1.32]
		}
	}
}