{
	"credit": "Made with Blockbench",
	"textures": {
		"0": "teleportation_hub/lava_animation_2",
		"particle": "teleportation_hub/lava_animation_2"
	},
	"elements": [
		{
			"from": [0, 23, 0],
			"to": [32, 32, 0],
			"faces": {
				"north": {"uv": [0, 0, 16, 16], "texture": "#missing"},
				"east": {"uv": [0, 0, 0, 16], "texture": "#missing"},
				"south": {"uv": [0, 0, 16, 4.5], "texture": "#0"},
				"west": {"uv": [0, 0, 0, 16], "texture": "#missing"},
				"up": {"uv": [0, 0, 16, 0], "texture": "#missing"},
				"down": {"uv": [0, 0, 16, 0], "texture": "#missing"}
			}
		}
	],
	"gui_light": "front",
	"display": {
		"gui": {
			"translation": [-32, 3, 0]
		}
	}
}