{
	"credit": "Made with Blockbench",
	"textures": {
		"4": "teleportation_hub/lava_animation_4"
	},
	"elements": [
		{
			"from": [0, 0, 0],
			"to": [16, 16, 0],
			"faces": {
				"north": {"uv": [0, 0, 16, 16], "texture": "#4"},
				"east": {"uv": [0, 0, 0, 16], "texture": "#4"},
				"south": {"uv": [0, 0, 16, 16], "texture": "#4"},
				"west": {"uv": [0, 0, 0, 16], "texture": "#4"},
				"up": {"uv": [0, 0, 16, 0], "texture": "#4"},
				"down": {"uv": [0, 0, 16, 0], "texture": "#4"}
			}
		}
	],
	"gui_light": "front",
	"display": {
		"gui": {
			"translation": [0, -22, 0]
		}
	}
}