{
	"credit": "Made with Blockbench",
	"textures": {
		"0": "teleportation_hub/sun_animation",
		"particle": "teleportation_hub/sun_animation"
	},
	"elements": [
		{
			"from": [-16, -1, 0],
			"to": [16, 28, 0],
			"rotation": {"angle": 0, "axis": "y", "origin": [0, -1, 0]},
			"faces": {
				"north": {"uv": [0, 0, 16, 16], "texture": "#missing"},
				"east": {"uv": [0, 0, 0, 16], "texture": "#missing"},
				"south": {"uv": [0, 0, 16, 16], "texture": "#0"},
				"west": {"uv": [0, 0, 0, 16], "texture": "#missing"},
				"up": {"uv": [0, 0, 16, 0], "texture": "#missing"},
				"down": {"uv": [0, 0, 16, 0], "texture": "#missing"}
			}
		}
	],
	"gui_light": "front",
	"display": {
		"gui": {
			"translation": [28, -27.5, 0]
		}
	}
}