{
	"credit": "Made with Blockbench",
	"texture_size": [64, 64],
	"textures": {
		"1": "elitecreatures:knight_assortment/knight_helmet"
	},
	"elements": [
		{
			"from": [3, 0, 3],
			"to": [13, 10, 13],
			"rotation": {"angle": 0, "axis": "y", "origin": [7, 4, 7]},
			"faces": {
				"north": {"uv": [0, 0, 2.5, 2.5], "texture": "#1"},
				"east": {"uv": [5.25, 0, 2.75, 2.5], "texture": "#1"},
				"south": {"uv": [0, 2.75, 2.5, 5.25], "texture": "#1"},
				"west": {"uv": [2.75, 0, 5.25, 2.5], "texture": "#1"},
				"up": {"uv": [5.25, 5.25, 2.75, 2.75], "texture": "#1"}
			}
		},
		{
			"from": [13, 10, 13],
			"to": [3, 0, 3],
			"rotation": {"angle": 0, "axis": "y", "origin": [31, 3, -1]},
			"faces": {
				"north": {"uv": [0, 5.25, 2.5, 2.75], "texture": "#1"},
				"east": {"uv": [2.75, 2.5, 5.25, 0], "texture": "#1"},
				"south": {"uv": [0, 2.5, 2.5, 0], "texture": "#1"},
				"west": {"uv": [5.25, 2.5, 2.75, 0], "texture": "#1"},
				"down": {"uv": [2.75, 5.25, 5.25, 2.75], "texture": "#1"}
			}
		},
		{
			"from": [3, 0, 3],
			"to": [7, 5, 4.02],
			"rotation": {"angle": 22.5, "axis": "y", "origin": [3, 2, 3]},
			"faces": {
				"north": {"uv": [8.75, 6, 9.75, 7.25], "texture": "#1"},
				"east": {"uv": [8.75, 6, 9, 7.25], "texture": "#1"},
				"up": {"uv": [9.75, 6, 8.75, 6.25], "texture": "#1"},
				"down": {"uv": [9.75, 7, 8.75, 7.25], "texture": "#1"}
			}
		},
		{
			"from": [9, 0, 3],
			"to": [13, 5, 4.02],
			"rotation": {"angle": -22.5, "axis": "y", "origin": [13, 2, 3]},
			"faces": {
				"north": {"uv": [9.75, 6, 8.75, 7.25], "texture": "#1"},
				"west": {"uv": [9, 6, 8.75, 7.25], "texture": "#1"},
				"up": {"uv": [8.75, 6, 9.75, 6.25], "texture": "#1"},
				"down": {"uv": [8.75, 7, 9.75, 7.25], "texture": "#1"}
			}
		},
		{
			"from": [3, -2, 2.98],
			"to": [5.5, 4, 13.02],
			"rotation": {"angle": -22.5, "axis": "z", "origin": [3, 4, 12]},
			"faces": {
				"north": {"uv": [9.25, 7.5, 10, 9], "texture": "#1"},
				"south": {"uv": [9.25, 9.25, 10, 10.75], "texture": "#1"},
				"west": {"uv": [5.5, 0, 8, 1.5], "texture": "#1"},
				"down": {"uv": [3.5, 7.75, 2.75, 10.25], "texture": "#1"}
			}
		},
		{
			"from": [8.79815, -3.41906, 13.02],
			"to": [6.29815, -9.41906, 2.98],
			"rotation": {"angle": -22.5, "axis": "z", "origin": [23.29815, 8.58094, -6.04]},
			"faces": {
				"north": {"uv": [9.25, 10.75, 10, 9.25], "texture": "#1"},
				"east": {"uv": [5.5, 1.5, 8, 0], "texture": "#1"},
				"south": {"uv": [9.25, 9, 10, 7.5], "texture": "#1"},
				"up": {"uv": [2.75, 7.75, 3.5, 10.25], "texture": "#1"}
			}
		},
		{
			"from": [9.70185, -3.41906, 13.02],
			"to": [7.20185, -9.41906, 2.98],
			"rotation": {"angle": 22.5, "axis": "z", "origin": [-7.29815, 8.58094, -6.04]},
			"faces": {
				"north": {"uv": [10, 10.75, 9.25, 9.25], "texture": "#1"},
				"south": {"uv": [10, 9, 9.25, 7.5], "texture": "#1"},
				"west": {"uv": [8, 1.5, 5.5, 0], "texture": "#1"},
				"up": {"uv": [3.5, 7.75, 2.75, 10.25], "texture": "#1"}
			}
		},
		{
			"from": [10.5, -2, 2.98],
			"to": [13, 4, 13.02],
			"rotation": {"angle": 22.5, "axis": "z", "origin": [13, 4, 12]},
			"faces": {
				"north": {"uv": [10, 7.5, 9.25, 9], "texture": "#1"},
				"east": {"uv": [8, 0, 5.5, 1.5], "texture": "#1"},
				"south": {"uv": [10, 9.25, 9.25, 10.75], "texture": "#1"},
				"down": {"uv": [2.75, 7.75, 3.5, 10.25], "texture": "#1"}
			}
		},
		{
			"from": [2.98, -3.91342, 10.1194],
			"to": [13.02, 2.08658, 12.6194],
			"rotation": {"angle": -22.5, "axis": "x", "origin": [4, 4, 8]},
			"faces": {
				"east": {"uv": [4.5, 9.5, 3.75, 11], "texture": "#1"},
				"south": {"uv": [5.5, 1.75, 8, 3.25], "texture": "#1"},
				"west": {"uv": [3.75, 9.5, 4.5, 11], "texture": "#1"},
				"down": {"uv": [10.5, 3.5, 8, 4.25], "texture": "#1"}
			}
		},
		{
			"from": [13.02, 4.91345, 18.35341],
			"to": [2.98, -1.08655, 15.85341],
			"rotation": {"angle": -22.5, "axis": "x", "origin": [-15.04, -8.99997, 17.9728]},
			"faces": {
				"north": {"uv": [5.5, 3.25, 8, 1.75], "texture": "#1"},
				"east": {"uv": [3.75, 11, 4.5, 9.5], "texture": "#1"},
				"west": {"uv": [4.5, 11, 3.75, 9.5], "texture": "#1"},
				"up": {"uv": [8, 3.5, 10.5, 4.25], "texture": "#1"}
			}
		},
		{
			"from": [6.5, 8, 2],
			"to": [9.5, 11, 14],
			"faces": {
				"north": {"uv": [10, 2.5, 10.75, 3.25], "texture": "#1"},
				"east": {"uv": [10.5, 5, 7.5, 5.75], "texture": "#1"},
				"south": {"uv": [8, 10, 8.75, 10.75], "texture": "#1"},
				"west": {"uv": [7.5, 5, 10.5, 5.75], "texture": "#1"},
				"up": {"uv": [6.75, 10.5, 6, 7.5], "texture": "#1"}
			}
		},
		{
			"from": [6.5, 7, 1.98],
			"to": [9.5, 10, 2.98],
			"rotation": {"angle": -45, "axis": "z", "origin": [8, 8.5, 2.48]},
			"faces": {
				"north": {"uv": [10.25, 7.25, 11, 8], "texture": "#1"},
				"east": {"uv": [5.5, 8, 5.75, 8.75], "texture": "#1"},
				"west": {"uv": [1, 9.75, 1.25, 10.5], "texture": "#1"},
				"up": {"uv": [8.75, 4.75, 8, 4.5], "texture": "#1"},
				"down": {"uv": [9.75, 4.5, 9, 4.75], "texture": "#1"}
			}
		},
		{
			"from": [6.5, 5, 13],
			"to": [9.5, 8, 14],
			"rotation": {"angle": 0, "axis": "y", "origin": [6.5, 6, 13]},
			"faces": {
				"east": {"uv": [7.25, 7.5, 7, 8.25], "texture": "#1"},
				"south": {"uv": [8.25, 2.75, 9, 3.5], "texture": "#1"},
				"west": {"uv": [7, 7.5, 7.25, 8.25], "texture": "#1"},
				"up": {"uv": [10.75, 4.75, 10, 4.5], "texture": "#1"},
				"down": {"uv": [2.25, 10.5, 1.5, 10.75], "texture": "#1"}
			}
		},
		{
			"from": [6.5, 4, 13.01],
			"to": [9.5, 7, 14.01],
			"rotation": {"angle": -45, "axis": "z", "origin": [8, 5.5, 13.51]},
			"faces": {
				"east": {"uv": [2.5, 10.5, 2.75, 11.25], "texture": "#1"},
				"south": {"uv": [10.25, 8.25, 11, 9], "texture": "#1"},
				"west": {"uv": [3, 10.5, 3.25, 11.25], "texture": "#1"},
				"up": {"uv": [7.75, 10.75, 7, 10.5], "texture": "#1"},
				"down": {"uv": [11.5, 0, 10.75, 0.25], "texture": "#1"}
			}
		},
		{
			"from": [3, 3, 4],
			"to": [3.02, 9, 10],
			"rotation": {"angle": -45, "axis": "y", "origin": [3, 6, 4]},
			"faces": {
				"east": {"uv": [5.25, 8, 3.75, 9.5], "texture": "#1"},
				"west": {"uv": [3.75, 8, 5.25, 9.5], "texture": "#1"}
			}
		},
		{
			"from": [12.98, 3, 4],
			"to": [13, 9, 10],
			"rotation": {"angle": 45, "axis": "y", "origin": [13, 6, 4]},
			"faces": {
				"east": {"uv": [5.25, 8, 3.75, 9.5], "texture": "#1"},
				"west": {"uv": [3.75, 8, 5.25, 9.5], "texture": "#1"}
			}
		},
		{
			"from": [6.51, 11, 9],
			"to": [9.49, 15, 12],
			"rotation": {"angle": 22.5, "axis": "x", "origin": [7.5, 11, 9]},
			"faces": {
				"north": {"uv": [4.75, 9.5, 5.5, 10.5], "texture": "#1"},
				"east": {"uv": [10.5, 0, 9.75, 1], "texture": "#1"},
				"south": {"uv": [0, 9.75, 0.75, 10.75], "texture": "#1"},
				"west": {"uv": [9.75, 0, 10.5, 1], "texture": "#1"},
				"up": {"uv": [11, 10, 10.25, 9.25], "texture": "#1"}
			}
		},
		{
			"from": [5.5, 15, 7],
			"to": [10.5, 20, 16],
			"rotation": {"angle": 22.5, "axis": "x", "origin": [7.5, 11, 9]},
			"faces": {
				"north": {"uv": [0, 8.25, 1.25, 9.5], "texture": "#1"},
				"east": {"uv": [7.75, 3.5, 5.5, 4.75], "texture": "#1"},
				"south": {"uv": [8.25, 0, 9.5, 1.25], "texture": "#1"},
				"west": {"uv": [5.5, 3.5, 7.75, 4.75], "texture": "#1"},
				"up": {"uv": [5.75, 7.75, 4.5, 5.5], "texture": "#1"},
				"down": {"uv": [7.25, 5, 6, 7.25], "texture": "#1"}
			}
		},
		{
			"from": [6.5, 7.78837, 14.64594],
			"to": [9.5, 15.78837, 18.64594],
			"rotation": {"angle": -22.5, "axis": "x", "origin": [8, 14.78837, 18.14594]},
			"faces": {
				"north": {"uv": [1.5, 8.25, 2.25, 10.25], "texture": "#1"},
				"east": {"uv": [8.5, 6, 7.5, 8], "texture": "#1"},
				"south": {"uv": [7, 8.25, 7.75, 10.25], "texture": "#1"},
				"west": {"uv": [7.5, 6, 8.5, 8], "texture": "#1"},
				"up": {"uv": [10.75, 2.25, 10, 1.25], "texture": "#1"},
				"down": {"uv": [10.75, 6, 10, 7], "texture": "#1"}
			}
		},
		{
			"from": [8, 6.98182, 17.59115],
			"to": [8, 14.98182, 24.59115],
			"rotation": {"angle": 45, "axis": "x", "origin": [8, 6.98182, 17.59115]},
			"faces": {
				"east": {"uv": [4.5, 5.5, 2.75, 7.5], "texture": "#1"},
				"west": {"uv": [2.75, 5.5, 4.5, 7.5], "texture": "#1"}
			}
		},
		{
			"from": [7.98, 20, 9],
			"to": [8, 24, 15],
			"rotation": {"angle": 22.5, "axis": "x", "origin": [7.5, 11, 9]},
			"faces": {
				"east": {"uv": [9.75, 1.5, 8.25, 2.5], "texture": "#1"},
				"west": {"uv": [8.25, 1.5, 9.75, 2.5], "texture": "#1"}
			}
		},
		{
			"from": [7.97, 9.78837, 18.64594],
			"to": [8, 15.78837, 22.64594],
			"rotation": {"angle": -22.5, "axis": "x", "origin": [8, 14.78837, 18.14594]},
			"faces": {
				"east": {"uv": [9, 8.25, 8, 9.75], "texture": "#1"},
				"west": {"uv": [8, 8.25, 9, 9.75], "texture": "#1"}
			}
		}
	],
	"gui_light": "front",
	"display": {
		"thirdperson_righthand": {
			"rotation": [42.76, 10.93, -4.97],
			"translation": [0, 4.75, 1],
			"scale": [0.6, 0.6, 0.6]
		},
		"thirdperson_lefthand": {
			"rotation": [42.76, 10.93, -4.97],
			"translation": [0, 4.75, 1],
			"scale": [0.6, 0.6, 0.6]
		},
		"firstperson_righthand": {
			"rotation": [5, 106, 0],
			"translation": [16, 8.75, -23.25],
			"scale": [1.73633, 1.73633, 1.73633]
		},
		"firstperson_lefthand": {
			"rotation": [5, 106, 0],
			"translation": [16, 8.75, -23.25],
			"scale": [1.73633, 1.73633, 1.73633]
		},
		"ground": {
			"translation": [0, 3, 0],
			"scale": [0.54688, 0.54688, 0.54688]
		},
		"gui": {
			"rotation": [20, 140, 0],
			"translation": [0, 0.75, 0],
			"scale": [0.73477, 0.73477, 0.73477]
		},
		"head": {
			"translation": [0, 3.75, -0.5],
			"scale": [1.57914, 1.73539, 1.57914]
		},
		"fixed": {
			"translation": [0, 0.5, -9.5],
			"scale": [1.61133, 1.61133, 1.61133]
		}
	},
	"groups": [
		{
			"name": "group",
			"origin": [8, 14.78837, 18.14594],
			"color": 0,
			"children": [0, 1, 2, 3, 4, 5, 6, 7, 8, 9, 10, 11, 12, 13, 14, 15, 16, 17, 18, 19, 20, 21]
		}
	]
}