{"textures":{"0":"modelengine:entity/bs_vm_armadillo_texture"},"elements":[{"from":[6.0,2.4696703,5.7803297],"to":[10.0,6.46967,11.78033],"faces":{"east":{"uv":[8.75,4.0,10.25,5.0],"tintindex":0,"rotation":0,"texture":"#0"},"south":{"uv":[9.75,8.0,10.75,9.0],"tintindex":0,"rotation":0,"texture":"#0"},"north":{"uv":[9.75,7.0,10.75,8.0],"tintindex":0,"rotation":0,"texture":"#0"},"west":{"uv":[8.75,5.0,10.25,6.0],"tintindex":0,"rotation":0,"texture":"#0"},"up":{"uv":[10.75,1.5,9.75,0.0],"tintindex":0,"rotation":0,"texture":"#0"},"down":{"uv":[10.75,1.5,9.75,3.0],"tintindex":0,"rotation":0,"texture":"#0"}},"rotation":{"origin":[8.0,4.46967,9.53033],"angle":45.0,"axis":"x"}}],"display":{"gui":{"rotation":[30,225,0]}}}