{
	"credit": "Made with Blockbench",
	"texture_size": [48, 48],
	"textures": {
		"3": "littlecrocodileset/backpack"
	},
	"elements": [
		{
			"from": [4, 5, 10],
			"to": [12, 11, 16],
			"rotation": {"angle": 0, "axis": "y", "origin": [4, 3, 11]},
			"faces": {
				"north": {"uv": [0, 0, 2.66667, 2], "texture": "#3"},
				"east": {"uv": [0, 4, 2, 6], "texture": "#3"},
				"south": {"uv": [0, 2, 2.66667, 4], "texture": "#3"},
				"west": {"uv": [2, 4, 4, 6], "texture": "#3"},
				"up": {"uv": [5.33333, 2, 2.66667, 0], "texture": "#3"},
				"down": {"uv": [5.33333, 2, 2.66667, 4], "texture": "#3"}
			}
		},
		{
			"from": [4, 11, 10],
			"to": [12, 15, 14],
			"rotation": {"angle": 0, "axis": "y", "origin": [4, 9, 11]},
			"faces": {
				"north": {"uv": [4, 4, 6.66667, 5.33333], "texture": "#3"},
				"east": {"uv": [5.33333, 2.66667, 6.66667, 4], "texture": "#3"},
				"south": {"uv": [5.33333, 0, 8, 1.33333], "texture": "#3"},
				"west": {"uv": [7.66667, 6, 9, 7.33333], "texture": "#3"},
				"up": {"uv": [8, 2.66667, 5.33333, 1.33333], "texture": "#3"}
			}
		},
		{
			"from": [4, 5, 5],
			"to": [6, 16, 6],
			"rotation": {"angle": 0, "axis": "y", "origin": [4, 3, 5]},
			"faces": {
				"north": {"uv": [5.33333, 7, 6, 10.66667], "texture": "#3"},
				"east": {"uv": [8, 8.66667, 8.33333, 12.33333], "texture": "#3"},
				"south": {"uv": [6, 7.33333, 6.66667, 11], "texture": "#3"},
				"west": {"uv": [1.33333, 9, 1.66667, 12.66667], "texture": "#3"},
				"up": {"uv": [3.66667, 8.33333, 3, 8], "texture": "#3"},
				"down": {"uv": [3.66667, 8.33333, 3, 8.66667], "texture": "#3"}
			}
		},
		{
			"from": [4, 5, 6],
			"to": [6, 6, 10],
			"rotation": {"angle": 0, "axis": "y", "origin": [4, -7, 9]},
			"faces": {
				"east": {"uv": [10, 7.33333, 11.33333, 7.66667], "texture": "#3"},
				"west": {"uv": [10, 7.66667, 11.33333, 8], "texture": "#3"},
				"up": {"uv": [2.33333, 10.66667, 1.66667, 9.33333], "texture": "#3"},
				"down": {"uv": [3, 9.33333, 2.33333, 10.66667], "texture": "#3"}
			}
		},
		{
			"from": [4, 15, 6],
			"to": [6, 16, 11],
			"rotation": {"angle": 0, "axis": "y", "origin": [4, 3, 9]},
			"faces": {
				"east": {"uv": [9.33333, 8.66667, 11, 9], "texture": "#3"},
				"south": {"uv": [10, 8, 10.66667, 8.33333], "texture": "#3"},
				"west": {"uv": [9.66667, 6.33333, 11.33333, 6.66667], "texture": "#3"},
				"up": {"uv": [9.66667, 6.66667, 9, 5], "texture": "#3"},
				"down": {"uv": [9, 9, 8.33333, 10.66667], "texture": "#3"}
			}
		},
		{
			"from": [10, 15, 6],
			"to": [12, 16, 11],
			"rotation": {"angle": 0, "axis": "y", "origin": [12, 3, 9]},
			"faces": {
				"east": {"uv": [11.33333, 6.33333, 9.66667, 6.66667], "texture": "#3"},
				"south": {"uv": [10.66667, 8, 10, 8.33333], "texture": "#3"},
				"west": {"uv": [11, 8.66667, 9.33333, 9], "texture": "#3"},
				"up": {"uv": [9, 6.66667, 9.66667, 5], "texture": "#3"},
				"down": {"uv": [8.33333, 9, 9, 10.66667], "texture": "#3"}
			}
		},
		{
			"from": [10, 5, 5],
			"to": [12, 16, 6],
			"rotation": {"angle": 0, "axis": "y", "origin": [12, 3, 5]},
			"faces": {
				"north": {"uv": [6, 7, 5.33333, 10.66667], "texture": "#3"},
				"east": {"uv": [1.66667, 9, 1.33333, 12.66667], "texture": "#3"},
				"south": {"uv": [6.66667, 7.33333, 6, 11], "texture": "#3"},
				"west": {"uv": [8.33333, 8.66667, 8, 12.33333], "texture": "#3"},
				"up": {"uv": [3, 8.33333, 3.66667, 8], "texture": "#3"},
				"down": {"uv": [3, 8.33333, 3.66667, 8.66667], "texture": "#3"}
			}
		},
		{
			"from": [10, 5, 6],
			"to": [12, 6, 10],
			"rotation": {"angle": 0, "axis": "y", "origin": [12, -7, 9]},
			"faces": {
				"east": {"uv": [11.33333, 7.66667, 10, 8], "texture": "#3"},
				"west": {"uv": [11.33333, 7.33333, 10, 7.66667], "texture": "#3"},
				"up": {"uv": [1.66667, 10.66667, 2.33333, 9.33333], "texture": "#3"},
				"down": {"uv": [2.33333, 9.33333, 3, 10.66667], "texture": "#3"}
			}
		},
		{
			"from": [2, 6, 11],
			"to": [4, 9, 15],
			"rotation": {"angle": 0, "axis": "y", "origin": [2, 6, 11]},
			"faces": {
				"north": {"uv": [9.66667, 9.66667, 10.33333, 10.66667], "texture": "#3"},
				"south": {"uv": [0, 10, 0.66667, 11], "texture": "#3"},
				"west": {"uv": [4, 8.66667, 5.33333, 9.66667], "texture": "#3"},
				"up": {"uv": [10, 8.66667, 9.33333, 7.33333], "texture": "#3"},
				"down": {"uv": [10.33333, 1.33333, 9.66667, 2.66667], "texture": "#3"}
			}
		},
		{
			"from": [2, 6, 10],
			"to": [4, 10, 11],
			"rotation": {"angle": 0, "axis": "y", "origin": [2, 6, 11]},
			"faces": {
				"north": {"uv": [4, 9.66667, 4.66667, 11], "texture": "#3"},
				"south": {"uv": [4.66667, 9.66667, 5.33333, 11], "texture": "#3"},
				"west": {"uv": [10.33333, 1.33333, 10.66667, 2.66667], "texture": "#3"},
				"up": {"uv": [11.33333, 2.66667, 10.66667, 2.33333], "texture": "#3"},
				"down": {"uv": [11.33333, 2.66667, 10.66667, 3], "texture": "#3"}
			}
		},
		{
			"from": [2, 11.5, 9.75],
			"to": [4, 14.5, 13.75],
			"rotation": {"angle": 45, "axis": "y", "origin": [3, 13.75, 10.5]},
			"faces": {
				"north": {"uv": [0.66667, 10, 1.33333, 11], "texture": "#3"},
				"east": {"uv": [6.66667, 8.66667, 8, 9.66667], "texture": "#3"},
				"south": {"uv": [10, 2.66667, 10.66667, 3.66667], "texture": "#3"},
				"west": {"uv": [0, 9, 1.33333, 10], "texture": "#3"},
				"up": {"uv": [8, 11, 7.33333, 9.66667], "texture": "#3"},
				"down": {"uv": [9.66667, 9.66667, 9, 11], "texture": "#3"}
			}
		},
		{
			"from": [2, 11.5, 8.75],
			"to": [4, 15.5, 9.75],
			"rotation": {"angle": 45, "axis": "y", "origin": [3, 13.75, 10.5]},
			"faces": {
				"north": {"uv": [9.66667, 5, 10.33333, 6.33333], "texture": "#3"},
				"east": {"uv": [3, 10.33333, 3.33333, 11.66667], "texture": "#3"},
				"south": {"uv": [6.66667, 9.66667, 7.33333, 11], "texture": "#3"},
				"west": {"uv": [3.33333, 10.33333, 3.66667, 11.66667], "texture": "#3"},
				"up": {"uv": [11.33333, 3.33333, 10.66667, 3], "texture": "#3"},
				"down": {"uv": [11.33333, 3.33333, 10.66667, 3.66667], "texture": "#3"}
			}
		},
		{
			"from": [12, 11.5, 9.75],
			"to": [14, 14.5, 13.75],
			"rotation": {"angle": -45, "axis": "y", "origin": [13, 13.75, 10.5]},
			"faces": {
				"north": {"uv": [1.33333, 10, 0.66667, 11], "texture": "#3"},
				"east": {"uv": [1.33333, 9, 0, 10], "texture": "#3"},
				"south": {"uv": [10.66667, 2.66667, 10, 3.66667], "texture": "#3"},
				"west": {"uv": [8, 8.66667, 6.66667, 9.66667], "texture": "#3"},
				"up": {"uv": [7.33333, 11, 8, 9.66667], "texture": "#3"},
				"down": {"uv": [9, 9.66667, 9.66667, 11], "texture": "#3"}
			}
		},
		{
			"from": [12, 11.5, 8.75],
			"to": [14, 15.5, 9.75],
			"rotation": {"angle": -45, "axis": "y", "origin": [13, 13.75, 10.5]},
			"faces": {
				"north": {"uv": [10.33333, 5, 9.66667, 6.33333], "texture": "#3"},
				"east": {"uv": [3.66667, 10.33333, 3.33333, 11.66667], "texture": "#3"},
				"south": {"uv": [7.33333, 9.66667, 6.66667, 11], "texture": "#3"},
				"west": {"uv": [3.33333, 10.33333, 3, 11.66667], "texture": "#3"},
				"up": {"uv": [10.66667, 3.33333, 11.33333, 3], "texture": "#3"},
				"down": {"uv": [10.66667, 3.33333, 11.33333, 3.66667], "texture": "#3"}
			}
		},
		{
			"from": [12, 6, 10],
			"to": [14, 10, 11],
			"rotation": {"angle": 0, "axis": "y", "origin": [14, 6, 11]},
			"faces": {
				"north": {"uv": [4.66667, 9.66667, 4, 11], "texture": "#3"},
				"east": {"uv": [10.66667, 1.33333, 10.33333, 2.66667], "texture": "#3"},
				"south": {"uv": [5.33333, 9.66667, 4.66667, 11], "texture": "#3"},
				"up": {"uv": [10.66667, 2.66667, 11.33333, 2.33333], "texture": "#3"},
				"down": {"uv": [10.66667, 2.66667, 11.33333, 3], "texture": "#3"}
			}
		},
		{
			"from": [12, 6, 11],
			"to": [14, 9, 15],
			"rotation": {"angle": 0, "axis": "y", "origin": [14, 6, 11]},
			"faces": {
				"north": {"uv": [10.33333, 9.66667, 9.66667, 10.66667], "texture": "#3"},
				"east": {"uv": [5.33333, 8.66667, 4, 9.66667], "texture": "#3"},
				"south": {"uv": [0.66667, 10, 0, 11], "texture": "#3"},
				"up": {"uv": [9.33333, 8.66667, 10, 7.33333], "texture": "#3"},
				"down": {"uv": [9.66667, 1.33333, 10.33333, 2.66667], "texture": "#3"}
			}
		},
		{
			"from": [6, 15, 10],
			"to": [7, 17, 11],
			"rotation": {"angle": 0, "axis": "y", "origin": [12, 30, 21]},
			"faces": {
				"north": {"uv": [3.66667, 6, 4, 6.66667], "texture": "#3"},
				"east": {"uv": [3.66667, 10.33333, 4, 11], "texture": "#3"},
				"south": {"uv": [10.33333, 3.66667, 10.66667, 4.33333], "texture": "#3"},
				"west": {"uv": [10.33333, 5, 10.66667, 5.66667], "texture": "#3"},
				"up": {"uv": [4, 7, 3.66667, 6.66667], "texture": "#3"},
				"down": {"uv": [2, 7.66667, 1.66667, 8], "texture": "#3"}
			}
		},
		{
			"from": [7, 16, 10],
			"to": [9, 17, 11],
			"rotation": {"angle": 0, "axis": "y", "origin": [13, 29, 21]},
			"faces": {
				"north": {"uv": [10, 8.33333, 10.66667, 8.66667], "texture": "#3"},
				"south": {"uv": [1.66667, 10.66667, 2.33333, 11], "texture": "#3"},
				"up": {"uv": [11.33333, 2.33333, 10.66667, 2], "texture": "#3"},
				"down": {"uv": [3, 10.66667, 2.33333, 11], "texture": "#3"}
			}
		},
		{
			"from": [9, 15, 10],
			"to": [10, 17, 11],
			"rotation": {"angle": 0, "axis": "y", "origin": [4, 30, 21]},
			"faces": {
				"north": {"uv": [10.33333, 5.66667, 10.66667, 6.33333], "texture": "#3"},
				"east": {"uv": [10.33333, 9.66667, 10.66667, 10.33333], "texture": "#3"},
				"south": {"uv": [10.33333, 10.33333, 10.66667, 11], "texture": "#3"},
				"west": {"uv": [10.66667, 1.33333, 11, 2], "texture": "#3"},
				"up": {"uv": [9.66667, 1.66667, 9.33333, 1.33333], "texture": "#3"},
				"down": {"uv": [11, 3.66667, 10.66667, 4], "texture": "#3"}
			}
		},
		{
			"from": [5.5, -1.09763, 11.87562],
			"to": [10.5, 3.90237, 17.87562],
			"rotation": {"angle": 45, "axis": "x", "origin": [8, 4, 18.5]},
			"faces": {
				"north": {"uv": [6.66667, 2.66667, 8.33333, 4.33333], "texture": "#3"},
				"east": {"uv": [4, 5.33333, 6, 7], "texture": "#3"},
				"south": {"uv": [3.66667, 7, 5.33333, 8.66667], "texture": "#3"},
				"west": {"uv": [0, 6, 2, 7.66667], "texture": "#3"},
				"up": {"uv": [3.66667, 8, 2, 6], "texture": "#3"},
				"down": {"uv": [7.66667, 5.33333, 6, 7.33333], "texture": "#3"}
			}
		},
		{
			"from": [6, -0.22066, 15.97237],
			"to": [10, 3.77934, 21.22237],
			"rotation": {"angle": 22.5, "axis": "x", "origin": [8, 4, 18.5]},
			"faces": {
				"east": {"uv": [6.66667, 7.33333, 8.33333, 8.66667], "texture": "#3"},
				"south": {"uv": [1.66667, 8, 3, 9.33333], "texture": "#3"},
				"west": {"uv": [0, 7.66667, 1.66667, 9], "texture": "#3"},
				"up": {"uv": [9, 6, 7.66667, 4.33333], "texture": "#3"},
				"down": {"uv": [9.33333, 0, 8, 1.66667], "texture": "#3"}
			}
		},
		{
			"from": [6.5, -0.57164, 19.55304],
			"to": [9.5, 2.42836, 24.30304],
			"rotation": {"angle": 0, "axis": "x", "origin": [8, 4, 18.5]},
			"faces": {
				"east": {"uv": [8, 1.66667, 9.66667, 2.66667], "texture": "#3"},
				"south": {"uv": [6.66667, 4.33333, 7.66667, 5.33333], "texture": "#3"},
				"west": {"uv": [8.33333, 2.66667, 10, 3.66667], "texture": "#3"},
				"up": {"uv": [9.33333, 9, 8.33333, 7.33333], "texture": "#3"},
				"down": {"uv": [4, 8.66667, 3, 10.33333], "texture": "#3"}
			}
		},
		{
			"from": [6.5, 3.90236, 11.87562],
			"to": [6.54, 5.90236, 17.87562],
			"rotation": {"angle": 45, "axis": "x", "origin": [8, 4, 18.5]},
			"faces": {
				"east": {"uv": [8.33333, 3.66667, 10.33333, 4.33333], "texture": "#3"},
				"west": {"uv": [9, 4.33333, 11, 5], "texture": "#3"}
			}
		},
		{
			"from": [6.51, 3.77934, 15.97237],
			"to": [6.53, 5.77934, 21.22237],
			"rotation": {"angle": 22.5, "axis": "x", "origin": [8, 4, 18.5]},
			"faces": {
				"east": {"uv": [9, 6.66667, 10.66667, 7.33333], "texture": "#3"},
				"west": {"uv": [9, 9, 10.66667, 9.66667], "texture": "#3"}
			}
		},
		{
			"from": [6.515, 2.42836, 19.55304],
			"to": [6.525, 4.42836, 24.30304],
			"rotation": {"angle": 0, "axis": "x", "origin": [8, 4, 18.5]},
			"faces": {
				"east": {"uv": [9.33333, 0, 11, 0.66667], "texture": "#3"},
				"west": {"uv": [9.33333, 0.66667, 11, 1.33333], "texture": "#3"}
			}
		},
		{
			"from": [9.46, 3.90236, 11.87562],
			"to": [9.5, 5.90236, 17.87562],
			"rotation": {"angle": 45, "axis": "x", "origin": [8, 4, 18.5]},
			"faces": {
				"east": {"uv": [11, 4.33333, 9, 5], "texture": "#3"},
				"west": {"uv": [10.33333, 3.66667, 8.33333, 4.33333], "texture": "#3"}
			}
		},
		{
			"from": [9.47, 3.77934, 15.97237],
			"to": [9.49, 5.77934, 21.22237],
			"rotation": {"angle": 22.5, "axis": "x", "origin": [8, 4, 18.5]},
			"faces": {
				"east": {"uv": [10.66667, 9, 9, 9.66667], "texture": "#3"},
				"west": {"uv": [10.66667, 6.66667, 9, 7.33333], "texture": "#3"}
			}
		},
		{
			"from": [9.475, 2.42836, 19.55304],
			"to": [9.485, 4.42836, 24.30304],
			"rotation": {"angle": 0, "axis": "x", "origin": [8, 4, 18.5]},
			"faces": {
				"east": {"uv": [11, 0.66667, 9.33333, 1.33333], "texture": "#3"},
				"west": {"uv": [11, 0, 9.33333, 0.66667], "texture": "#3"}
			}
		}
	],
	"gui_light": "front",
	"display": {
		"thirdperson_righthand": {
			"rotation": [50, 180, 0],
			"translation": [0, -3.5, -2.75],
			"scale": [0.6, 0.6, 0.6]
		},
		"thirdperson_lefthand": {
			"rotation": [67, 0, 0],
			"translation": [-5.5, -4, 5.25],
			"scale": [1.01, 1.01, 1.01]
		},
		"firstperson_righthand": {
			"rotation": [-15.5, 0, 0],
			"translation": [0.5, 1.25, -3.25]
		},
		"firstperson_lefthand": {
			"rotation": [0, 180, 0],
			"scale": [0, 0, 0]
		},
		"ground": {
			"rotation": [-45, 0, 0],
			"translation": [0, 5, 0]
		},
		"gui": {
			"rotation": [0, -45, 0],
			"translation": [3.5, -0.25, 0]
		},
		"head": {
			"translation": [0, -54, 0],
			"scale": [1.601, 1.601, 1.601]
		},
		"fixed": {
			"rotation": [-90, 180, 0],
			"translation": [0, 4.75, -6.5],
			"scale": [2, 2, 2]
		}
	}
}