{
	"credit": "Made with Blockbench",
	"texture_size": [48, 48],
	"textures": {
		"3": "littlecrocodileset/backpack"
	},
	"elements": [
		{
			"from": [6, -11.5, 9],
			"to": [10, -8.5, 12],
			"rotation": {"angle": 0, "axis": "y", "origin": [6, -12.5, 9.5]},
			"faces": {
				"north": {"uv": [0, 0, 2.66667, 2], "texture": "#3"},
				"east": {"uv": [0, 4, 2, 6], "texture": "#3"},
				"south": {"uv": [0, 2, 2.66667, 4], "texture": "#3"},
				"west": {"uv": [2, 4, 4, 6], "texture": "#3"},
				"up": {"uv": [5.33333, 2, 2.66667, 0], "texture": "#3"},
				"down": {"uv": [5.33333, 2, 2.66667, 4], "texture": "#3"}
			}
		},
		{
			"from": [6, -8.5, 9],
			"to": [10, -6.5, 11],
			"rotation": {"angle": 0, "axis": "y", "origin": [6, -9.5, 9.5]},
			"faces": {
				"north": {"uv": [4, 4, 6.66667, 5.33333], "texture": "#3"},
				"east": {"uv": [5.33333, 2.66667, 6.66667, 4], "texture": "#3"},
				"south": {"uv": [5.33333, 0, 8, 1.33333], "texture": "#3"},
				"west": {"uv": [7.66667, 6, 9, 7.33333], "texture": "#3"},
				"up": {"uv": [8, 2.66667, 5.33333, 1.33333], "texture": "#3"}
			}
		},
		{
			"from": [6, -11.5, 6.5],
			"to": [7, -6, 7],
			"rotation": {"angle": 0, "axis": "y", "origin": [6, -12.5, 6.5]},
			"faces": {
				"north": {"uv": [5.33333, 7, 6, 10.66667], "texture": "#3"},
				"east": {"uv": [8, 8.66667, 8.33333, 12.33333], "texture": "#3"},
				"south": {"uv": [6, 7.33333, 6.66667, 11], "texture": "#3"},
				"west": {"uv": [1.33333, 9, 1.66667, 12.66667], "texture": "#3"},
				"up": {"uv": [3.66667, 8.33333, 3, 8], "texture": "#3"},
				"down": {"uv": [3.66667, 8.33333, 3, 8.66667], "texture": "#3"}
			}
		},
		{
			"from": [6, -11.5, 7],
			"to": [7, -11, 9],
			"rotation": {"angle": 0, "axis": "y", "origin": [6, -17.5, 8.5]},
			"faces": {
				"east": {"uv": [10, 7.33333, 11.33333, 7.66667], "texture": "#3"},
				"west": {"uv": [10, 7.66667, 11.33333, 8], "texture": "#3"},
				"up": {"uv": [2.33333, 10.66667, 1.66667, 9.33333], "texture": "#3"},
				"down": {"uv": [3, 9.33333, 2.33333, 10.66667], "texture": "#3"}
			}
		},
		{
			"from": [6, -6.5, 7],
			"to": [7, -6, 9.5],
			"rotation": {"angle": 0, "axis": "y", "origin": [6, -12.5, 8.5]},
			"faces": {
				"east": {"uv": [9.33333, 8.66667, 11, 9], "texture": "#3"},
				"south": {"uv": [10, 8, 10.66667, 8.33333], "texture": "#3"},
				"west": {"uv": [9.66667, 6.33333, 11.33333, 6.66667], "texture": "#3"},
				"up": {"uv": [9.66667, 6.66667, 9, 5], "texture": "#3"},
				"down": {"uv": [9, 9, 8.33333, 10.66667], "texture": "#3"}
			}
		},
		{
			"from": [9, -6.5, 7],
			"to": [10, -6, 9.5],
			"rotation": {"angle": 0, "axis": "y", "origin": [10, -12.5, 8.5]},
			"faces": {
				"east": {"uv": [11.33333, 6.33333, 9.66667, 6.66667], "texture": "#3"},
				"south": {"uv": [10.66667, 8, 10, 8.33333], "texture": "#3"},
				"west": {"uv": [11, 8.66667, 9.33333, 9], "texture": "#3"},
				"up": {"uv": [9, 6.66667, 9.66667, 5], "texture": "#3"},
				"down": {"uv": [8.33333, 9, 9, 10.66667], "texture": "#3"}
			}
		},
		{
			"from": [9, -11.5, 6.5],
			"to": [10, -6, 7],
			"rotation": {"angle": 0, "axis": "y", "origin": [10, -12.5, 6.5]},
			"faces": {
				"north": {"uv": [6, 7, 5.33333, 10.66667], "texture": "#3"},
				"east": {"uv": [1.66667, 9, 1.33333, 12.66667], "texture": "#3"},
				"south": {"uv": [6.66667, 7.33333, 6, 11], "texture": "#3"},
				"west": {"uv": [8.33333, 8.66667, 8, 12.33333], "texture": "#3"},
				"up": {"uv": [3, 8.33333, 3.66667, 8], "texture": "#3"},
				"down": {"uv": [3, 8.33333, 3.66667, 8.66667], "texture": "#3"}
			}
		},
		{
			"from": [9, -11.5, 7],
			"to": [10, -11, 9],
			"rotation": {"angle": 0, "axis": "y", "origin": [10, -17.5, 8.5]},
			"faces": {
				"east": {"uv": [11.33333, 7.66667, 10, 8], "texture": "#3"},
				"west": {"uv": [11.33333, 7.33333, 10, 7.66667], "texture": "#3"},
				"up": {"uv": [1.66667, 10.66667, 2.33333, 9.33333], "texture": "#3"},
				"down": {"uv": [2.33333, 9.33333, 3, 10.66667], "texture": "#3"}
			}
		},
		{
			"from": [5, -11, 9.5],
			"to": [6, -9.5, 11.5],
			"rotation": {"angle": 0, "axis": "y", "origin": [5, -11, 9.5]},
			"faces": {
				"north": {"uv": [9.66667, 9.66667, 10.33333, 10.66667], "texture": "#3"},
				"south": {"uv": [0, 10, 0.66667, 11], "texture": "#3"},
				"west": {"uv": [4, 8.66667, 5.33333, 9.66667], "texture": "#3"},
				"up": {"uv": [10, 8.66667, 9.33333, 7.33333], "texture": "#3"},
				"down": {"uv": [10.33333, 1.33333, 9.66667, 2.66667], "texture": "#3"}
			}
		},
		{
			"from": [5, -11, 9],
			"to": [6, -9, 9.5],
			"rotation": {"angle": 0, "axis": "y", "origin": [5, -11, 9.5]},
			"faces": {
				"north": {"uv": [4, 9.66667, 4.66667, 11], "texture": "#3"},
				"south": {"uv": [4.66667, 9.66667, 5.33333, 11], "texture": "#3"},
				"west": {"uv": [10.33333, 1.33333, 10.66667, 2.66667], "texture": "#3"},
				"up": {"uv": [11.33333, 2.66667, 10.66667, 2.33333], "texture": "#3"},
				"down": {"uv": [11.33333, 2.66667, 10.66667, 3], "texture": "#3"}
			}
		},
		{
			"from": [5, -8.25, 8.875],
			"to": [6, -6.75, 10.875],
			"rotation": {"angle": 45, "axis": "y", "origin": [5.5, -7.125, 9.25]},
			"faces": {
				"north": {"uv": [0.66667, 10, 1.33333, 11], "texture": "#3"},
				"east": {"uv": [6.66667, 8.66667, 8, 9.66667], "texture": "#3"},
				"south": {"uv": [10, 2.66667, 10.66667, 3.66667], "texture": "#3"},
				"west": {"uv": [0, 9, 1.33333, 10], "texture": "#3"},
				"up": {"uv": [8, 11, 7.33333, 9.66667], "texture": "#3"},
				"down": {"uv": [9.66667, 9.66667, 9, 11], "texture": "#3"}
			}
		},
		{
			"from": [5, -8.25, 8.375],
			"to": [6, -6.25, 8.875],
			"rotation": {"angle": 45, "axis": "y", "origin": [5.5, -7.125, 9.25]},
			"faces": {
				"north": {"uv": [9.66667, 5, 10.33333, 6.33333], "texture": "#3"},
				"east": {"uv": [3, 10.33333, 3.33333, 11.66667], "texture": "#3"},
				"south": {"uv": [6.66667, 9.66667, 7.33333, 11], "texture": "#3"},
				"west": {"uv": [3.33333, 10.33333, 3.66667, 11.66667], "texture": "#3"},
				"up": {"uv": [11.33333, 3.33333, 10.66667, 3], "texture": "#3"},
				"down": {"uv": [11.33333, 3.33333, 10.66667, 3.66667], "texture": "#3"}
			}
		},
		{
			"from": [10, -8.25, 8.875],
			"to": [11, -6.75, 10.875],
			"rotation": {"angle": -45, "axis": "y", "origin": [10.5, -7.125, 9.25]},
			"faces": {
				"north": {"uv": [1.33333, 10, 0.66667, 11], "texture": "#3"},
				"east": {"uv": [1.33333, 9, 0, 10], "texture": "#3"},
				"south": {"uv": [10.66667, 2.66667, 10, 3.66667], "texture": "#3"},
				"west": {"uv": [8, 8.66667, 6.66667, 9.66667], "texture": "#3"},
				"up": {"uv": [7.33333, 11, 8, 9.66667], "texture": "#3"},
				"down": {"uv": [9, 9.66667, 9.66667, 11], "texture": "#3"}
			}
		},
		{
			"from": [10, -8.25, 8.375],
			"to": [11, -6.25, 8.875],
			"rotation": {"angle": -45, "axis": "y", "origin": [10.5, -7.125, 9.25]},
			"faces": {
				"north": {"uv": [10.33333, 5, 9.66667, 6.33333], "texture": "#3"},
				"east": {"uv": [3.66667, 10.33333, 3.33333, 11.66667], "texture": "#3"},
				"south": {"uv": [7.33333, 9.66667, 6.66667, 11], "texture": "#3"},
				"west": {"uv": [3.33333, 10.33333, 3, 11.66667], "texture": "#3"},
				"up": {"uv": [10.66667, 3.33333, 11.33333, 3], "texture": "#3"},
				"down": {"uv": [10.66667, 3.33333, 11.33333, 3.66667], "texture": "#3"}
			}
		},
		{
			"from": [10, -11, 9],
			"to": [11, -9, 9.5],
			"rotation": {"angle": 0, "axis": "y", "origin": [11, -11, 9.5]},
			"faces": {
				"north": {"uv": [4.66667, 9.66667, 4, 11], "texture": "#3"},
				"east": {"uv": [10.66667, 1.33333, 10.33333, 2.66667], "texture": "#3"},
				"south": {"uv": [5.33333, 9.66667, 4.66667, 11], "texture": "#3"},
				"up": {"uv": [10.66667, 2.66667, 11.33333, 2.33333], "texture": "#3"},
				"down": {"uv": [10.66667, 2.66667, 11.33333, 3], "texture": "#3"}
			}
		},
		{
			"from": [10, -11, 9.5],
			"to": [11, -9.5, 11.5],
			"rotation": {"angle": 0, "axis": "y", "origin": [11, -11, 9.5]},
			"faces": {
				"north": {"uv": [10.33333, 9.66667, 9.66667, 10.66667], "texture": "#3"},
				"east": {"uv": [5.33333, 8.66667, 4, 9.66667], "texture": "#3"},
				"south": {"uv": [0.66667, 10, 0, 11], "texture": "#3"},
				"up": {"uv": [9.33333, 8.66667, 10, 7.33333], "texture": "#3"},
				"down": {"uv": [9.66667, 1.33333, 10.33333, 2.66667], "texture": "#3"}
			}
		},
		{
			"from": [7, -6.5, 9],
			"to": [7.5, -5.5, 9.5],
			"rotation": {"angle": 0, "axis": "y", "origin": [10, 1, 14.5]},
			"faces": {
				"north": {"uv": [3.66667, 6, 4, 6.66667], "texture": "#3"},
				"east": {"uv": [3.66667, 10.33333, 4, 11], "texture": "#3"},
				"south": {"uv": [10.33333, 3.66667, 10.66667, 4.33333], "texture": "#3"},
				"west": {"uv": [10.33333, 5, 10.66667, 5.66667], "texture": "#3"},
				"up": {"uv": [4, 7, 3.66667, 6.66667], "texture": "#3"},
				"down": {"uv": [2, 7.66667, 1.66667, 8], "texture": "#3"}
			}
		},
		{
			"from": [7.5, -6, 9],
			"to": [8.5, -5.5, 9.5],
			"rotation": {"angle": 0, "axis": "y", "origin": [10.5, 0.5, 14.5]},
			"faces": {
				"north": {"uv": [10, 8.33333, 10.66667, 8.66667], "texture": "#3"},
				"south": {"uv": [1.66667, 10.66667, 2.33333, 11], "texture": "#3"},
				"up": {"uv": [11.33333, 2.33333, 10.66667, 2], "texture": "#3"},
				"down": {"uv": [3, 10.66667, 2.33333, 11], "texture": "#3"}
			}
		},
		{
			"from": [8.5, -6.5, 9],
			"to": [9, -5.5, 9.5],
			"rotation": {"angle": 0, "axis": "y", "origin": [6, 1, 14.5]},
			"faces": {
				"north": {"uv": [10.33333, 5.66667, 10.66667, 6.33333], "texture": "#3"},
				"east": {"uv": [10.33333, 9.66667, 10.66667, 10.33333], "texture": "#3"},
				"south": {"uv": [10.33333, 10.33333, 10.66667, 11], "texture": "#3"},
				"west": {"uv": [10.66667, 1.33333, 11, 2], "texture": "#3"},
				"up": {"uv": [9.66667, 1.66667, 9.33333, 1.33333], "texture": "#3"},
				"down": {"uv": [11, 3.66667, 10.66667, 4], "texture": "#3"}
			}
		},
		{
			"from": [6.75, -14.54881, 9.93781],
			"to": [9.25, -12.04881, 12.93781],
			"rotation": {"angle": 45, "axis": "x", "origin": [8, -12, 13.25]},
			"faces": {
				"north": {"uv": [6.66667, 2.66667, 8.33333, 4.33333], "texture": "#3"},
				"east": {"uv": [4, 5.33333, 6, 7], "texture": "#3"},
				"south": {"uv": [3.66667, 7, 5.33333, 8.66667], "texture": "#3"},
				"west": {"uv": [0, 6, 2, 7.66667], "texture": "#3"},
				"up": {"uv": [3.66667, 8, 2, 6], "texture": "#3"},
				"down": {"uv": [7.66667, 5.33333, 6, 7.33333], "texture": "#3"}
			}
		},
		{
			"from": [7, -14.11033, 11.98619],
			"to": [9, -12.11033, 14.61119],
			"rotation": {"angle": 22.5, "axis": "x", "origin": [8, -12, 13.25]},
			"faces": {
				"east": {"uv": [6.66667, 7.33333, 8.33333, 8.66667], "texture": "#3"},
				"south": {"uv": [1.66667, 8, 3, 9.33333], "texture": "#3"},
				"west": {"uv": [0, 7.66667, 1.66667, 9], "texture": "#3"},
				"up": {"uv": [9, 6, 7.66667, 4.33333], "texture": "#3"},
				"down": {"uv": [9.33333, 0, 8, 1.66667], "texture": "#3"}
			}
		},
		{
			"from": [7.25, -14.28582, 13.77652],
			"to": [8.75, -12.78582, 16.15152],
			"rotation": {"angle": 0, "axis": "x", "origin": [8, -12, 13.25]},
			"faces": {
				"east": {"uv": [8, 1.66667, 9.66667, 2.66667], "texture": "#3"},
				"south": {"uv": [6.66667, 4.33333, 7.66667, 5.33333], "texture": "#3"},
				"west": {"uv": [8.33333, 2.66667, 10, 3.66667], "texture": "#3"},
				"up": {"uv": [9.33333, 9, 8.33333, 7.33333], "texture": "#3"},
				"down": {"uv": [4, 8.66667, 3, 10.33333], "texture": "#3"}
			}
		},
		{
			"from": [7.25, -12.04882, 9.93781],
			"to": [7.27, -11.04882, 12.93781],
			"rotation": {"angle": 45, "axis": "x", "origin": [8, -12, 13.25]},
			"faces": {
				"east": {"uv": [8.33333, 3.66667, 10.33333, 4.33333], "texture": "#3"},
				"west": {"uv": [9, 4.33333, 11, 5], "texture": "#3"}
			}
		},
		{
			"from": [7.255, -12.11033, 11.98619],
			"to": [7.265, -11.11033, 14.61119],
			"rotation": {"angle": 22.5, "axis": "x", "origin": [8, -12, 13.25]},
			"faces": {
				"east": {"uv": [9, 6.66667, 10.66667, 7.33333], "texture": "#3"},
				"west": {"uv": [9, 9, 10.66667, 9.66667], "texture": "#3"}
			}
		},
		{
			"from": [7.2575, -12.78582, 13.77652],
			"to": [7.2625, -11.78582, 16.15152],
			"rotation": {"angle": 0, "axis": "x", "origin": [8, -12, 13.25]},
			"faces": {
				"east": {"uv": [9.33333, 0, 11, 0.66667], "texture": "#3"},
				"west": {"uv": [9.33333, 0.66667, 11, 1.33333], "texture": "#3"}
			}
		},
		{
			"from": [8.73, -12.04882, 9.93781],
			"to": [8.75, -11.04882, 12.93781],
			"rotation": {"angle": 45, "axis": "x", "origin": [8, -12, 13.25]},
			"faces": {
				"east": {"uv": [11, 4.33333, 9, 5], "texture": "#3"},
				"west": {"uv": [10.33333, 3.66667, 8.33333, 4.33333], "texture": "#3"}
			}
		},
		{
			"from": [8.735, -12.11033, 11.98619],
			"to": [8.745, -11.11033, 14.61119],
			"rotation": {"angle": 22.5, "axis": "x", "origin": [8, -12, 13.25]},
			"faces": {
				"east": {"uv": [10.66667, 9, 9, 9.66667], "texture": "#3"},
				"west": {"uv": [10.66667, 6.66667, 9, 7.33333], "texture": "#3"}
			}
		},
		{
			"from": [8.7375, -12.78582, 13.77652],
			"to": [8.7425, -11.78582, 16.15152],
			"rotation": {"angle": 0, "axis": "x", "origin": [8, -12, 13.25]},
			"faces": {
				"east": {"uv": [11, 0.66667, 9.33333, 1.33333], "texture": "#3"},
				"west": {"uv": [11, 0, 9.33333, 0.66667], "texture": "#3"}
			}
		}
	],
	"gui_light": "front",
	"display": {
		"thirdperson_righthand": {
			"rotation": [50, 180, 0],
			"translation": [0, -3.5, -2.75],
			"scale": [0.6, 0.6, 0.6]
		},
		"thirdperson_lefthand": {
			"rotation": [67, 0, 0],
			"translation": [-5.5, -4, 5.25],
			"scale": [1.01, 1.01, 1.01]
		},
		"firstperson_righthand": {
			"rotation": [-15.5, 0, 0],
			"translation": [0.5, 1.25, -3.25]
		},
		"firstperson_lefthand": {
			"rotation": [0, 180, 0],
			"scale": [0, 0, 0]
		},
		"ground": {
			"rotation": [-45, 0, 0],
			"translation": [0, 5, 0]
		},
		"gui": {
			"rotation": [0, -45, 0],
			"translation": [1.25, 26, 0],
			"scale": [1.39, 1.39, 1.39]
		},
		"head": {
			"translation": [0, -54.25, 0],
			"scale": [3.202, 3.202, 3.202]
		},
		"fixed": {
			"rotation": [-90, 180, 0],
			"translation": [0, 4.75, -6.5],
			"scale": [2, 2, 2]
		}
	}
}