{
    "credit": "Made with Blockbench",
    "texture_size": [
        48,
        48
    ],
    "textures": {
        "2": "littlecrocodileset/crocodile_hat"
    },
    "elements": [
        {
            "from": [
                3,
                5.5,
                2
            ],
            "to": [
                13,
                11.5,
                13
            ],
            "rotation": {
                "angle": 0,
                "axis": "y",
                "origin": [
                    0,
                    0.5,
                    2
                ]
            },
            "faces": {
                "north": {
                    "uv": [
                        0,
                        8.33333,
                        3.33333,
                        10.33333
                    ],
                    "texture": "#2"
                },
                "east": {
                    "uv": [
                        6.66667,
                        0,
                        10.33333,
                        2
                    ],
                    "texture": "#2"
                },
                "south": {
                    "uv": [
                        3.33333,
                        8.33333,
                        6.66667,
                        10.33333
                    ],
                    "texture": "#2"
                },
                "west": {
                    "uv": [
                        8,
                        2,
                        11.66667,
                        4
                    ],
                    "texture": "#2"
                },
                "up": {
                    "uv": [
                        3.33333,
                        3.66667,
                        0,
                        0
                    ],
                    "texture": "#2"
                },
                "down": {
                    "uv": [
                        6.66667,
                        0,
                        3.33333,
                        3.66667
                    ],
                    "texture": "#2"
                }
            }
        },
        {
            "from": [
                4,
                5.5,
                -6
            ],
            "to": [
                12,
                8.5,
                2
            ],
            "rotation": {
                "angle": 0,
                "axis": "y",
                "origin": [
                    0,
                    0.5,
                    -9
                ]
            },
            "faces": {
                "north": {
                    "uv": [
                        0,
                        10.33333,
                        2.66667,
                        11.33333
                    ],
                    "texture": "#2"
                },
                "east": {
                    "uv": [
                        10.33333,
                        0,
                        13,
                        1
                    ],
                    "texture": "#2"
                },
                "south": {
                    "uv": [
                        10.33333,
                        1,
                        13,
                        2
                    ],
                    "texture": "#2"
                },
                "west": {
                    "uv": [
                        2.66667,
                        10.33333,
                        5.33333,
                        11.33333
                    ],
                    "texture": "#2"
                },
                "up": {
                    "uv": [
                        10.66667,
                        6.66667,
                        8,
                        4
                    ],
                    "texture": "#2"
                },
                "down": {
                    "uv": [
                        10.66667,
                        6.66667,
                        8,
                        9.33333
                    ],
                    "texture": "#2"
                }
            }
        },
        {
            "from": [
                5,
                7.5,
                -7
            ],
            "to": [
                11,
                11.5,
                -3
            ],
            "rotation": {
                "angle": 0,
                "axis": "y",
                "origin": [
                    0,
                    3.5,
                    -15
                ]
            },
            "faces": {
                "north": {
                    "uv": [
                        10.66667,
                        4,
                        12.66667,
                        5.33333
                    ],
                    "texture": "#2"
                },
                "east": {
                    "uv": [
                        2.66667,
                        11.33333,
                        4,
                        12.66667
                    ],
                    "texture": "#2"
                },
                "south": {
                    "uv": [
                        10.66667,
                        5.33333,
                        12.66667,
                        6.66667
                    ],
                    "texture": "#2"
                },
                "west": {
                    "uv": [
                        4,
                        11.33333,
                        5.33333,
                        12.66667
                    ],
                    "texture": "#2"
                },
                "up": {
                    "uv": [
                        12.66667,
                        8,
                        10.66667,
                        6.66667
                    ],
                    "texture": "#2"
                },
                "down": {
                    "uv": [
                        12.66667,
                        8,
                        10.66667,
                        9.33333
                    ],
                    "texture": "#2"
                }
            }
        },
        {
            "from": [
                6,
                8.5,
                -3
            ],
            "to": [
                10,
                10.5,
                2
            ],
            "rotation": {
                "angle": 0,
                "axis": "y",
                "origin": [
                    0,
                    3.5,
                    -9
                ]
            },
            "faces": {
                "north": {
                    "uv": [
                        6.66667,
                        8.33333,
                        8,
                        9
                    ],
                    "texture": "#2"
                },
                "east": {
                    "uv": [
                        12.66667,
                        4,
                        14.33333,
                        4.66667
                    ],
                    "texture": "#2"
                },
                "south": {
                    "uv": [
                        4,
                        12.66667,
                        5.33333,
                        13.33333
                    ],
                    "texture": "#2"
                },
                "west": {
                    "uv": [
                        12.66667,
                        4.66667,
                        14.33333,
                        5.33333
                    ],
                    "texture": "#2"
                },
                "up": {
                    "uv": [
                        8,
                        3.66667,
                        6.66667,
                        2
                    ],
                    "texture": "#2"
                },
                "down": {
                    "uv": [
                        6.66667,
                        10.33333,
                        5.33333,
                        12
                    ],
                    "texture": "#2"
                }
            }
        },
        {
            "from": [
                2,
                1.5,
                7
            ],
            "to": [
                14,
                8.5,
                14
            ],
            "rotation": {
                "angle": 0,
                "axis": "y",
                "origin": [
                    0,
                    0.5,
                    9
                ]
            },
            "faces": {
                "north": {
                    "uv": [
                        0,
                        3.66667,
                        4,
                        6
                    ],
                    "texture": "#2"
                },
                "east": {
                    "uv": [
                        6.66667,
                        9.33333,
                        9,
                        11.66667
                    ],
                    "texture": "#2"
                },
                "south": {
                    "uv": [
                        4,
                        3.66667,
                        8,
                        6
                    ],
                    "texture": "#2"
                },
                "west": {
                    "uv": [
                        9,
                        9.33333,
                        11.33333,
                        11.66667
                    ],
                    "texture": "#2"
                },
                "up": {
                    "uv": [
                        4,
                        8.33333,
                        0,
                        6
                    ],
                    "texture": "#2"
                },
                "down": {
                    "uv": [
                        8,
                        6,
                        4,
                        8.33333
                    ],
                    "texture": "#2"
                }
            }
        },
        {
            "from": [
                2,
                9.5,
                4
            ],
            "to": [
                5,
                13.5,
                8
            ],
            "rotation": {
                "angle": 0,
                "axis": "z",
                "origin": [
                    3,
                    11.5,
                    6
                ]
            },
            "faces": {
                "north": {
                    "uv": [
                        8,
                        11.66667,
                        9,
                        13
                    ],
                    "texture": "#2"
                },
                "east": {
                    "uv": [
                        0,
                        11.33333,
                        1.33333,
                        12.66667
                    ],
                    "texture": "#2"
                },
                "south": {
                    "uv": [
                        9,
                        11.66667,
                        10,
                        13
                    ],
                    "texture": "#2"
                },
                "west": {
                    "uv": [
                        1.33333,
                        11.33333,
                        2.66667,
                        12.66667
                    ],
                    "texture": "#2"
                },
                "up": {
                    "uv": [
                        11,
                        13,
                        10,
                        11.66667
                    ],
                    "texture": "#2"
                },
                "down": {
                    "uv": [
                        6.33333,
                        12,
                        5.33333,
                        13.33333
                    ],
                    "texture": "#2"
                }
            }
        },
        {
            "from": [
                11,
                9.5,
                4
            ],
            "to": [
                14,
                13.5,
                8
            ],
            "rotation": {
                "angle": 0,
                "axis": "z",
                "origin": [
                    13,
                    11.5,
                    6
                ]
            },
            "faces": {
                "north": {
                    "uv": [
                        0,
                        12.66667,
                        1,
                        14
                    ],
                    "texture": "#2"
                },
                "east": {
                    "uv": [
                        11.66667,
                        2,
                        13,
                        3.33333
                    ],
                    "texture": "#2"
                },
                "south": {
                    "uv": [
                        1,
                        12.66667,
                        2,
                        14
                    ],
                    "texture": "#2"
                },
                "west": {
                    "uv": [
                        6.66667,
                        11.66667,
                        8,
                        13
                    ],
                    "texture": "#2"
                },
                "up": {
                    "uv": [
                        3,
                        14,
                        2,
                        12.66667
                    ],
                    "texture": "#2"
                },
                "down": {
                    "uv": [
                        4,
                        12.66667,
                        3,
                        14
                    ],
                    "texture": "#2"
                }
            }
        },
        {
            "from": [
                5,
                3.5,
                -5
            ],
            "to": [
                5.03,
                5.5,
                3
            ],
            "rotation": {
                "angle": 0,
                "axis": "y",
                "origin": [
                    5,
                    3.5,
                    -6
                ]
            },
            "faces": {
                "east": {
                    "uv": [
                        11.33333,
                        9.33333,
                        14,
                        10
                    ],
                    "texture": "#2"
                },
                "west": {
                    "uv": [
                        11.33333,
                        10,
                        14,
                        10.66667
                    ],
                    "texture": "#2"
                }
            }
        },
        {
            "from": [
                10.97,
                3.5,
                -5
            ],
            "to": [
                11,
                5.5,
                3
            ],
            "rotation": {
                "angle": 0,
                "axis": "y",
                "origin": [
                    11,
                    3.5,
                    -6
                ]
            },
            "faces": {
                "east": {
                    "uv": [
                        11.33333,
                        10.66667,
                        14,
                        11.33333
                    ],
                    "texture": "#2"
                },
                "west": {
                    "uv": [
                        11.33333,
                        11.33333,
                        14,
                        12
                    ],
                    "texture": "#2"
                }
            }
        },
        {
            "from": [
                5,
                3.5,
                -5
            ],
            "to": [
                11,
                5.5,
                -4.97
            ],
            "rotation": {
                "angle": 0,
                "axis": "y",
                "origin": [
                    10,
                    3.5,
                    -6
                ]
            },
            "faces": {
                "north": {
                    "uv": [
                        11.66667,
                        3.33333,
                        13.66667,
                        4
                    ],
                    "texture": "#2"
                },
                "south": {
                    "uv": [
                        11,
                        12,
                        13,
                        12.66667
                    ],
                    "texture": "#2"
                }
            }
        }
    ],
    "gui_light": "front",
    "display": {
        "thirdperson_righthand": {
            "rotation": [
                50.25,
                0,
                0
            ],
            "translation": [
                0,
                3.75,
                2
            ],
            "scale": [
                0.6,
                0.6,
                0.6
            ]
        },
        "thirdperson_lefthand": {
            "rotation": [
                50.25,
                0,
                0
            ],
            "translation": [
                0,
                3.75,
                2
            ],
            "scale": [
                0.6,
                0.6,
                0.6
            ]
        },
        "firstperson_righthand": {
            "rotation": [
                169.75,
                0,
                180
            ],
            "translation": [
                1,
                1.5,
                -5.5
            ],
            "scale": [
                0.68164,
                0.68164,
                0.68164
            ]
        },
        "firstperson_lefthand": {
            "rotation": [
                169.75,
                0,
                180
            ],
            "translation": [
                1,
                1.5,
                -5.5
            ],
            "scale": [
                0.68164,
                0.68164,
                0.68164
            ]
        },
        "ground": {
            "rotation": [
                45,
                0,
                0
            ],
            "translation": [
                0,
                5,
                0
            ],
            "scale": [
                0.6,
                0.6,
                0.6
            ]
        },
        "gui": {
            "rotation": [
                45,
                135,
                0
            ],
            "translation": [
                1.75,
                1.25,
                0
            ],
            "scale": [
                0.8,
                0.8,
                0.8
            ]
        },
        "head": {
            "translation": [
                0,
                3,
                0
            ],
            "scale": [
                1.6,
                1.6,
                1.6
            ]
        },
        "fixed": {
            "rotation": [
                -90,
                0,
                0
            ],
            "translation": [
                0,
                0,
                -10.5
            ],
            "scale": [
                1.6,
                1.6,
                1.6
            ]
        }
    }
}