{
    "credit": "Made with Blockbench",
    "texture_size": [
        32,
        32
    ],
    "textures": {
        "2": "littlecrocodileset/crocodile_tail"
    },
    "elements": [
        {
            "from": [
                5.5,
                5.82544,
                -0.07091
            ],
            "to": [
                10.5,
                10.82544,
                5.92909
            ],
            "rotation": {
                "angle": 22.5,
                "axis": "x",
                "origin": [
                    5.5,
                    5.82544,
                    -0.07091
                ]
            },
            "faces": {
                "north": {
                    "uv": [
                        0,
                        5,
                        2.5,
                        7.5
                    ],
                    "texture": "#2"
                },
                "east": {
                    "uv": [
                        0,
                        0,
                        3,
                        2.5
                    ],
                    "texture": "#2"
                },
                "south": {
                    "uv": [
                        5.5,
                        0,
                        8,
                        2.5
                    ],
                    "texture": "#2"
                },
                "west": {
                    "uv": [
                        0,
                        2.5,
                        3,
                        5
                    ],
                    "texture": "#2"
                },
                "up": {
                    "uv": [
                        5.5,
                        3,
                        3,
                        0
                    ],
                    "texture": "#2"
                },
                "down": {
                    "uv": [
                        5.5,
                        3,
                        3,
                        6
                    ],
                    "texture": "#2"
                }
            }
        },
        {
            "from": [
                6,
                3.77934,
                5.47237
            ],
            "to": [
                10,
                7.77934,
                10.72237
            ],
            "rotation": {
                "angle": 0,
                "axis": "x",
                "origin": [
                    8,
                    5.52934,
                    8.09737
                ]
            },
            "faces": {
                "east": {
                    "uv": [
                        5.5,
                        2.5,
                        8,
                        4.5
                    ],
                    "texture": "#2"
                },
                "south": {
                    "uv": [
                        6.5,
                        6.5,
                        8.5,
                        8.5
                    ],
                    "texture": "#2"
                },
                "west": {
                    "uv": [
                        5.5,
                        4.5,
                        8,
                        6.5
                    ],
                    "texture": "#2"
                },
                "up": {
                    "uv": [
                        4.5,
                        8.5,
                        2.5,
                        6
                    ],
                    "texture": "#2"
                },
                "down": {
                    "uv": [
                        6.5,
                        6.5,
                        4.5,
                        9
                    ],
                    "texture": "#2"
                }
            }
        },
        {
            "from": [
                6.5,
                4.97403,
                9.96756
            ],
            "to": [
                9.5,
                7.97403,
                14.71756
            ],
            "rotation": {
                "angle": -22.5,
                "axis": "x",
                "origin": [
                    8,
                    6.47403,
                    12.34256
                ]
            },
            "faces": {
                "east": {
                    "uv": [
                        0,
                        7.5,
                        2.5,
                        9
                    ],
                    "texture": "#2"
                },
                "south": {
                    "uv": [
                        2.5,
                        8.5,
                        4,
                        10
                    ],
                    "texture": "#2"
                },
                "west": {
                    "uv": [
                        8,
                        0,
                        10.5,
                        1.5
                    ],
                    "texture": "#2"
                },
                "up": {
                    "uv": [
                        9.5,
                        4,
                        8,
                        1.5
                    ],
                    "texture": "#2"
                },
                "down": {
                    "uv": [
                        9.5,
                        4,
                        8,
                        6.5
                    ],
                    "texture": "#2"
                }
            }
        },
        {
            "from": [
                6.5,
                10.44483,
                1.84251
            ],
            "to": [
                6.54,
                12.44483,
                7.84251
            ],
            "rotation": {
                "angle": 22.5,
                "axis": "x",
                "origin": [
                    6.5,
                    10.44483,
                    1.84251
                ]
            },
            "faces": {
                "east": {
                    "uv": [
                        9.5,
                        8.5,
                        6.5,
                        9.5
                    ],
                    "texture": "#2"
                },
                "west": {
                    "uv": [
                        6.5,
                        8.5,
                        9.5,
                        9.5
                    ],
                    "texture": "#2"
                }
            }
        },
        {
            "from": [
                6.51,
                7.77934,
                5.47237
            ],
            "to": [
                6.53,
                9.77934,
                10.72237
            ],
            "rotation": {
                "angle": 0,
                "axis": "x",
                "origin": [
                    6.51,
                    7.77934,
                    4.72237
                ]
            },
            "faces": {
                "east": {
                    "uv": [
                        11,
                        6.5,
                        8.5,
                        7.5
                    ],
                    "texture": "#2"
                },
                "west": {
                    "uv": [
                        8.5,
                        6.5,
                        11,
                        7.5
                    ],
                    "texture": "#2"
                }
            }
        },
        {
            "from": [
                6.515,
                6.47262,
                9.66947
            ],
            "to": [
                6.525,
                8.47262,
                14.41947
            ],
            "rotation": {
                "angle": -22.5,
                "axis": "x",
                "origin": [
                    6.515,
                    6.47262,
                    8.41947
                ]
            },
            "faces": {
                "east": {
                    "uv": [
                        11,
                        7.5,
                        8.5,
                        8.5
                    ],
                    "texture": "#2"
                },
                "west": {
                    "uv": [
                        8.5,
                        7.5,
                        11,
                        8.5
                    ],
                    "texture": "#2"
                }
            }
        },
        {
            "from": [
                9.46,
                10.44483,
                1.84251
            ],
            "to": [
                9.5,
                12.44483,
                7.84251
            ],
            "rotation": {
                "angle": 22.5,
                "axis": "x",
                "origin": [
                    9.5,
                    10.44483,
                    1.84251
                ]
            },
            "faces": {
                "east": {
                    "uv": [
                        9.5,
                        8.5,
                        6.5,
                        9.5
                    ],
                    "texture": "#2"
                },
                "west": {
                    "uv": [
                        6.5,
                        8.5,
                        9.5,
                        9.5
                    ],
                    "texture": "#2"
                }
            }
        },
        {
            "from": [
                9.47,
                7.77934,
                5.47237
            ],
            "to": [
                9.49,
                9.77934,
                10.72237
            ],
            "rotation": {
                "angle": 0,
                "axis": "x",
                "origin": [
                    9.49,
                    7.77934,
                    4.72237
                ]
            },
            "faces": {
                "east": {
                    "uv": [
                        11,
                        6.5,
                        8.5,
                        7.5
                    ],
                    "texture": "#2"
                },
                "west": {
                    "uv": [
                        8.5,
                        6.5,
                        11,
                        7.5
                    ],
                    "texture": "#2"
                }
            }
        },
        {
            "from": [
                9.475,
                6.47262,
                9.66947
            ],
            "to": [
                9.485,
                8.47262,
                14.41947
            ],
            "rotation": {
                "angle": -22.5,
                "axis": "x",
                "origin": [
                    9.485,
                    6.47262,
                    8.41947
                ]
            },
            "faces": {
                "east": {
                    "uv": [
                        11,
                        7.5,
                        8.5,
                        8.5
                    ],
                    "texture": "#2"
                },
                "west": {
                    "uv": [
                        8.5,
                        7.5,
                        11,
                        8.5
                    ],
                    "texture": "#2"
                }
            }
        }
    ],
    "gui_light": "front",
    "display": {
        "thirdperson_righthand": {
            "rotation": [
                -118.25,
                0,
                180
            ],
            "translation": [
                0,
                6.5,
                -0.25
            ]
        },
        "thirdperson_lefthand": {
            "rotation": [
                75,
                0,
                0
            ],
            "translation": [
                -5.75,
                -12.25,
                4.5
            ]
        },
        "firstperson_righthand": {
            "rotation": [
                -145.25,
                0,
                -180
            ],
            "translation": [
                0,
                4.75,
                0
            ]
        },
        "firstperson_lefthand": {
            "scale": [
                0,
                0,
                0
            ]
        },
        "ground": {
            "translation": [
                0,
                5,
                0
            ]
        },
        "gui": {
            "rotation": [
                45,
                135,
                0
            ],
            "translation": [
                0.75,
                1.25,
                0
            ]
        },
        "head": {
            "translation": [
                0,
                -22.25,
                12.5
            ],
            "scale": [
                1.6,
                1.6,
                1.6
            ]
        },
        "fixed": {
            "rotation": [
                0,
                180,
                0
            ],
            "translation": [
                0,
                0,
                -10.75
            ],
            "scale": [
                1.6,
                1.6,
                1.6
            ]
        }
    }
}