{
    "credit": "Made with Blockbench",
    "texture_size": [
        32,
        32
    ],
    "textures": {
        "1": "littlecrocodileset/little_crocodile",
        "2": "littlecrocodileset/hammer",
        "particle": "littlecrocodileset/hammer"
    },
    "elements": [
        {
            "from": [
                7.2,
                -0.05,
                7.75
            ],
            "to": [
                8.8,
                1.45,
                9.25
            ],
            "rotation": {
                "angle": -45,
                "axis": "x",
                "origin": [
                    7.5,
                    0.2,
                    8
                ]
            },
            "faces": {
                "north": {
                    "uv": [
                        9.5,
                        7.5,
                        10.25,
                        8.25
                    ],
                    "texture": "#2"
                },
                "east": {
                    "uv": [
                        10,
                        6.5,
                        10.75,
                        7.25
                    ],
                    "texture": "#2"
                },
                "south": {
                    "uv": [
                        10,
                        8.5,
                        10.75,
                        9.25
                    ],
                    "texture": "#2"
                },
                "west": {
                    "uv": [
                        9,
                        10,
                        9.75,
                        10.75
                    ],
                    "texture": "#2"
                },
                "up": {
                    "uv": [
                        10.75,
                        10.25,
                        10,
                        9.5
                    ],
                    "texture": "#2"
                },
                "down": {
                    "uv": [
                        11.25,
                        0,
                        10.5,
                        0.75
                    ],
                    "texture": "#2"
                }
            }
        },
        {
            "from": [
                7.2,
                -8.05,
                7.75
            ],
            "to": [
                8.8,
                -6.55,
                9.25
            ],
            "rotation": {
                "angle": -45,
                "axis": "x",
                "origin": [
                    7.5,
                    -7.8,
                    8
                ]
            },
            "faces": {
                "north": {
                    "uv": [
                        10.5,
                        1,
                        11.25,
                        1.75
                    ],
                    "texture": "#2"
                },
                "east": {
                    "uv": [
                        1.5,
                        10.5,
                        2.25,
                        11.25
                    ],
                    "texture": "#2"
                },
                "south": {
                    "uv": [
                        10.5,
                        2,
                        11.25,
                        2.75
                    ],
                    "texture": "#2"
                },
                "west": {
                    "uv": [
                        3,
                        10.5,
                        3.75,
                        11.25
                    ],
                    "texture": "#2"
                },
                "up": {
                    "uv": [
                        11.25,
                        3.75,
                        10.5,
                        3
                    ],
                    "texture": "#2"
                },
                "down": {
                    "uv": [
                        4.75,
                        10.5,
                        4,
                        11.25
                    ],
                    "texture": "#2"
                }
            }
        },
        {
            "from": [
                7.2,
                6.3,
                7.75
            ],
            "to": [
                8.8,
                7.8,
                9.25
            ],
            "rotation": {
                "angle": 45,
                "axis": "x",
                "origin": [
                    7.5,
                    7.55,
                    8
                ]
            },
            "faces": {
                "north": {
                    "uv": [
                        10.5,
                        4,
                        11.25,
                        4.75
                    ],
                    "texture": "#2"
                },
                "east": {
                    "uv": [
                        10.5,
                        5,
                        11.25,
                        5.75
                    ],
                    "texture": "#2"
                },
                "south": {
                    "uv": [
                        5.5,
                        10.5,
                        6.25,
                        11.25
                    ],
                    "texture": "#2"
                },
                "west": {
                    "uv": [
                        10.5,
                        7.5,
                        11.25,
                        8.25
                    ],
                    "texture": "#2"
                },
                "up": {
                    "uv": [
                        10.75,
                        11.25,
                        10,
                        10.5
                    ],
                    "texture": "#2"
                },
                "down": {
                    "uv": [
                        11.75,
                        6,
                        11,
                        6.75
                    ],
                    "texture": "#2"
                }
            }
        },
        {
            "from": [
                7.25,
                15,
                7.5
            ],
            "to": [
                8.75,
                18,
                10.5
            ],
            "rotation": {
                "angle": -45,
                "axis": "x",
                "origin": [
                    7.5,
                    15.5,
                    8
                ]
            },
            "faces": {
                "north": {
                    "uv": [
                        3,
                        9,
                        3.75,
                        10.5
                    ],
                    "texture": "#2"
                },
                "east": {
                    "uv": [
                        2.5,
                        7.5,
                        4,
                        9
                    ],
                    "texture": "#2"
                },
                "south": {
                    "uv": [
                        4,
                        9,
                        4.75,
                        10.5
                    ],
                    "texture": "#2"
                },
                "west": {
                    "uv": [
                        4,
                        7.5,
                        5.5,
                        9
                    ],
                    "texture": "#2"
                },
                "up": {
                    "uv": [
                        9.75,
                        6.5,
                        9,
                        5
                    ],
                    "texture": "#2"
                },
                "down": {
                    "uv": [
                        9.75,
                        8.5,
                        9,
                        10
                    ],
                    "texture": "#2"
                }
            }
        },
        {
            "from": [
                7,
                15.5,
                8
            ],
            "to": [
                9,
                17.5,
                10
            ],
            "rotation": {
                "angle": -45,
                "axis": "x",
                "origin": [
                    7.5,
                    15.5,
                    8
                ]
            },
            "faces": {
                "north": {
                    "uv": [
                        9,
                        6.5,
                        10,
                        7.5
                    ],
                    "texture": "#2"
                },
                "east": {
                    "uv": [
                        1.5,
                        9.5,
                        2.5,
                        10.5
                    ],
                    "texture": "#2"
                },
                "south": {
                    "uv": [
                        9.5,
                        2,
                        10.5,
                        3
                    ],
                    "texture": "#2"
                },
                "west": {
                    "uv": [
                        9.5,
                        3,
                        10.5,
                        4
                    ],
                    "texture": "#2"
                },
                "up": {
                    "uv": [
                        10.5,
                        5,
                        9.5,
                        4
                    ],
                    "texture": "#2"
                },
                "down": {
                    "uv": [
                        6.5,
                        9.5,
                        5.5,
                        10.5
                    ],
                    "texture": "#2"
                }
            }
        },
        {
            "from": [
                7.35,
                1.22132,
                7.35
            ],
            "to": [
                8.65,
                2.52132,
                8.65
            ],
            "rotation": {
                "angle": 0,
                "axis": "y",
                "origin": [
                    7.5,
                    1.37132,
                    7.5
                ]
            },
            "faces": {
                "north": {
                    "uv": [
                        6.5,
                        11,
                        7.25,
                        11.75
                    ],
                    "texture": "#2"
                },
                "east": {
                    "uv": [
                        11,
                        8.5,
                        11.75,
                        9.25
                    ],
                    "texture": "#2"
                },
                "south": {
                    "uv": [
                        9,
                        11,
                        9.75,
                        11.75
                    ],
                    "texture": "#2"
                },
                "west": {
                    "uv": [
                        11,
                        9.5,
                        11.75,
                        10.25
                    ],
                    "texture": "#2"
                },
                "up": {
                    "uv": [
                        11.75,
                        11.25,
                        11,
                        10.5
                    ],
                    "texture": "#2"
                },
                "down": {
                    "uv": [
                        12.25,
                        0,
                        11.5,
                        0.75
                    ],
                    "texture": "#2"
                }
            }
        },
        {
            "from": [
                7.35,
                5.22132,
                7.35
            ],
            "to": [
                8.65,
                6.52132,
                8.65
            ],
            "rotation": {
                "angle": 0,
                "axis": "y",
                "origin": [
                    7.5,
                    4.37132,
                    7.5
                ]
            },
            "faces": {
                "north": {
                    "uv": [
                        11.5,
                        1,
                        12.25,
                        1.75
                    ],
                    "texture": "#2"
                },
                "east": {
                    "uv": [
                        1.5,
                        11.5,
                        2.25,
                        12.25
                    ],
                    "texture": "#2"
                },
                "south": {
                    "uv": [
                        11.5,
                        2,
                        12.25,
                        2.75
                    ],
                    "texture": "#2"
                },
                "west": {
                    "uv": [
                        3,
                        11.5,
                        3.75,
                        12.25
                    ],
                    "texture": "#2"
                },
                "up": {
                    "uv": [
                        12.25,
                        3.75,
                        11.5,
                        3
                    ],
                    "texture": "#2"
                },
                "down": {
                    "uv": [
                        4.75,
                        11.5,
                        4,
                        12.25
                    ],
                    "texture": "#2"
                }
            }
        },
        {
            "from": [
                7.5,
                2.52132,
                7.5
            ],
            "to": [
                8.5,
                5.22132,
                8.5
            ],
            "rotation": {
                "angle": 0,
                "axis": "y",
                "origin": [
                    7.5,
                    2.62132,
                    7.5
                ]
            },
            "faces": {
                "north": {
                    "uv": [
                        6.5,
                        9.5,
                        7,
                        10.75
                    ],
                    "texture": "#2"
                },
                "east": {
                    "uv": [
                        7,
                        9.5,
                        7.5,
                        10.75
                    ],
                    "texture": "#2"
                },
                "south": {
                    "uv": [
                        10,
                        0,
                        10.5,
                        1.25
                    ],
                    "texture": "#2"
                },
                "west": {
                    "uv": [
                        10,
                        5,
                        10.5,
                        6.25
                    ],
                    "texture": "#2"
                },
                "up": {
                    "uv": [
                        10.5,
                        2,
                        10,
                        1.5
                    ],
                    "texture": "#2"
                },
                "down": {
                    "uv": [
                        11,
                        6,
                        10.5,
                        6.5
                    ],
                    "texture": "#2"
                }
            }
        },
        {
            "from": [
                7.35,
                -6.77868,
                7.35
            ],
            "to": [
                8.65,
                -5.47868,
                8.65
            ],
            "rotation": {
                "angle": 0,
                "axis": "y",
                "origin": [
                    7.5,
                    -6.62868,
                    7.5
                ]
            },
            "faces": {
                "north": {
                    "uv": [
                        11.5,
                        4,
                        12.25,
                        4.75
                    ],
                    "texture": "#2"
                },
                "east": {
                    "uv": [
                        5,
                        11.5,
                        5.75,
                        12.25
                    ],
                    "texture": "#2"
                },
                "south": {
                    "uv": [
                        11.5,
                        5,
                        12.25,
                        5.75
                    ],
                    "texture": "#2"
                },
                "west": {
                    "uv": [
                        11.5,
                        7,
                        12.25,
                        7.75
                    ],
                    "texture": "#2"
                },
                "up": {
                    "uv": [
                        8.25,
                        12.25,
                        7.5,
                        11.5
                    ],
                    "texture": "#2"
                },
                "down": {
                    "uv": [
                        10.75,
                        11.5,
                        10,
                        12.25
                    ],
                    "texture": "#2"
                }
            }
        },
        {
            "from": [
                7.35,
                -0.77868,
                7.35
            ],
            "to": [
                8.65,
                0.52132,
                8.65
            ],
            "rotation": {
                "angle": 0,
                "axis": "y",
                "origin": [
                    7.5,
                    -1.62868,
                    7.5
                ]
            },
            "faces": {
                "north": {
                    "uv": [
                        11,
                        11.5,
                        11.75,
                        12.25
                    ],
                    "texture": "#2"
                },
                "east": {
                    "uv": [
                        0,
                        12,
                        0.75,
                        12.75
                    ],
                    "texture": "#2"
                },
                "south": {
                    "uv": [
                        6,
                        12,
                        6.75,
                        12.75
                    ],
                    "texture": "#2"
                },
                "west": {
                    "uv": [
                        12,
                        6,
                        12.75,
                        6.75
                    ],
                    "texture": "#2"
                },
                "up": {
                    "uv": [
                        12.75,
                        8.75,
                        12,
                        8
                    ],
                    "texture": "#2"
                },
                "down": {
                    "uv": [
                        9.25,
                        12,
                        8.5,
                        12.75
                    ],
                    "texture": "#2"
                }
            }
        },
        {
            "from": [
                7.5,
                -5.47868,
                7.5
            ],
            "to": [
                8.5,
                -0.77868,
                8.5
            ],
            "rotation": {
                "angle": 0,
                "axis": "y",
                "origin": [
                    7.5,
                    -3.37868,
                    7.5
                ]
            },
            "faces": {
                "north": {
                    "uv": [
                        5,
                        9,
                        5.5,
                        11.25
                    ],
                    "texture": "#2"
                },
                "east": {
                    "uv": [
                        0,
                        9.5,
                        0.5,
                        11.75
                    ],
                    "texture": "#2"
                },
                "south": {
                    "uv": [
                        0.5,
                        9.5,
                        1,
                        11.75
                    ],
                    "texture": "#2"
                },
                "west": {
                    "uv": [
                        1,
                        9.5,
                        1.5,
                        11.75
                    ],
                    "texture": "#2"
                },
                "up": {
                    "uv": [
                        11.5,
                        7.5,
                        11,
                        7
                    ],
                    "texture": "#2"
                },
                "down": {
                    "uv": [
                        6.5,
                        11.5,
                        6,
                        12
                    ],
                    "texture": "#2"
                }
            }
        },
        {
            "from": [
                7.5,
                8.52132,
                7.5
            ],
            "to": [
                8.5,
                14.22132,
                8.5
            ],
            "rotation": {
                "angle": 0,
                "axis": "y",
                "origin": [
                    7.5,
                    12.62132,
                    7.5
                ]
            },
            "faces": {
                "north": {
                    "uv": [
                        7.5,
                        8.5,
                        8,
                        11.25
                    ],
                    "texture": "#2"
                },
                "east": {
                    "uv": [
                        8,
                        8.5,
                        8.5,
                        11.25
                    ],
                    "texture": "#2"
                },
                "south": {
                    "uv": [
                        8.5,
                        8.5,
                        9,
                        11.25
                    ],
                    "texture": "#2"
                },
                "west": {
                    "uv": [
                        2.5,
                        9,
                        3,
                        11.75
                    ],
                    "texture": "#2"
                },
                "up": {
                    "uv": [
                        12,
                        8.5,
                        11.5,
                        8
                    ],
                    "texture": "#2"
                },
                "down": {
                    "uv": [
                        9,
                        11.5,
                        8.5,
                        12
                    ],
                    "texture": "#2"
                }
            }
        },
        {
            "from": [
                7.35,
                7.22132,
                7.35
            ],
            "to": [
                8.65,
                8.52132,
                8.65
            ],
            "rotation": {
                "angle": 0,
                "axis": "y",
                "origin": [
                    7.5,
                    7.37132,
                    7.5
                ]
            },
            "faces": {
                "north": {
                    "uv": [
                        12,
                        9,
                        12.75,
                        9.75
                    ],
                    "texture": "#2"
                },
                "east": {
                    "uv": [
                        12,
                        10,
                        12.75,
                        10.75
                    ],
                    "texture": "#2"
                },
                "south": {
                    "uv": [
                        12,
                        11,
                        12.75,
                        11.75
                    ],
                    "texture": "#2"
                },
                "west": {
                    "uv": [
                        12,
                        12,
                        12.75,
                        12.75
                    ],
                    "texture": "#2"
                },
                "up": {
                    "uv": [
                        13.25,
                        0.75,
                        12.5,
                        0
                    ],
                    "texture": "#2"
                },
                "down": {
                    "uv": [
                        1.75,
                        12.5,
                        1,
                        13.25
                    ],
                    "texture": "#2"
                }
            }
        },
        {
            "from": [
                7.35,
                14.22132,
                7.35
            ],
            "to": [
                8.65,
                15.52132,
                8.65
            ],
            "rotation": {
                "angle": 0,
                "axis": "y",
                "origin": [
                    7.5,
                    13.37132,
                    7.5
                ]
            },
            "faces": {
                "north": {
                    "uv": [
                        12.5,
                        1,
                        13.25,
                        1.75
                    ],
                    "texture": "#2"
                },
                "east": {
                    "uv": [
                        2,
                        12.5,
                        2.75,
                        13.25
                    ],
                    "texture": "#2"
                },
                "south": {
                    "uv": [
                        12.5,
                        2,
                        13.25,
                        2.75
                    ],
                    "texture": "#2"
                },
                "west": {
                    "uv": [
                        3,
                        12.5,
                        3.75,
                        13.25
                    ],
                    "texture": "#2"
                },
                "up": {
                    "uv": [
                        13.25,
                        3.75,
                        12.5,
                        3
                    ],
                    "texture": "#2"
                },
                "down": {
                    "uv": [
                        4.75,
                        12.5,
                        4,
                        13.25
                    ],
                    "texture": "#2"
                }
            }
        },
        {
            "from": [
                8.72,
                20.025,
                4.075
            ],
            "to": [
                8.75,
                20.525,
                8.075
            ],
            "rotation": {
                "angle": 22.5,
                "axis": "x",
                "origin": [
                    8,
                    17.86628,
                    9.53146
                ]
            },
            "faces": {
                "east": {
                    "uv": [
                        0,
                        10.66667,
                        2.66667,
                        11
                    ],
                    "texture": "#1"
                },
                "west": {
                    "uv": [
                        10.66667,
                        6.66667,
                        13.33333,
                        7
                    ],
                    "texture": "#1"
                }
            }
        },
        {
            "from": [
                8.72,
                19.21174,
                7.33635
            ],
            "to": [
                8.75,
                19.71174,
                10.33635
            ],
            "rotation": {
                "angle": 45,
                "axis": "x",
                "origin": [
                    8,
                    17.86628,
                    9.53146
                ]
            },
            "faces": {
                "east": {
                    "uv": [
                        0,
                        11.33333,
                        2,
                        11.66667
                    ],
                    "texture": "#1"
                },
                "west": {
                    "uv": [
                        11.33333,
                        0,
                        13.33333,
                        0.33333
                    ],
                    "texture": "#1"
                }
            }
        },
        {
            "from": [
                8.47,
                15.09388,
                10.88628
            ],
            "to": [
                8.5,
                17.59388,
                11.38628
            ],
            "rotation": {
                "angle": -22.5,
                "axis": "x",
                "origin": [
                    8,
                    17.86628,
                    9.53146
                ]
            },
            "faces": {
                "east": {
                    "uv": [
                        2.66667,
                        12,
                        3,
                        13.66667
                    ],
                    "texture": "#1"
                },
                "west": {
                    "uv": [
                        3.33333,
                        12,
                        3.66667,
                        13.66667
                    ],
                    "texture": "#1"
                }
            }
        },
        {
            "from": [
                8.22,
                13.24496,
                11.62626
            ],
            "to": [
                8.25,
                15.74496,
                12.12626
            ],
            "rotation": {
                "angle": 0,
                "axis": "y",
                "origin": [
                    8,
                    17.86628,
                    9.53146
                ]
            },
            "faces": {
                "east": {
                    "uv": [
                        4,
                        12,
                        4.33333,
                        13.66667
                    ],
                    "texture": "#1"
                },
                "west": {
                    "uv": [
                        4.66667,
                        12,
                        5,
                        13.66667
                    ],
                    "texture": "#1"
                }
            }
        },
        {
            "from": [
                9,
                20.975,
                3.125
            ],
            "to": [
                10,
                22.475,
                4.625
            ],
            "rotation": {
                "angle": 0,
                "axis": "y",
                "origin": [
                    8.75,
                    20.35,
                    7.875
                ]
            },
            "faces": {
                "north": {
                    "uv": [
                        2.66667,
                        10.66667,
                        3.33333,
                        11.66667
                    ],
                    "texture": "#1"
                },
                "east": {
                    "uv": [
                        10,
                        2,
                        11,
                        3
                    ],
                    "texture": "#1"
                },
                "south": {
                    "uv": [
                        11.33333,
                        0.66667,
                        12,
                        1.66667
                    ],
                    "texture": "#1"
                },
                "west": {
                    "uv": [
                        8.66667,
                        10,
                        9.66667,
                        11
                    ],
                    "texture": "#1"
                },
                "up": {
                    "uv": [
                        2.66667,
                        12.33333,
                        2,
                        11.33333
                    ],
                    "texture": "#1"
                },
                "down": {
                    "uv": [
                        12,
                        2,
                        11.33333,
                        3
                    ],
                    "texture": "#1"
                }
            }
        },
        {
            "from": [
                7.75,
                13.24496,
                11.62626
            ],
            "to": [
                7.78,
                15.74496,
                12.12626
            ],
            "rotation": {
                "angle": 0,
                "axis": "y",
                "origin": [
                    8,
                    17.86628,
                    9.53146
                ]
            },
            "faces": {
                "east": {
                    "uv": [
                        12,
                        4.66667,
                        12.33333,
                        6.33333
                    ],
                    "texture": "#1"
                },
                "west": {
                    "uv": [
                        5.33333,
                        12,
                        5.66667,
                        13.66667
                    ],
                    "texture": "#1"
                }
            }
        },
        {
            "from": [
                7.5,
                15.09388,
                10.88628
            ],
            "to": [
                7.53,
                17.59388,
                11.38628
            ],
            "rotation": {
                "angle": -22.5,
                "axis": "x",
                "origin": [
                    8,
                    17.86628,
                    9.53146
                ]
            },
            "faces": {
                "east": {
                    "uv": [
                        6,
                        12,
                        6.33333,
                        13.66667
                    ],
                    "texture": "#1"
                },
                "west": {
                    "uv": [
                        6.66667,
                        12,
                        7,
                        13.66667
                    ],
                    "texture": "#1"
                }
            }
        },
        {
            "from": [
                7.25,
                19.21174,
                7.33635
            ],
            "to": [
                7.28,
                19.71174,
                10.33635
            ],
            "rotation": {
                "angle": 45,
                "axis": "x",
                "origin": [
                    8,
                    17.86628,
                    9.53146
                ]
            },
            "faces": {
                "east": {
                    "uv": [
                        11.33333,
                        3.33333,
                        13.33333,
                        3.66667
                    ],
                    "texture": "#1"
                },
                "west": {
                    "uv": [
                        11.33333,
                        4,
                        13.33333,
                        4.33333
                    ],
                    "texture": "#1"
                }
            }
        },
        {
            "from": [
                7.25,
                20.025,
                4.075
            ],
            "to": [
                7.28,
                20.525,
                8.075
            ],
            "rotation": {
                "angle": 22.5,
                "axis": "x",
                "origin": [
                    8,
                    17.86628,
                    9.53146
                ]
            },
            "faces": {
                "east": {
                    "uv": [
                        10.66667,
                        7.33333,
                        13.33333,
                        7.66667
                    ],
                    "texture": "#1"
                },
                "west": {
                    "uv": [
                        10.66667,
                        8,
                        13.33333,
                        8.33333
                    ],
                    "texture": "#1"
                }
            }
        },
        {
            "from": [
                6.75,
                17.71174,
                7.33635
            ],
            "to": [
                9.25,
                19.21174,
                10.33635
            ],
            "rotation": {
                "angle": 45,
                "axis": "x",
                "origin": [
                    8,
                    17.86628,
                    9.53146
                ]
            },
            "faces": {
                "north": {
                    "uv": [
                        8,
                        8.66667,
                        9.66667,
                        9.66667
                    ],
                    "texture": "#1"
                },
                "east": {
                    "uv": [
                        8,
                        2,
                        10,
                        3
                    ],
                    "texture": "#1"
                },
                "south": {
                    "uv": [
                        1.33333,
                        9.33333,
                        3,
                        10.33333
                    ],
                    "texture": "#1"
                },
                "west": {
                    "uv": [
                        4,
                        8.66667,
                        6,
                        9.66667
                    ],
                    "texture": "#1"
                },
                "up": {
                    "uv": [
                        7,
                        5.33333,
                        5.33333,
                        3.33333
                    ],
                    "texture": "#1"
                },
                "down": {
                    "uv": [
                        7,
                        5.33333,
                        5.33333,
                        7.33333
                    ],
                    "texture": "#1"
                }
            }
        },
        {
            "from": [
                6,
                20.975,
                3.125
            ],
            "to": [
                7,
                22.475,
                4.625
            ],
            "rotation": {
                "angle": 0,
                "axis": "y",
                "origin": [
                    7.25,
                    20.35,
                    7.875
                ]
            },
            "faces": {
                "north": {
                    "uv": [
                        11.33333,
                        4.66667,
                        12,
                        5.66667
                    ],
                    "texture": "#1"
                },
                "east": {
                    "uv": [
                        10,
                        8.66667,
                        11,
                        9.66667
                    ],
                    "texture": "#1"
                },
                "south": {
                    "uv": [
                        8.66667,
                        11.33333,
                        9.33333,
                        12.33333
                    ],
                    "texture": "#1"
                },
                "west": {
                    "uv": [
                        10,
                        10,
                        11,
                        11
                    ],
                    "texture": "#1"
                },
                "up": {
                    "uv": [
                        12,
                        9.66667,
                        11.33333,
                        8.66667
                    ],
                    "texture": "#1"
                },
                "down": {
                    "uv": [
                        10,
                        11.33333,
                        9.33333,
                        12.33333
                    ],
                    "texture": "#1"
                }
            }
        },
        {
            "from": [
                6.75,
                19.725,
                -0.875
            ],
            "to": [
                9.25,
                21.725,
                0.125
            ],
            "rotation": {
                "angle": 0,
                "axis": "y",
                "origin": [
                    7.25,
                    20.6,
                    7.875
                ]
            },
            "faces": {
                "north": {
                    "uv": [
                        6.66667,
                        7.33333,
                        8.33333,
                        8.66667
                    ],
                    "texture": "#1"
                },
                "east": {
                    "uv": [
                        4.66667,
                        6,
                        5.33333,
                        7.33333
                    ],
                    "texture": "#1"
                },
                "south": {
                    "uv": [
                        2,
                        8,
                        3.66667,
                        9.33333
                    ],
                    "texture": "#1"
                },
                "west": {
                    "uv": [
                        2,
                        6.66667,
                        2.66667,
                        8
                    ],
                    "texture": "#1"
                },
                "up": {
                    "uv": [
                        10.33333,
                        8.66667,
                        8.66667,
                        8
                    ],
                    "texture": "#1"
                },
                "down": {
                    "uv": [
                        11,
                        6,
                        9.33333,
                        6.66667
                    ],
                    "texture": "#1"
                }
            }
        },
        {
            "from": [
                6.75,
                19.725,
                0.125
            ],
            "to": [
                9.25,
                21.225,
                2.875
            ],
            "rotation": {
                "angle": 0,
                "axis": "y",
                "origin": [
                    7.25,
                    20.6,
                    7.875
                ]
            },
            "faces": {
                "north": {
                    "uv": [
                        9.33333,
                        3.33333,
                        11,
                        4.33333
                    ],
                    "texture": "#1"
                },
                "east": {
                    "uv": [
                        6,
                        8.66667,
                        8,
                        9.66667
                    ],
                    "texture": "#1"
                },
                "south": {
                    "uv": [
                        9.33333,
                        4.66667,
                        11,
                        5.66667
                    ],
                    "texture": "#1"
                },
                "west": {
                    "uv": [
                        8.66667,
                        6.66667,
                        10.66667,
                        7.66667
                    ],
                    "texture": "#1"
                },
                "up": {
                    "uv": [
                        4.33333,
                        8,
                        2.66667,
                        6
                    ],
                    "texture": "#1"
                },
                "down": {
                    "uv": [
                        1.66667,
                        6.66667,
                        0,
                        8.66667
                    ],
                    "texture": "#1"
                }
            }
        },
        {
            "from": [
                6.25,
                19.725,
                2.875
            ],
            "to": [
                9.75,
                22.225,
                5.375
            ],
            "rotation": {
                "angle": 0,
                "axis": "y",
                "origin": [
                    7.25,
                    20.6,
                    7.875
                ]
            },
            "faces": {
                "north": {
                    "uv": [
                        0,
                        2.66667,
                        2.33333,
                        4.33333
                    ],
                    "texture": "#1"
                },
                "east": {
                    "uv": [
                        6.66667,
                        0,
                        8.33333,
                        1.66667
                    ],
                    "texture": "#1"
                },
                "south": {
                    "uv": [
                        2.66667,
                        2.66667,
                        5,
                        4.33333
                    ],
                    "texture": "#1"
                },
                "west": {
                    "uv": [
                        7.33333,
                        3.33333,
                        9,
                        5
                    ],
                    "texture": "#1"
                },
                "up": {
                    "uv": [
                        6.33333,
                        1.66667,
                        4,
                        0
                    ],
                    "texture": "#1"
                },
                "down": {
                    "uv": [
                        2.33333,
                        4.66667,
                        0,
                        6.33333
                    ],
                    "texture": "#1"
                }
            }
        },
        {
            "from": [
                7.25,
                13.24496,
                11.12626
            ],
            "to": [
                8.75,
                15.74496,
                11.62626
            ],
            "rotation": {
                "angle": 0,
                "axis": "y",
                "origin": [
                    8,
                    17.86628,
                    9.53146
                ]
            },
            "faces": {
                "north": {
                    "uv": [
                        10,
                        0,
                        11,
                        1.66667
                    ],
                    "texture": "#1"
                },
                "east": {
                    "uv": [
                        7.33333,
                        12,
                        7.66667,
                        13.66667
                    ],
                    "texture": "#1"
                },
                "south": {
                    "uv": [
                        3.33333,
                        10,
                        4.33333,
                        11.66667
                    ],
                    "texture": "#1"
                },
                "west": {
                    "uv": [
                        8,
                        12,
                        8.33333,
                        13.66667
                    ],
                    "texture": "#1"
                },
                "up": {
                    "uv": [
                        10.33333,
                        13,
                        9.33333,
                        12.66667
                    ],
                    "texture": "#1"
                },
                "down": {
                    "uv": [
                        13.66667,
                        9.33333,
                        12.66667,
                        9.66667
                    ],
                    "texture": "#1"
                }
            }
        },
        {
            "from": [
                7,
                15.09388,
                9.88628
            ],
            "to": [
                9,
                17.59388,
                10.88628
            ],
            "rotation": {
                "angle": -22.5,
                "axis": "x",
                "origin": [
                    8,
                    17.86628,
                    9.53146
                ]
            },
            "faces": {
                "north": {
                    "uv": [
                        0,
                        8.66667,
                        1.33333,
                        10.33333
                    ],
                    "texture": "#1"
                },
                "east": {
                    "uv": [
                        7.33333,
                        10,
                        8,
                        11.66667
                    ],
                    "texture": "#1"
                },
                "south": {
                    "uv": [
                        8.66667,
                        0,
                        10,
                        1.66667
                    ],
                    "texture": "#1"
                },
                "west": {
                    "uv": [
                        8,
                        10,
                        8.66667,
                        11.66667
                    ],
                    "texture": "#1"
                },
                "up": {
                    "uv": [
                        5.33333,
                        2.66667,
                        4,
                        2
                    ],
                    "texture": "#1"
                },
                "down": {
                    "uv": [
                        8.66667,
                        6.66667,
                        7.33333,
                        7.33333
                    ],
                    "texture": "#1"
                }
            }
        },
        {
            "from": [
                6.5,
                18.025,
                4.075
            ],
            "to": [
                9.5,
                20.025,
                8.075
            ],
            "rotation": {
                "angle": 22.5,
                "axis": "x",
                "origin": [
                    8,
                    17.86628,
                    9.53146
                ]
            },
            "faces": {
                "north": {
                    "uv": [
                        4.66667,
                        7.33333,
                        6.66667,
                        8.66667
                    ],
                    "texture": "#1"
                },
                "east": {
                    "uv": [
                        2.66667,
                        4.66667,
                        5.33333,
                        6
                    ],
                    "texture": "#1"
                },
                "south": {
                    "uv": [
                        7.33333,
                        5.33333,
                        9.33333,
                        6.66667
                    ],
                    "texture": "#1"
                },
                "west": {
                    "uv": [
                        5.33333,
                        2,
                        8,
                        3.33333
                    ],
                    "texture": "#1"
                },
                "up": {
                    "uv": [
                        2,
                        2.66667,
                        0,
                        0
                    ],
                    "texture": "#1"
                },
                "down": {
                    "uv": [
                        4,
                        0,
                        2,
                        2.66667
                    ],
                    "texture": "#1"
                }
            }
        },
        {
            "from": [
                6.35,
                18.125,
                7.625
            ],
            "to": [
                7.35,
                19.125,
                8.625
            ],
            "rotation": {
                "angle": 45,
                "axis": "z",
                "origin": [
                    6.85,
                    18.25,
                    8
                ]
            },
            "faces": {
                "north": {
                    "uv": [
                        3.33333,
                        9.33333,
                        4,
                        10
                    ],
                    "texture": "#1"
                },
                "east": {
                    "uv": [
                        11.33333,
                        6,
                        12,
                        6.66667
                    ],
                    "texture": "#1"
                },
                "south": {
                    "uv": [
                        12,
                        2,
                        12.66667,
                        2.66667
                    ],
                    "texture": "#1"
                },
                "west": {
                    "uv": [
                        12,
                        2.66667,
                        12.66667,
                        3.33333
                    ],
                    "texture": "#1"
                },
                "up": {
                    "uv": [
                        12.66667,
                        9.33333,
                        12,
                        8.66667
                    ],
                    "texture": "#1"
                }
            }
        },
        {
            "from": [
                6.35,
                17.625,
                7.125
            ],
            "to": [
                7.35,
                18.125,
                8.625
            ],
            "rotation": {
                "angle": 45,
                "axis": "z",
                "origin": [
                    6.85,
                    18.25,
                    8
                ]
            },
            "faces": {
                "north": {
                    "uv": [
                        13.33333,
                        0.66667,
                        14,
                        1
                    ],
                    "texture": "#1"
                },
                "east": {
                    "uv": [
                        12.66667,
                        10,
                        13.66667,
                        10.33333
                    ],
                    "texture": "#1"
                },
                "south": {
                    "uv": [
                        1.33333,
                        13.33333,
                        2,
                        13.66667
                    ],
                    "texture": "#1"
                },
                "west": {
                    "uv": [
                        10.66667,
                        12.66667,
                        11.66667,
                        13
                    ],
                    "texture": "#1"
                },
                "up": {
                    "uv": [
                        10.66667,
                        12.33333,
                        10,
                        11.33333
                    ],
                    "texture": "#1"
                },
                "down": {
                    "uv": [
                        12,
                        10,
                        11.33333,
                        11
                    ],
                    "texture": "#1"
                }
            }
        },
        {
            "from": [
                8.65,
                18.125,
                7.625
            ],
            "to": [
                9.65,
                19.125,
                8.625
            ],
            "rotation": {
                "angle": -45,
                "axis": "z",
                "origin": [
                    9.15,
                    18.25,
                    8
                ]
            },
            "faces": {
                "north": {
                    "uv": [
                        12,
                        9.33333,
                        12.66667,
                        10
                    ],
                    "texture": "#1"
                },
                "east": {
                    "uv": [
                        12,
                        10,
                        12.66667,
                        10.66667
                    ],
                    "texture": "#1"
                },
                "south": {
                    "uv": [
                        12,
                        10.66667,
                        12.66667,
                        11.33333
                    ],
                    "texture": "#1"
                },
                "west": {
                    "uv": [
                        12,
                        11.33333,
                        12.66667,
                        12
                    ],
                    "texture": "#1"
                },
                "up": {
                    "uv": [
                        12.66667,
                        12.66667,
                        12,
                        12
                    ],
                    "texture": "#1"
                }
            }
        },
        {
            "from": [
                8.65,
                17.625,
                7.125
            ],
            "to": [
                9.65,
                18.125,
                8.625
            ],
            "rotation": {
                "angle": -45,
                "axis": "z",
                "origin": [
                    9.15,
                    18.25,
                    8
                ]
            },
            "faces": {
                "north": {
                    "uv": [
                        13.33333,
                        1.33333,
                        14,
                        1.66667
                    ],
                    "texture": "#1"
                },
                "east": {
                    "uv": [
                        12.66667,
                        10.66667,
                        13.66667,
                        11
                    ],
                    "texture": "#1"
                },
                "south": {
                    "uv": [
                        2,
                        13.33333,
                        2.66667,
                        13.66667
                    ],
                    "texture": "#1"
                },
                "west": {
                    "uv": [
                        12.66667,
                        11.33333,
                        13.66667,
                        11.66667
                    ],
                    "texture": "#1"
                },
                "up": {
                    "uv": [
                        11.33333,
                        12.33333,
                        10.66667,
                        11.33333
                    ],
                    "texture": "#1"
                },
                "down": {
                    "uv": [
                        12,
                        11.33333,
                        11.33333,
                        12.33333
                    ],
                    "texture": "#1"
                }
            }
        },
        {
            "from": [
                8.65,
                18.875,
                5.125
            ],
            "to": [
                9.65,
                19.375,
                6.625
            ],
            "rotation": {
                "angle": -22.5,
                "axis": "z",
                "origin": [
                    9.15,
                    19.5,
                    6
                ]
            },
            "faces": {
                "north": {
                    "uv": [
                        13.33333,
                        2,
                        14,
                        2.33333
                    ],
                    "texture": "#1"
                },
                "east": {
                    "uv": [
                        12,
                        12.66667,
                        13,
                        13
                    ],
                    "texture": "#1"
                },
                "south": {
                    "uv": [
                        13.33333,
                        2.66667,
                        14,
                        3
                    ],
                    "texture": "#1"
                },
                "west": {
                    "uv": [
                        12.66667,
                        12,
                        13.66667,
                        12.33333
                    ],
                    "texture": "#1"
                },
                "up": {
                    "uv": [
                        0.66667,
                        13,
                        0,
                        12
                    ],
                    "texture": "#1"
                },
                "down": {
                    "uv": [
                        1.33333,
                        12,
                        0.66667,
                        13
                    ],
                    "texture": "#1"
                }
            }
        },
        {
            "from": [
                8.65,
                19.375,
                5.625
            ],
            "to": [
                9.65,
                20.375,
                6.625
            ],
            "rotation": {
                "angle": -22.5,
                "axis": "z",
                "origin": [
                    9.15,
                    19.5,
                    6
                ]
            },
            "faces": {
                "north": {
                    "uv": [
                        12.66667,
                        0.66667,
                        13.33333,
                        1.33333
                    ],
                    "texture": "#1"
                },
                "east": {
                    "uv": [
                        12.66667,
                        1.33333,
                        13.33333,
                        2
                    ],
                    "texture": "#1"
                },
                "south": {
                    "uv": [
                        2,
                        12.66667,
                        2.66667,
                        13.33333
                    ],
                    "texture": "#1"
                },
                "west": {
                    "uv": [
                        12.66667,
                        2,
                        13.33333,
                        2.66667
                    ],
                    "texture": "#1"
                },
                "up": {
                    "uv": [
                        13.33333,
                        3.33333,
                        12.66667,
                        2.66667
                    ],
                    "texture": "#1"
                }
            }
        },
        {
            "from": [
                6.35,
                19.375,
                5.625
            ],
            "to": [
                7.35,
                20.375,
                6.625
            ],
            "rotation": {
                "angle": 22.5,
                "axis": "z",
                "origin": [
                    6.85,
                    19.5,
                    6
                ]
            },
            "faces": {
                "north": {
                    "uv": [
                        12.66667,
                        4.66667,
                        13.33333,
                        5.33333
                    ],
                    "texture": "#1"
                },
                "east": {
                    "uv": [
                        12.66667,
                        5.33333,
                        13.33333,
                        6
                    ],
                    "texture": "#1"
                },
                "south": {
                    "uv": [
                        12.66667,
                        6,
                        13.33333,
                        6.66667
                    ],
                    "texture": "#1"
                },
                "west": {
                    "uv": [
                        8.66667,
                        12.66667,
                        9.33333,
                        13.33333
                    ],
                    "texture": "#1"
                },
                "up": {
                    "uv": [
                        13.33333,
                        9.33333,
                        12.66667,
                        8.66667
                    ],
                    "texture": "#1"
                }
            }
        },
        {
            "from": [
                6.35,
                18.875,
                5.125
            ],
            "to": [
                7.35,
                19.375,
                6.625
            ],
            "rotation": {
                "angle": 22.5,
                "axis": "z",
                "origin": [
                    6.85,
                    19.5,
                    6
                ]
            },
            "faces": {
                "north": {
                    "uv": [
                        13.33333,
                        3.33333,
                        14,
                        3.66667
                    ],
                    "texture": "#1"
                },
                "east": {
                    "uv": [
                        0,
                        13.33333,
                        1,
                        13.66667
                    ],
                    "texture": "#1"
                },
                "south": {
                    "uv": [
                        13.33333,
                        4,
                        14,
                        4.33333
                    ],
                    "texture": "#1"
                },
                "west": {
                    "uv": [
                        13.33333,
                        0,
                        14.33333,
                        0.33333
                    ],
                    "texture": "#1"
                },
                "up": {
                    "uv": [
                        12.66667,
                        1.66667,
                        12,
                        0.66667
                    ],
                    "texture": "#1"
                },
                "down": {
                    "uv": [
                        2,
                        12,
                        1.33333,
                        13
                    ],
                    "texture": "#1"
                }
            }
        },
        {
            "from": [
                6,
                14.91421,
                5.12868
            ],
            "to": [
                10,
                18.91421,
                6.62868
            ],
            "rotation": {
                "angle": 0,
                "axis": "y",
                "origin": [
                    5.5,
                    -2.08579,
                    -0.62132
                ]
            },
            "faces": {
                "east": {
                    "uv": [
                        5.5,
                        7.5,
                        6.25,
                        9.5
                    ],
                    "texture": "#2"
                },
                "south": {
                    "uv": [
                        7.5,
                        2,
                        9.5,
                        4
                    ],
                    "texture": "#2"
                },
                "west": {
                    "uv": [
                        6.5,
                        7.5,
                        7.25,
                        9.5
                    ],
                    "texture": "#2"
                },
                "up": {
                    "uv": [
                        9.5,
                        4.75,
                        7.5,
                        4
                    ],
                    "texture": "#2"
                },
                "down": {
                    "uv": [
                        9.5,
                        7.5,
                        7.5,
                        8.25
                    ],
                    "texture": "#2"
                }
            }
        },
        {
            "from": [
                5.5,
                14.41421,
                0.62868
            ],
            "to": [
                10.5,
                19.41421,
                5.12868
            ],
            "rotation": {
                "angle": 0,
                "axis": "y",
                "origin": [
                    5.5,
                    -2.08579,
                    -0.62132
                ]
            },
            "faces": {
                "north": {
                    "uv": [
                        0,
                        0,
                        2.5,
                        2.5
                    ],
                    "texture": "#2"
                },
                "east": {
                    "uv": [
                        0,
                        5,
                        2.25,
                        7.5
                    ],
                    "texture": "#2"
                },
                "south": {
                    "uv": [
                        0,
                        2.5,
                        2.5,
                        5
                    ],
                    "texture": "#2"
                },
                "west": {
                    "uv": [
                        5,
                        0,
                        7.25,
                        2.5
                    ],
                    "texture": "#2"
                },
                "up": {
                    "uv": [
                        5,
                        7.25,
                        2.5,
                        5
                    ],
                    "texture": "#2"
                },
                "down": {
                    "uv": [
                        7.5,
                        2.5,
                        5,
                        4.75
                    ],
                    "texture": "#2"
                }
            }
        },
        {
            "from": [
                5.5,
                14.41421,
                -0.37132
            ],
            "to": [
                10.5,
                19.41421,
                3.12868
            ],
            "rotation": {
                "angle": -45,
                "axis": "z",
                "origin": [
                    8,
                    16.91421,
                    -2.12132
                ]
            },
            "faces": {
                "north": {
                    "uv": [
                        2.5,
                        0,
                        5,
                        2.5
                    ],
                    "texture": "#2"
                },
                "east": {
                    "uv": [
                        5,
                        5,
                        6.75,
                        7.5
                    ],
                    "texture": "#2"
                },
                "south": {
                    "uv": [
                        2.5,
                        2.5,
                        5,
                        5
                    ],
                    "texture": "#2"
                },
                "west": {
                    "uv": [
                        7,
                        5,
                        8.75,
                        7.5
                    ],
                    "texture": "#2"
                },
                "up": {
                    "uv": [
                        2.5,
                        9.25,
                        0,
                        7.5
                    ],
                    "texture": "#2"
                },
                "down": {
                    "uv": [
                        10,
                        0,
                        7.5,
                        1.75
                    ],
                    "texture": "#2"
                }
            }
        },
        {
            "from": [
                5.29289,
                18.20711,
                0.12868
            ],
            "to": [
                6.29289,
                19.20711,
                2.12868
            ],
            "rotation": {
                "angle": 45,
                "axis": "z",
                "origin": [
                    4.79289,
                    18.70711,
                    0.62868
                ]
            },
            "faces": {
                "north": {
                    "uv": [
                        1,
                        12,
                        1.5,
                        12.5
                    ],
                    "texture": "#2"
                },
                "east": {
                    "uv": [
                        12.5,
                        4,
                        13.5,
                        4.5
                    ],
                    "texture": "#2"
                },
                "south": {
                    "uv": [
                        2.5,
                        12,
                        3,
                        12.5
                    ],
                    "texture": "#2"
                },
                "west": {
                    "uv": [
                        12.5,
                        4.5,
                        13.5,
                        5
                    ],
                    "texture": "#2"
                },
                "up": {
                    "uv": [
                        7.5,
                        13,
                        7,
                        12
                    ],
                    "texture": "#2"
                },
                "down": {
                    "uv": [
                        10,
                        12,
                        9.5,
                        13
                    ],
                    "texture": "#2"
                }
            }
        },
        {
            "from": [
                5.54289,
                17.95711,
                2.12868
            ],
            "to": [
                6.04289,
                18.95711,
                4.12868
            ],
            "rotation": {
                "angle": 45,
                "axis": "z",
                "origin": [
                    4.79289,
                    18.70711,
                    0.62868
                ]
            },
            "faces": {
                "north": {
                    "uv": [
                        1.5,
                        13.5,
                        1.75,
                        14
                    ],
                    "texture": "#2"
                },
                "east": {
                    "uv": [
                        5,
                        12.5,
                        6,
                        13
                    ],
                    "texture": "#2"
                },
                "south": {
                    "uv": [
                        2,
                        13.5,
                        2.25,
                        14
                    ],
                    "texture": "#2"
                },
                "west": {
                    "uv": [
                        12.5,
                        5,
                        13.5,
                        5.5
                    ],
                    "texture": "#2"
                },
                "up": {
                    "uv": [
                        13.25,
                        11,
                        13,
                        10
                    ],
                    "texture": "#2"
                },
                "down": {
                    "uv": [
                        11.25,
                        13,
                        11,
                        14
                    ],
                    "texture": "#2"
                }
            }
        },
        {
            "from": [
                9.95711,
                17.95711,
                2.12868
            ],
            "to": [
                10.45711,
                18.95711,
                4.12868
            ],
            "rotation": {
                "angle": -45,
                "axis": "z",
                "origin": [
                    11.20711,
                    18.70711,
                    0.62868
                ]
            },
            "faces": {
                "north": {
                    "uv": [
                        13.5,
                        2,
                        13.75,
                        2.5
                    ],
                    "texture": "#2"
                },
                "east": {
                    "uv": [
                        12.5,
                        7.5,
                        13.5,
                        8
                    ],
                    "texture": "#2"
                },
                "south": {
                    "uv": [
                        2.5,
                        13.5,
                        2.75,
                        14
                    ],
                    "texture": "#2"
                },
                "west": {
                    "uv": [
                        10,
                        12.5,
                        11,
                        13
                    ],
                    "texture": "#2"
                },
                "up": {
                    "uv": [
                        13.25,
                        12.5,
                        13,
                        11.5
                    ],
                    "texture": "#2"
                },
                "down": {
                    "uv": [
                        12.25,
                        13,
                        12,
                        14
                    ],
                    "texture": "#2"
                }
            }
        },
        {
            "from": [
                9.70711,
                18.20711,
                0.12868
            ],
            "to": [
                10.70711,
                19.20711,
                2.12868
            ],
            "rotation": {
                "angle": -45,
                "axis": "z",
                "origin": [
                    11.20711,
                    18.70711,
                    0.62868
                ]
            },
            "faces": {
                "north": {
                    "uv": [
                        13,
                        11,
                        13.5,
                        11.5
                    ],
                    "texture": "#2"
                },
                "east": {
                    "uv": [
                        12.5,
                        5.5,
                        13.5,
                        6
                    ],
                    "texture": "#2"
                },
                "south": {
                    "uv": [
                        11.5,
                        13,
                        12,
                        13.5
                    ],
                    "texture": "#2"
                },
                "west": {
                    "uv": [
                        12.5,
                        7,
                        13.5,
                        7.5
                    ],
                    "texture": "#2"
                },
                "up": {
                    "uv": [
                        8,
                        13.5,
                        7.5,
                        12.5
                    ],
                    "texture": "#2"
                },
                "down": {
                    "uv": [
                        8.5,
                        12.5,
                        8,
                        13.5
                    ],
                    "texture": "#2"
                }
            }
        },
        {
            "from": [
                9.70711,
                14.61789,
                0.12868
            ],
            "to": [
                10.70711,
                15.61789,
                2.12868
            ],
            "rotation": {
                "angle": 45,
                "axis": "z",
                "origin": [
                    11.20711,
                    15.11789,
                    0.62868
                ]
            },
            "faces": {
                "north": {
                    "uv": [
                        13,
                        11.5,
                        13.5,
                        11
                    ],
                    "texture": "#2"
                },
                "east": {
                    "uv": [
                        12.5,
                        6,
                        13.5,
                        5.5
                    ],
                    "texture": "#2"
                },
                "south": {
                    "uv": [
                        11.5,
                        13.5,
                        12,
                        13
                    ],
                    "texture": "#2"
                },
                "west": {
                    "uv": [
                        12.5,
                        7.5,
                        13.5,
                        7
                    ],
                    "texture": "#2"
                },
                "up": {
                    "uv": [
                        8.5,
                        13.5,
                        8,
                        12.5
                    ],
                    "texture": "#2"
                },
                "down": {
                    "uv": [
                        8,
                        12.5,
                        7.5,
                        13.5
                    ],
                    "texture": "#2"
                }
            }
        },
        {
            "from": [
                9.95711,
                14.86789,
                2.12868
            ],
            "to": [
                10.45711,
                15.86789,
                4.12868
            ],
            "rotation": {
                "angle": 45,
                "axis": "z",
                "origin": [
                    11.20711,
                    15.11789,
                    0.62868
                ]
            },
            "faces": {
                "north": {
                    "uv": [
                        13.5,
                        2.5,
                        13.75,
                        2
                    ],
                    "texture": "#2"
                },
                "east": {
                    "uv": [
                        12.5,
                        8,
                        13.5,
                        7.5
                    ],
                    "texture": "#2"
                },
                "south": {
                    "uv": [
                        2.5,
                        14,
                        2.75,
                        13.5
                    ],
                    "texture": "#2"
                },
                "west": {
                    "uv": [
                        10,
                        13,
                        11,
                        12.5
                    ],
                    "texture": "#2"
                },
                "up": {
                    "uv": [
                        12.25,
                        14,
                        12,
                        13
                    ],
                    "texture": "#2"
                },
                "down": {
                    "uv": [
                        13.25,
                        11.5,
                        13,
                        12.5
                    ],
                    "texture": "#2"
                }
            }
        },
        {
            "from": [
                5.54289,
                14.86789,
                2.12868
            ],
            "to": [
                6.04289,
                15.86789,
                4.12868
            ],
            "rotation": {
                "angle": -45,
                "axis": "z",
                "origin": [
                    4.79289,
                    15.11789,
                    0.62868
                ]
            },
            "faces": {
                "north": {
                    "uv": [
                        1.5,
                        14,
                        1.75,
                        13.5
                    ],
                    "texture": "#2"
                },
                "east": {
                    "uv": [
                        5,
                        13,
                        6,
                        12.5
                    ],
                    "texture": "#2"
                },
                "south": {
                    "uv": [
                        2,
                        14,
                        2.25,
                        13.5
                    ],
                    "texture": "#2"
                },
                "west": {
                    "uv": [
                        12.5,
                        5.5,
                        13.5,
                        5
                    ],
                    "texture": "#2"
                },
                "up": {
                    "uv": [
                        11.25,
                        14,
                        11,
                        13
                    ],
                    "texture": "#2"
                },
                "down": {
                    "uv": [
                        13.25,
                        10,
                        13,
                        11
                    ],
                    "texture": "#2"
                }
            }
        },
        {
            "from": [
                5.29289,
                14.61789,
                0.12868
            ],
            "to": [
                6.29289,
                15.61789,
                2.12868
            ],
            "rotation": {
                "angle": -45,
                "axis": "z",
                "origin": [
                    4.79289,
                    15.11789,
                    0.62868
                ]
            },
            "faces": {
                "north": {
                    "uv": [
                        1,
                        12.5,
                        1.5,
                        12
                    ],
                    "texture": "#2"
                },
                "east": {
                    "uv": [
                        12.5,
                        4.5,
                        13.5,
                        4
                    ],
                    "texture": "#2"
                },
                "south": {
                    "uv": [
                        2.5,
                        12.5,
                        3,
                        12
                    ],
                    "texture": "#2"
                },
                "west": {
                    "uv": [
                        12.5,
                        5,
                        13.5,
                        4.5
                    ],
                    "texture": "#2"
                },
                "up": {
                    "uv": [
                        10,
                        13,
                        9.5,
                        12
                    ],
                    "texture": "#2"
                },
                "down": {
                    "uv": [
                        7.5,
                        12,
                        7,
                        13
                    ],
                    "texture": "#2"
                }
            }
        }
    ],
    "gui_light": "front",
    "display": {
        "thirdperson_righthand": {
            "translation": [
                0,
                2,
                1
            ]
        },
        "thirdperson_lefthand": {
            "translation": [
                0,
                2,
                1
            ]
        },
        "firstperson_righthand": {
            "rotation": [
                -10,
                0,
                0
            ],
            "translation": [
                4.25,
                -3,
                -2.25
            ]
        },
        "firstperson_lefthand": {
            "rotation": [
                -10,
                0,
                0
            ],
            "translation": [
                4.25,
                -3,
                -2.25
            ]
        },
        "ground": {
            "rotation": [
                -45,
                0,
                0
            ],
            "translation": [
                0,
                5,
                0
            ]
        },
        "gui": {
            "rotation": [
                -90,
                45,
                90
            ],
            "translation": [
                1.25,
                0.5,
                0
            ],
            "scale": [
                0.7,
                0.7,
                0.7
            ]
        },
        "head": {
            "rotation": [
                0,
                -90,
                0
            ]
        },
        "fixed": {
            "rotation": [
                0,
                -90,
                0
            ],
            "translation": [
                0,
                0,
                -1.75
            ],
            "scale": [
                2,
                2,
                2
            ]
        }
    },
    "groups": [
        0,
        1,
        2,
        3,
        4,
        5,
        6,
        7,
        8,
        9,
        10,
        11,
        12,
        13,
        {
            "name": "crocodile",
            "origin": [
                6.85,
                9.5,
                7.65
            ],
            "color": 0,
            "children": [
                14,
                15,
                16,
                17,
                18,
                19,
                20,
                21,
                22,
                23,
                24,
                25,
                26,
                27,
                28,
                29,
                30,
                31,
                32,
                33,
                34,
                35,
                36,
                37,
                38
            ]
        },
        39,
        40,
        41,
        42,
        43,
        44,
        45,
        46,
        47,
        48,
        49
    ]
}