{
    "credit": "Made with Blockbench",
    "texture_size": [
        32,
        32
    ],
    "textures": {
        "1": "littlecrocodileset/little_crocodile",
        "3": "littlecrocodileset/scythe"
    },
    "elements": [
        {
            "from": [
                7.2,
                -0.05,
                7.75
            ],
            "to": [
                8.8,
                1.45,
                9.25
            ],
            "rotation": {
                "angle": -45,
                "axis": "x",
                "origin": [
                    7.5,
                    0.2,
                    8
                ]
            },
            "faces": {
                "north": {
                    "uv": [
                        8.25,
                        5.75,
                        9,
                        6.5
                    ],
                    "texture": "#3"
                },
                "east": {
                    "uv": [
                        6.25,
                        8.25,
                        7,
                        9
                    ],
                    "texture": "#3"
                },
                "south": {
                    "uv": [
                        8.25,
                        6.75,
                        9,
                        7.5
                    ],
                    "texture": "#3"
                },
                "west": {
                    "uv": [
                        8.25,
                        7.75,
                        9,
                        8.5
                    ],
                    "texture": "#3"
                },
                "up": {
                    "uv": [
                        1,
                        9.5,
                        0.25,
                        8.75
                    ],
                    "texture": "#3"
                },
                "down": {
                    "uv": [
                        9.5,
                        0.25,
                        8.75,
                        1
                    ],
                    "texture": "#3"
                }
            }
        },
        {
            "from": [
                7.2,
                -8.05,
                7.75
            ],
            "to": [
                8.8,
                -6.55,
                9.25
            ],
            "rotation": {
                "angle": -45,
                "axis": "x",
                "origin": [
                    7.5,
                    -7.8,
                    8
                ]
            },
            "faces": {
                "north": {
                    "uv": [
                        1.25,
                        8.75,
                        2,
                        9.5
                    ],
                    "texture": "#3"
                },
                "east": {
                    "uv": [
                        8.75,
                        1.25,
                        9.5,
                        2
                    ],
                    "texture": "#3"
                },
                "south": {
                    "uv": [
                        2.25,
                        8.75,
                        3,
                        9.5
                    ],
                    "texture": "#3"
                },
                "west": {
                    "uv": [
                        8.75,
                        2.25,
                        9.5,
                        3
                    ],
                    "texture": "#3"
                },
                "up": {
                    "uv": [
                        4,
                        9.5,
                        3.25,
                        8.75
                    ],
                    "texture": "#3"
                },
                "down": {
                    "uv": [
                        9.5,
                        3.25,
                        8.75,
                        4
                    ],
                    "texture": "#3"
                }
            }
        },
        {
            "from": [
                7.2,
                6.3,
                7.75
            ],
            "to": [
                8.8,
                7.8,
                9.25
            ],
            "rotation": {
                "angle": 45,
                "axis": "x",
                "origin": [
                    7.5,
                    7.55,
                    8
                ]
            },
            "faces": {
                "north": {
                    "uv": [
                        8.75,
                        4.25,
                        9.5,
                        5
                    ],
                    "texture": "#3"
                },
                "east": {
                    "uv": [
                        5.25,
                        8.75,
                        6,
                        9.5
                    ],
                    "texture": "#3"
                },
                "south": {
                    "uv": [
                        7.25,
                        8.75,
                        8,
                        9.5
                    ],
                    "texture": "#3"
                },
                "west": {
                    "uv": [
                        8.25,
                        8.75,
                        9,
                        9.5
                    ],
                    "texture": "#3"
                },
                "up": {
                    "uv": [
                        10,
                        6,
                        9.25,
                        5.25
                    ],
                    "texture": "#3"
                },
                "down": {
                    "uv": [
                        7,
                        9.25,
                        6.25,
                        10
                    ],
                    "texture": "#3"
                }
            }
        },
        {
            "from": [
                7.25,
                15,
                7.5
            ],
            "to": [
                8.75,
                18,
                10.5
            ],
            "rotation": {
                "angle": -45,
                "axis": "x",
                "origin": [
                    7.5,
                    15.5,
                    8
                ]
            },
            "faces": {
                "north": {
                    "uv": [
                        5.25,
                        4.75,
                        6,
                        6.25
                    ],
                    "texture": "#3"
                },
                "east": {
                    "uv": [
                        0.25,
                        4.75,
                        1.75,
                        6.25
                    ],
                    "texture": "#3"
                },
                "south": {
                    "uv": [
                        0.25,
                        6.25,
                        1,
                        7.75
                    ],
                    "texture": "#3"
                },
                "west": {
                    "uv": [
                        1.75,
                        4.75,
                        3.25,
                        6.25
                    ],
                    "texture": "#3"
                },
                "up": {
                    "uv": [
                        2,
                        7.75,
                        1.25,
                        6.25
                    ],
                    "texture": "#3"
                },
                "down": {
                    "uv": [
                        3,
                        6.25,
                        2.25,
                        7.75
                    ],
                    "texture": "#3"
                }
            }
        },
        {
            "from": [
                7,
                15.5,
                8
            ],
            "to": [
                9,
                17.5,
                10
            ],
            "rotation": {
                "angle": -45,
                "axis": "x",
                "origin": [
                    7.5,
                    15.5,
                    8
                ]
            },
            "faces": {
                "north": {
                    "uv": [
                        6.75,
                        2.25,
                        7.75,
                        3.25
                    ],
                    "texture": "#3"
                },
                "east": {
                    "uv": [
                        6.75,
                        3.25,
                        7.75,
                        4.25
                    ],
                    "texture": "#3"
                },
                "south": {
                    "uv": [
                        6.75,
                        4.25,
                        7.75,
                        5.25
                    ],
                    "texture": "#3"
                },
                "west": {
                    "uv": [
                        6.75,
                        5.25,
                        7.75,
                        6.25
                    ],
                    "texture": "#3"
                },
                "up": {
                    "uv": [
                        7.75,
                        7.25,
                        6.75,
                        6.25
                    ],
                    "texture": "#3"
                },
                "down": {
                    "uv": [
                        7.75,
                        7.25,
                        6.75,
                        8.25
                    ],
                    "texture": "#3"
                }
            }
        },
        {
            "from": [
                7.35,
                1.22132,
                7.35
            ],
            "to": [
                8.65,
                2.52132,
                8.65
            ],
            "rotation": {
                "angle": 0,
                "axis": "y",
                "origin": [
                    7.5,
                    1.37132,
                    7.5
                ]
            },
            "faces": {
                "north": {
                    "uv": [
                        9.25,
                        6.25,
                        10,
                        7
                    ],
                    "texture": "#3"
                },
                "east": {
                    "uv": [
                        9.25,
                        7.25,
                        10,
                        8
                    ],
                    "texture": "#3"
                },
                "south": {
                    "uv": [
                        9.25,
                        8.25,
                        10,
                        9
                    ],
                    "texture": "#3"
                },
                "west": {
                    "uv": [
                        9.25,
                        9.25,
                        10,
                        10
                    ],
                    "texture": "#3"
                },
                "up": {
                    "uv": [
                        1,
                        10.5,
                        0.25,
                        9.75
                    ],
                    "texture": "#3"
                },
                "down": {
                    "uv": [
                        10.5,
                        0.25,
                        9.75,
                        1
                    ],
                    "texture": "#3"
                }
            }
        },
        {
            "from": [
                7.35,
                5.22132,
                7.35
            ],
            "to": [
                8.65,
                6.52132,
                8.65
            ],
            "rotation": {
                "angle": 0,
                "axis": "y",
                "origin": [
                    7.5,
                    4.37132,
                    7.5
                ]
            },
            "faces": {
                "north": {
                    "uv": [
                        1.25,
                        9.75,
                        2,
                        10.5
                    ],
                    "texture": "#3"
                },
                "east": {
                    "uv": [
                        9.75,
                        1.25,
                        10.5,
                        2
                    ],
                    "texture": "#3"
                },
                "south": {
                    "uv": [
                        2.25,
                        9.75,
                        3,
                        10.5
                    ],
                    "texture": "#3"
                },
                "west": {
                    "uv": [
                        9.75,
                        2.25,
                        10.5,
                        3
                    ],
                    "texture": "#3"
                },
                "up": {
                    "uv": [
                        4,
                        10.5,
                        3.25,
                        9.75
                    ],
                    "texture": "#3"
                },
                "down": {
                    "uv": [
                        10.5,
                        3.25,
                        9.75,
                        4
                    ],
                    "texture": "#3"
                }
            }
        },
        {
            "from": [
                7.5,
                2.52132,
                7.5
            ],
            "to": [
                8.5,
                5.22132,
                8.5
            ],
            "rotation": {
                "angle": 0,
                "axis": "y",
                "origin": [
                    7.5,
                    2.62132,
                    7.5
                ]
            },
            "faces": {
                "north": {
                    "uv": [
                        4.75,
                        7.75,
                        5.25,
                        9
                    ],
                    "texture": "#3"
                },
                "east": {
                    "uv": [
                        7.75,
                        7.25,
                        8.25,
                        8.5
                    ],
                    "texture": "#3"
                },
                "south": {
                    "uv": [
                        8.25,
                        0.25,
                        8.75,
                        1.5
                    ],
                    "texture": "#3"
                },
                "west": {
                    "uv": [
                        8.25,
                        4.25,
                        8.75,
                        5.5
                    ],
                    "texture": "#3"
                },
                "up": {
                    "uv": [
                        8.75,
                        2.25,
                        8.25,
                        1.75
                    ],
                    "texture": "#3"
                },
                "down": {
                    "uv": [
                        7.75,
                        8.25,
                        7.25,
                        8.75
                    ],
                    "texture": "#3"
                }
            }
        },
        {
            "from": [
                7.35,
                -6.77868,
                7.35
            ],
            "to": [
                8.65,
                -5.47868,
                8.65
            ],
            "rotation": {
                "angle": 0,
                "axis": "y",
                "origin": [
                    7.5,
                    -6.62868,
                    7.5
                ]
            },
            "faces": {
                "north": {
                    "uv": [
                        9.75,
                        4.25,
                        10.5,
                        5
                    ],
                    "texture": "#3"
                },
                "east": {
                    "uv": [
                        4.75,
                        9.75,
                        5.5,
                        10.5
                    ],
                    "texture": "#3"
                },
                "south": {
                    "uv": [
                        7.25,
                        9.75,
                        8,
                        10.5
                    ],
                    "texture": "#3"
                },
                "west": {
                    "uv": [
                        8.25,
                        9.75,
                        9,
                        10.5
                    ],
                    "texture": "#3"
                },
                "up": {
                    "uv": [
                        11,
                        6,
                        10.25,
                        5.25
                    ],
                    "texture": "#3"
                },
                "down": {
                    "uv": [
                        6.5,
                        10.25,
                        5.75,
                        11
                    ],
                    "texture": "#3"
                }
            }
        },
        {
            "from": [
                7.35,
                -0.77868,
                7.35
            ],
            "to": [
                8.65,
                0.52132,
                8.65
            ],
            "rotation": {
                "angle": 0,
                "axis": "y",
                "origin": [
                    7.5,
                    -1.62868,
                    7.5
                ]
            },
            "faces": {
                "north": {
                    "uv": [
                        10.25,
                        6.25,
                        11,
                        7
                    ],
                    "texture": "#3"
                },
                "east": {
                    "uv": [
                        10.25,
                        7.25,
                        11,
                        8
                    ],
                    "texture": "#3"
                },
                "south": {
                    "uv": [
                        10.25,
                        8.25,
                        11,
                        9
                    ],
                    "texture": "#3"
                },
                "west": {
                    "uv": [
                        9.25,
                        10.25,
                        10,
                        11
                    ],
                    "texture": "#3"
                },
                "up": {
                    "uv": [
                        11,
                        10,
                        10.25,
                        9.25
                    ],
                    "texture": "#3"
                },
                "down": {
                    "uv": [
                        11,
                        10.25,
                        10.25,
                        11
                    ],
                    "texture": "#3"
                }
            }
        },
        {
            "from": [
                7.5,
                -5.47868,
                7.5
            ],
            "to": [
                8.5,
                -0.77868,
                8.5
            ],
            "rotation": {
                "angle": 0,
                "axis": "y",
                "origin": [
                    7.5,
                    -3.37868,
                    7.5
                ]
            },
            "faces": {
                "north": {
                    "uv": [
                        6.25,
                        3.25,
                        6.75,
                        5.5
                    ],
                    "texture": "#3"
                },
                "east": {
                    "uv": [
                        5.25,
                        6.25,
                        5.75,
                        8.5
                    ],
                    "texture": "#3"
                },
                "south": {
                    "uv": [
                        5.75,
                        6.25,
                        6.25,
                        8.5
                    ],
                    "texture": "#3"
                },
                "west": {
                    "uv": [
                        6.25,
                        5.75,
                        6.75,
                        8
                    ],
                    "texture": "#3"
                },
                "up": {
                    "uv": [
                        9.25,
                        5.75,
                        8.75,
                        5.25
                    ],
                    "texture": "#3"
                },
                "down": {
                    "uv": [
                        5.25,
                        9.25,
                        4.75,
                        9.75
                    ],
                    "texture": "#3"
                }
            }
        },
        {
            "from": [
                7.5,
                8.52132,
                7.5
            ],
            "to": [
                8.5,
                14.22132,
                8.5
            ],
            "rotation": {
                "angle": 0,
                "axis": "y",
                "origin": [
                    7.5,
                    12.62132,
                    7.5
                ]
            },
            "faces": {
                "north": {
                    "uv": [
                        3.25,
                        4.75,
                        3.75,
                        7.5
                    ],
                    "texture": "#3"
                },
                "east": {
                    "uv": [
                        3.75,
                        4.75,
                        4.25,
                        7.5
                    ],
                    "texture": "#3"
                },
                "south": {
                    "uv": [
                        4.25,
                        4.75,
                        4.75,
                        7.5
                    ],
                    "texture": "#3"
                },
                "west": {
                    "uv": [
                        4.75,
                        4.75,
                        5.25,
                        7.5
                    ],
                    "texture": "#3"
                },
                "up": {
                    "uv": [
                        6.25,
                        10.25,
                        5.75,
                        9.75
                    ],
                    "texture": "#3"
                },
                "down": {
                    "uv": [
                        7.25,
                        10.25,
                        6.75,
                        10.75
                    ],
                    "texture": "#3"
                }
            }
        },
        {
            "from": [
                7.35,
                7.22132,
                7.35
            ],
            "to": [
                8.65,
                8.52132,
                8.65
            ],
            "rotation": {
                "angle": 0,
                "axis": "y",
                "origin": [
                    7.5,
                    7.37132,
                    7.5
                ]
            },
            "faces": {
                "north": {
                    "uv": [
                        0.25,
                        10.75,
                        1,
                        11.5
                    ],
                    "texture": "#3"
                },
                "east": {
                    "uv": [
                        10.75,
                        0.25,
                        11.5,
                        1
                    ],
                    "texture": "#3"
                },
                "south": {
                    "uv": [
                        1.25,
                        10.75,
                        2,
                        11.5
                    ],
                    "texture": "#3"
                },
                "west": {
                    "uv": [
                        10.75,
                        1.25,
                        11.5,
                        2
                    ],
                    "texture": "#3"
                },
                "up": {
                    "uv": [
                        3,
                        11.5,
                        2.25,
                        10.75
                    ],
                    "texture": "#3"
                },
                "down": {
                    "uv": [
                        11.5,
                        2.25,
                        10.75,
                        3
                    ],
                    "texture": "#3"
                }
            }
        },
        {
            "from": [
                7.35,
                14.22132,
                7.35
            ],
            "to": [
                8.65,
                15.52132,
                8.65
            ],
            "rotation": {
                "angle": 0,
                "axis": "y",
                "origin": [
                    7.5,
                    13.37132,
                    7.5
                ]
            },
            "faces": {
                "north": {
                    "uv": [
                        3.25,
                        10.75,
                        4,
                        11.5
                    ],
                    "texture": "#3"
                },
                "east": {
                    "uv": [
                        10.75,
                        3.25,
                        11.5,
                        4
                    ],
                    "texture": "#3"
                },
                "south": {
                    "uv": [
                        4.25,
                        10.75,
                        5,
                        11.5
                    ],
                    "texture": "#3"
                },
                "west": {
                    "uv": [
                        10.75,
                        4.25,
                        11.5,
                        5
                    ],
                    "texture": "#3"
                },
                "up": {
                    "uv": [
                        7.5,
                        11.5,
                        6.75,
                        10.75
                    ],
                    "texture": "#3"
                },
                "down": {
                    "uv": [
                        8.5,
                        10.75,
                        7.75,
                        11.5
                    ],
                    "texture": "#3"
                }
            }
        },
        {
            "from": [
                7.5,
                16.27132,
                4.75
            ],
            "to": [
                8.5,
                17.77132,
                6.75
            ],
            "rotation": {
                "angle": 22.5,
                "axis": "x",
                "origin": [
                    7.5,
                    16.27132,
                    5.75
                ]
            },
            "faces": {
                "north": {
                    "uv": [
                        11.25,
                        7.75,
                        11.75,
                        8.5
                    ],
                    "texture": "#3"
                },
                "east": {
                    "uv": [
                        3.25,
                        7.75,
                        4.25,
                        8.5
                    ],
                    "texture": "#3"
                },
                "south": {
                    "uv": [
                        11.25,
                        8.75,
                        11.75,
                        9.5
                    ],
                    "texture": "#3"
                },
                "west": {
                    "uv": [
                        7.75,
                        3.25,
                        8.75,
                        4
                    ],
                    "texture": "#3"
                },
                "up": {
                    "uv": [
                        5.75,
                        11.75,
                        5.25,
                        10.75
                    ],
                    "texture": "#3"
                },
                "down": {
                    "uv": [
                        9.25,
                        10.75,
                        8.75,
                        11.75
                    ],
                    "texture": "#3"
                }
            }
        },
        {
            "from": [
                7.4875,
                16.32037,
                3.15968
            ],
            "to": [
                8.5125,
                17.37037,
                5.15968
            ],
            "rotation": {
                "angle": -45,
                "axis": "x",
                "origin": [
                    7.9875,
                    17.84537,
                    4.10968
                ]
            },
            "faces": {
                "north": {
                    "uv": [
                        10.75,
                        11.25,
                        11.25,
                        11.75
                    ],
                    "texture": "#3"
                },
                "east": {
                    "uv": [
                        11.25,
                        5.25,
                        12.25,
                        5.75
                    ],
                    "texture": "#3"
                },
                "south": {
                    "uv": [
                        11.25,
                        11.25,
                        11.75,
                        11.75
                    ],
                    "texture": "#3"
                },
                "west": {
                    "uv": [
                        5.75,
                        11.25,
                        6.75,
                        11.75
                    ],
                    "texture": "#3"
                },
                "up": {
                    "uv": [
                        11.75,
                        6.75,
                        11.25,
                        5.75
                    ],
                    "texture": "#3"
                },
                "down": {
                    "uv": [
                        11.75,
                        6.75,
                        11.25,
                        7.75
                    ],
                    "texture": "#3"
                }
            }
        },
        {
            "from": [
                7.491,
                16.34274,
                2.86036
            ],
            "to": [
                8.509,
                17.31774,
                3.86036
            ],
            "rotation": {
                "angle": -22.5,
                "axis": "x",
                "origin": [
                    7.991,
                    17.86774,
                    4.81036
                ]
            },
            "faces": {
                "north": {
                    "uv": [
                        0.25,
                        11.75,
                        0.75,
                        12.25
                    ],
                    "texture": "#3"
                },
                "east": {
                    "uv": [
                        11.75,
                        0.25,
                        12.25,
                        0.75
                    ],
                    "texture": "#3"
                },
                "south": {
                    "uv": [
                        0.75,
                        11.75,
                        1.25,
                        12.25
                    ],
                    "texture": "#3"
                },
                "west": {
                    "uv": [
                        11.75,
                        0.75,
                        12.25,
                        1.25
                    ],
                    "texture": "#3"
                },
                "up": {
                    "uv": [
                        1.75,
                        12.25,
                        1.25,
                        11.75
                    ],
                    "texture": "#3"
                },
                "down": {
                    "uv": [
                        12.25,
                        1.25,
                        11.75,
                        1.75
                    ],
                    "texture": "#3"
                }
            }
        },
        {
            "from": [
                7.7625,
                14.69621,
                -0.83374
            ],
            "to": [
                8.2375,
                17.69621,
                5.16626
            ],
            "rotation": {
                "angle": 0,
                "axis": "x",
                "origin": [
                    8.0125,
                    16.19621,
                    2.16626
                ]
            },
            "faces": {
                "north": {
                    "uv": [
                        9.25,
                        11.25,
                        9.5,
                        12.75
                    ],
                    "texture": "#3"
                },
                "east": {
                    "uv": [
                        0.25,
                        3.25,
                        3.25,
                        4.75
                    ],
                    "texture": "#3"
                },
                "south": {
                    "uv": [
                        9.75,
                        11.25,
                        10,
                        12.75
                    ],
                    "texture": "#3"
                },
                "west": {
                    "uv": [
                        3.25,
                        3.25,
                        6.25,
                        4.75
                    ],
                    "texture": "#3"
                },
                "up": {
                    "uv": [
                        4.5,
                        10.75,
                        4.25,
                        7.75
                    ],
                    "texture": "#3"
                },
                "down": {
                    "uv": [
                        8,
                        4.25,
                        7.75,
                        7.25
                    ],
                    "texture": "#3"
                }
            }
        },
        {
            "from": [
                7.7575,
                13.01489,
                -1.01506
            ],
            "to": [
                8.2425,
                15.13489,
                1.10494
            ],
            "rotation": {
                "angle": 45,
                "axis": "x",
                "origin": [
                    8.0125,
                    16.19621,
                    2.16626
                ]
            },
            "faces": {
                "north": {
                    "uv": [
                        1.75,
                        11.75,
                        2,
                        12.75
                    ],
                    "texture": "#3"
                },
                "east": {
                    "uv": [
                        0.25,
                        7.75,
                        1.25,
                        8.75
                    ],
                    "texture": "#3"
                },
                "south": {
                    "uv": [
                        11.75,
                        1.75,
                        12,
                        2.75
                    ],
                    "texture": "#3"
                },
                "west": {
                    "uv": [
                        1.25,
                        7.75,
                        2.25,
                        8.75
                    ],
                    "texture": "#3"
                },
                "up": {
                    "uv": [
                        2.5,
                        12.75,
                        2.25,
                        11.75
                    ],
                    "texture": "#3"
                },
                "down": {
                    "uv": [
                        3,
                        11.75,
                        2.75,
                        12.75
                    ],
                    "texture": "#3"
                }
            }
        },
        {
            "from": [
                7.7575,
                17.25753,
                3.22758
            ],
            "to": [
                8.2425,
                19.37753,
                5.34758
            ],
            "rotation": {
                "angle": 45,
                "axis": "x",
                "origin": [
                    8.0125,
                    16.19621,
                    2.16626
                ]
            },
            "faces": {
                "north": {
                    "uv": [
                        11.75,
                        2.75,
                        12,
                        3.75
                    ],
                    "texture": "#3"
                },
                "east": {
                    "uv": [
                        2.25,
                        7.75,
                        3.25,
                        8.75
                    ],
                    "texture": "#3"
                },
                "south": {
                    "uv": [
                        3.25,
                        11.75,
                        3.5,
                        12.75
                    ],
                    "texture": "#3"
                },
                "west": {
                    "uv": [
                        7.75,
                        2.25,
                        8.75,
                        3.25
                    ],
                    "texture": "#3"
                },
                "up": {
                    "uv": [
                        4,
                        12.75,
                        3.75,
                        11.75
                    ],
                    "texture": "#3"
                },
                "down": {
                    "uv": [
                        12,
                        3.75,
                        11.75,
                        4.75
                    ],
                    "texture": "#3"
                }
            }
        },
        {
            "from": [
                7.75,
                16.69528,
                1.66626
            ],
            "to": [
                8.25,
                18.69528,
                2.16626
            ],
            "rotation": {
                "angle": 0,
                "axis": "y",
                "origin": [
                    7.75,
                    16.69528,
                    -1.33374
                ]
            },
            "faces": {
                "north": {
                    "uv": [
                        4.25,
                        11.75,
                        4.5,
                        12.75
                    ],
                    "texture": "#3"
                },
                "east": {
                    "uv": [
                        4.75,
                        11.75,
                        5,
                        12.75
                    ],
                    "texture": "#3"
                },
                "south": {
                    "uv": [
                        5.25,
                        11.75,
                        5.5,
                        12.75
                    ],
                    "texture": "#3"
                },
                "west": {
                    "uv": [
                        5.75,
                        11.75,
                        6,
                        12.75
                    ],
                    "texture": "#3"
                },
                "up": {
                    "uv": [
                        12,
                        5,
                        11.75,
                        4.75
                    ],
                    "texture": "#3"
                },
                "down": {
                    "uv": [
                        6.5,
                        11.75,
                        6.25,
                        12
                    ],
                    "texture": "#3"
                }
            }
        },
        {
            "from": [
                7.75,
                16.69528,
                2.16626
            ],
            "to": [
                8.25,
                18.19528,
                5.16626
            ],
            "rotation": {
                "angle": 0,
                "axis": "y",
                "origin": [
                    7.75,
                    16.69528,
                    1.66626
                ]
            },
            "faces": {
                "east": {
                    "uv": [
                        6.75,
                        0.25,
                        8.25,
                        1
                    ],
                    "texture": "#3"
                },
                "south": {
                    "uv": [
                        11.75,
                        5.75,
                        12,
                        6.5
                    ],
                    "texture": "#3"
                },
                "west": {
                    "uv": [
                        6.75,
                        1.25,
                        8.25,
                        2
                    ],
                    "texture": "#3"
                },
                "up": {
                    "uv": [
                        11.5,
                        11.25,
                        11.25,
                        9.75
                    ],
                    "texture": "#3"
                },
                "down": {
                    "uv": [
                        10.5,
                        11.25,
                        10.25,
                        12.75
                    ],
                    "texture": "#3"
                }
            }
        },
        {
            "from": [
                8.72,
                19.025,
                5.725
            ],
            "to": [
                8.75,
                19.525,
                9.725
            ],
            "rotation": {
                "angle": 22.5,
                "axis": "x",
                "origin": [
                    8,
                    16.86628,
                    11.18146
                ]
            },
            "faces": {
                "east": {
                    "uv": [
                        0,
                        10.66667,
                        2.66667,
                        11
                    ],
                    "texture": "#1"
                },
                "west": {
                    "uv": [
                        10.66667,
                        6.66667,
                        13.33333,
                        7
                    ],
                    "texture": "#1"
                }
            }
        },
        {
            "from": [
                8.72,
                18.21174,
                8.98635
            ],
            "to": [
                8.75,
                18.71174,
                11.98635
            ],
            "rotation": {
                "angle": 45,
                "axis": "x",
                "origin": [
                    8,
                    16.86628,
                    11.18146
                ]
            },
            "faces": {
                "east": {
                    "uv": [
                        0,
                        11.33333,
                        2,
                        11.66667
                    ],
                    "texture": "#1"
                },
                "west": {
                    "uv": [
                        11.33333,
                        0,
                        13.33333,
                        0.33333
                    ],
                    "texture": "#1"
                }
            }
        },
        {
            "from": [
                8.47,
                14.09388,
                12.53628
            ],
            "to": [
                8.5,
                16.59388,
                13.03628
            ],
            "rotation": {
                "angle": -22.5,
                "axis": "x",
                "origin": [
                    8,
                    16.86628,
                    11.18146
                ]
            },
            "faces": {
                "east": {
                    "uv": [
                        2.66667,
                        12,
                        3,
                        13.66667
                    ],
                    "texture": "#1"
                },
                "west": {
                    "uv": [
                        3.33333,
                        12,
                        3.66667,
                        13.66667
                    ],
                    "texture": "#1"
                }
            }
        },
        {
            "from": [
                8.22,
                12.24496,
                13.27626
            ],
            "to": [
                8.25,
                14.74496,
                13.77626
            ],
            "rotation": {
                "angle": 0,
                "axis": "y",
                "origin": [
                    8,
                    16.86628,
                    11.18146
                ]
            },
            "faces": {
                "east": {
                    "uv": [
                        4,
                        12,
                        4.33333,
                        13.66667
                    ],
                    "texture": "#1"
                },
                "west": {
                    "uv": [
                        4.66667,
                        12,
                        5,
                        13.66667
                    ],
                    "texture": "#1"
                }
            }
        },
        {
            "from": [
                9,
                19.975,
                4.775
            ],
            "to": [
                10,
                21.475,
                6.275
            ],
            "rotation": {
                "angle": 0,
                "axis": "y",
                "origin": [
                    8.75,
                    19.35,
                    9.525
                ]
            },
            "faces": {
                "north": {
                    "uv": [
                        2.66667,
                        10.66667,
                        3.33333,
                        11.66667
                    ],
                    "texture": "#1"
                },
                "east": {
                    "uv": [
                        10,
                        2,
                        11,
                        3
                    ],
                    "texture": "#1"
                },
                "south": {
                    "uv": [
                        11.33333,
                        0.66667,
                        12,
                        1.66667
                    ],
                    "texture": "#1"
                },
                "west": {
                    "uv": [
                        8.66667,
                        10,
                        9.66667,
                        11
                    ],
                    "texture": "#1"
                },
                "up": {
                    "uv": [
                        2.66667,
                        12.33333,
                        2,
                        11.33333
                    ],
                    "texture": "#1"
                },
                "down": {
                    "uv": [
                        12,
                        2,
                        11.33333,
                        3
                    ],
                    "texture": "#1"
                }
            }
        },
        {
            "from": [
                7.75,
                12.24496,
                13.27626
            ],
            "to": [
                7.78,
                14.74496,
                13.77626
            ],
            "rotation": {
                "angle": 0,
                "axis": "y",
                "origin": [
                    8,
                    16.86628,
                    11.18146
                ]
            },
            "faces": {
                "east": {
                    "uv": [
                        12,
                        4.66667,
                        12.33333,
                        6.33333
                    ],
                    "texture": "#1"
                },
                "west": {
                    "uv": [
                        5.33333,
                        12,
                        5.66667,
                        13.66667
                    ],
                    "texture": "#1"
                }
            }
        },
        {
            "from": [
                7.5,
                14.09388,
                12.53628
            ],
            "to": [
                7.53,
                16.59388,
                13.03628
            ],
            "rotation": {
                "angle": -22.5,
                "axis": "x",
                "origin": [
                    8,
                    16.86628,
                    11.18146
                ]
            },
            "faces": {
                "east": {
                    "uv": [
                        6,
                        12,
                        6.33333,
                        13.66667
                    ],
                    "texture": "#1"
                },
                "west": {
                    "uv": [
                        6.66667,
                        12,
                        7,
                        13.66667
                    ],
                    "texture": "#1"
                }
            }
        },
        {
            "from": [
                7.25,
                18.21174,
                8.98635
            ],
            "to": [
                7.28,
                18.71174,
                11.98635
            ],
            "rotation": {
                "angle": 45,
                "axis": "x",
                "origin": [
                    8,
                    16.86628,
                    11.18146
                ]
            },
            "faces": {
                "east": {
                    "uv": [
                        11.33333,
                        3.33333,
                        13.33333,
                        3.66667
                    ],
                    "texture": "#1"
                },
                "west": {
                    "uv": [
                        11.33333,
                        4,
                        13.33333,
                        4.33333
                    ],
                    "texture": "#1"
                }
            }
        },
        {
            "from": [
                7.25,
                19.025,
                5.725
            ],
            "to": [
                7.28,
                19.525,
                9.725
            ],
            "rotation": {
                "angle": 22.5,
                "axis": "x",
                "origin": [
                    8,
                    16.86628,
                    11.18146
                ]
            },
            "faces": {
                "east": {
                    "uv": [
                        10.66667,
                        7.33333,
                        13.33333,
                        7.66667
                    ],
                    "texture": "#1"
                },
                "west": {
                    "uv": [
                        10.66667,
                        8,
                        13.33333,
                        8.33333
                    ],
                    "texture": "#1"
                }
            }
        },
        {
            "from": [
                6.75,
                16.71174,
                8.98635
            ],
            "to": [
                9.25,
                18.21174,
                11.98635
            ],
            "rotation": {
                "angle": 45,
                "axis": "x",
                "origin": [
                    8,
                    16.86628,
                    11.18146
                ]
            },
            "faces": {
                "north": {
                    "uv": [
                        8,
                        8.66667,
                        9.66667,
                        9.66667
                    ],
                    "texture": "#1"
                },
                "east": {
                    "uv": [
                        8,
                        2,
                        10,
                        3
                    ],
                    "texture": "#1"
                },
                "south": {
                    "uv": [
                        1.33333,
                        9.33333,
                        3,
                        10.33333
                    ],
                    "texture": "#1"
                },
                "west": {
                    "uv": [
                        4,
                        8.66667,
                        6,
                        9.66667
                    ],
                    "texture": "#1"
                },
                "up": {
                    "uv": [
                        7,
                        5.33333,
                        5.33333,
                        3.33333
                    ],
                    "texture": "#1"
                },
                "down": {
                    "uv": [
                        7,
                        5.33333,
                        5.33333,
                        7.33333
                    ],
                    "texture": "#1"
                }
            }
        },
        {
            "from": [
                6,
                19.975,
                4.775
            ],
            "to": [
                7,
                21.475,
                6.275
            ],
            "rotation": {
                "angle": 0,
                "axis": "y",
                "origin": [
                    7.25,
                    19.35,
                    9.525
                ]
            },
            "faces": {
                "north": {
                    "uv": [
                        11.33333,
                        4.66667,
                        12,
                        5.66667
                    ],
                    "texture": "#1"
                },
                "east": {
                    "uv": [
                        10,
                        8.66667,
                        11,
                        9.66667
                    ],
                    "texture": "#1"
                },
                "south": {
                    "uv": [
                        8.66667,
                        11.33333,
                        9.33333,
                        12.33333
                    ],
                    "texture": "#1"
                },
                "west": {
                    "uv": [
                        10,
                        10,
                        11,
                        11
                    ],
                    "texture": "#1"
                },
                "up": {
                    "uv": [
                        12,
                        9.66667,
                        11.33333,
                        8.66667
                    ],
                    "texture": "#1"
                },
                "down": {
                    "uv": [
                        10,
                        11.33333,
                        9.33333,
                        12.33333
                    ],
                    "texture": "#1"
                }
            }
        },
        {
            "from": [
                6.75,
                18.725,
                0.775
            ],
            "to": [
                9.25,
                20.725,
                1.775
            ],
            "rotation": {
                "angle": 0,
                "axis": "y",
                "origin": [
                    7.25,
                    19.6,
                    9.525
                ]
            },
            "faces": {
                "north": {
                    "uv": [
                        6.66667,
                        7.33333,
                        8.33333,
                        8.66667
                    ],
                    "texture": "#1"
                },
                "east": {
                    "uv": [
                        4.66667,
                        6,
                        5.33333,
                        7.33333
                    ],
                    "texture": "#1"
                },
                "south": {
                    "uv": [
                        2,
                        8,
                        3.66667,
                        9.33333
                    ],
                    "texture": "#1"
                },
                "west": {
                    "uv": [
                        2,
                        6.66667,
                        2.66667,
                        8
                    ],
                    "texture": "#1"
                },
                "up": {
                    "uv": [
                        10.33333,
                        8.66667,
                        8.66667,
                        8
                    ],
                    "texture": "#1"
                },
                "down": {
                    "uv": [
                        11,
                        6,
                        9.33333,
                        6.66667
                    ],
                    "texture": "#1"
                }
            }
        },
        {
            "from": [
                6.75,
                18.725,
                1.775
            ],
            "to": [
                9.25,
                20.225,
                4.525
            ],
            "rotation": {
                "angle": 0,
                "axis": "y",
                "origin": [
                    7.25,
                    19.6,
                    9.525
                ]
            },
            "faces": {
                "north": {
                    "uv": [
                        9.33333,
                        3.33333,
                        11,
                        4.33333
                    ],
                    "texture": "#1"
                },
                "east": {
                    "uv": [
                        6,
                        8.66667,
                        8,
                        9.66667
                    ],
                    "texture": "#1"
                },
                "south": {
                    "uv": [
                        9.33333,
                        4.66667,
                        11,
                        5.66667
                    ],
                    "texture": "#1"
                },
                "west": {
                    "uv": [
                        8.66667,
                        6.66667,
                        10.66667,
                        7.66667
                    ],
                    "texture": "#1"
                },
                "up": {
                    "uv": [
                        4.33333,
                        8,
                        2.66667,
                        6
                    ],
                    "texture": "#1"
                },
                "down": {
                    "uv": [
                        1.66667,
                        6.66667,
                        0,
                        8.66667
                    ],
                    "texture": "#1"
                }
            }
        },
        {
            "from": [
                6.25,
                18.725,
                4.525
            ],
            "to": [
                9.75,
                21.225,
                7.025
            ],
            "rotation": {
                "angle": 0,
                "axis": "y",
                "origin": [
                    7.25,
                    19.6,
                    9.525
                ]
            },
            "faces": {
                "north": {
                    "uv": [
                        0,
                        2.66667,
                        2.33333,
                        4.33333
                    ],
                    "texture": "#1"
                },
                "east": {
                    "uv": [
                        6.66667,
                        0,
                        8.33333,
                        1.66667
                    ],
                    "texture": "#1"
                },
                "south": {
                    "uv": [
                        2.66667,
                        2.66667,
                        5,
                        4.33333
                    ],
                    "texture": "#1"
                },
                "west": {
                    "uv": [
                        7.33333,
                        3.33333,
                        9,
                        5
                    ],
                    "texture": "#1"
                },
                "up": {
                    "uv": [
                        6.33333,
                        1.66667,
                        4,
                        0
                    ],
                    "texture": "#1"
                },
                "down": {
                    "uv": [
                        2.33333,
                        4.66667,
                        0,
                        6.33333
                    ],
                    "texture": "#1"
                }
            }
        },
        {
            "from": [
                7.25,
                12.24496,
                12.77626
            ],
            "to": [
                8.75,
                14.74496,
                13.27626
            ],
            "rotation": {
                "angle": 0,
                "axis": "y",
                "origin": [
                    8,
                    16.86628,
                    11.18146
                ]
            },
            "faces": {
                "north": {
                    "uv": [
                        10,
                        0,
                        11,
                        1.66667
                    ],
                    "texture": "#1"
                },
                "east": {
                    "uv": [
                        7.33333,
                        12,
                        7.66667,
                        13.66667
                    ],
                    "texture": "#1"
                },
                "south": {
                    "uv": [
                        3.33333,
                        10,
                        4.33333,
                        11.66667
                    ],
                    "texture": "#1"
                },
                "west": {
                    "uv": [
                        8,
                        12,
                        8.33333,
                        13.66667
                    ],
                    "texture": "#1"
                },
                "up": {
                    "uv": [
                        10.33333,
                        13,
                        9.33333,
                        12.66667
                    ],
                    "texture": "#1"
                },
                "down": {
                    "uv": [
                        13.66667,
                        9.33333,
                        12.66667,
                        9.66667
                    ],
                    "texture": "#1"
                }
            }
        },
        {
            "from": [
                7,
                14.09388,
                11.53628
            ],
            "to": [
                9,
                16.59388,
                12.53628
            ],
            "rotation": {
                "angle": -22.5,
                "axis": "x",
                "origin": [
                    8,
                    16.86628,
                    11.18146
                ]
            },
            "faces": {
                "north": {
                    "uv": [
                        0,
                        8.66667,
                        1.33333,
                        10.33333
                    ],
                    "texture": "#1"
                },
                "east": {
                    "uv": [
                        7.33333,
                        10,
                        8,
                        11.66667
                    ],
                    "texture": "#1"
                },
                "south": {
                    "uv": [
                        8.66667,
                        0,
                        10,
                        1.66667
                    ],
                    "texture": "#1"
                },
                "west": {
                    "uv": [
                        8,
                        10,
                        8.66667,
                        11.66667
                    ],
                    "texture": "#1"
                },
                "up": {
                    "uv": [
                        5.33333,
                        2.66667,
                        4,
                        2
                    ],
                    "texture": "#1"
                },
                "down": {
                    "uv": [
                        8.66667,
                        6.66667,
                        7.33333,
                        7.33333
                    ],
                    "texture": "#1"
                }
            }
        },
        {
            "from": [
                6.5,
                17.025,
                5.725
            ],
            "to": [
                9.5,
                19.025,
                9.725
            ],
            "rotation": {
                "angle": 22.5,
                "axis": "x",
                "origin": [
                    8,
                    16.86628,
                    11.18146
                ]
            },
            "faces": {
                "north": {
                    "uv": [
                        4.66667,
                        7.33333,
                        6.66667,
                        8.66667
                    ],
                    "texture": "#1"
                },
                "east": {
                    "uv": [
                        2.66667,
                        4.66667,
                        5.33333,
                        6
                    ],
                    "texture": "#1"
                },
                "south": {
                    "uv": [
                        7.33333,
                        5.33333,
                        9.33333,
                        6.66667
                    ],
                    "texture": "#1"
                },
                "west": {
                    "uv": [
                        5.33333,
                        2,
                        8,
                        3.33333
                    ],
                    "texture": "#1"
                },
                "up": {
                    "uv": [
                        2,
                        2.66667,
                        0,
                        0
                    ],
                    "texture": "#1"
                },
                "down": {
                    "uv": [
                        4,
                        0,
                        2,
                        2.66667
                    ],
                    "texture": "#1"
                }
            }
        },
        {
            "from": [
                6.35,
                17.125,
                9.275
            ],
            "to": [
                7.35,
                18.125,
                10.275
            ],
            "rotation": {
                "angle": 45,
                "axis": "z",
                "origin": [
                    6.85,
                    17.25,
                    9.65
                ]
            },
            "faces": {
                "north": {
                    "uv": [
                        3.33333,
                        9.33333,
                        4,
                        10
                    ],
                    "texture": "#1"
                },
                "east": {
                    "uv": [
                        11.33333,
                        6,
                        12,
                        6.66667
                    ],
                    "texture": "#1"
                },
                "south": {
                    "uv": [
                        12,
                        2,
                        12.66667,
                        2.66667
                    ],
                    "texture": "#1"
                },
                "west": {
                    "uv": [
                        12,
                        2.66667,
                        12.66667,
                        3.33333
                    ],
                    "texture": "#1"
                },
                "up": {
                    "uv": [
                        12.66667,
                        9.33333,
                        12,
                        8.66667
                    ],
                    "texture": "#1"
                }
            }
        },
        {
            "from": [
                6.35,
                16.625,
                8.775
            ],
            "to": [
                7.35,
                17.125,
                10.275
            ],
            "rotation": {
                "angle": 45,
                "axis": "z",
                "origin": [
                    6.85,
                    17.25,
                    9.65
                ]
            },
            "faces": {
                "north": {
                    "uv": [
                        13.33333,
                        0.66667,
                        14,
                        1
                    ],
                    "texture": "#1"
                },
                "east": {
                    "uv": [
                        12.66667,
                        10,
                        13.66667,
                        10.33333
                    ],
                    "texture": "#1"
                },
                "south": {
                    "uv": [
                        1.33333,
                        13.33333,
                        2,
                        13.66667
                    ],
                    "texture": "#1"
                },
                "west": {
                    "uv": [
                        10.66667,
                        12.66667,
                        11.66667,
                        13
                    ],
                    "texture": "#1"
                },
                "up": {
                    "uv": [
                        10.66667,
                        12.33333,
                        10,
                        11.33333
                    ],
                    "texture": "#1"
                },
                "down": {
                    "uv": [
                        12,
                        10,
                        11.33333,
                        11
                    ],
                    "texture": "#1"
                }
            }
        },
        {
            "from": [
                8.65,
                17.125,
                9.275
            ],
            "to": [
                9.65,
                18.125,
                10.275
            ],
            "rotation": {
                "angle": -45,
                "axis": "z",
                "origin": [
                    9.15,
                    17.25,
                    9.65
                ]
            },
            "faces": {
                "north": {
                    "uv": [
                        12,
                        9.33333,
                        12.66667,
                        10
                    ],
                    "texture": "#1"
                },
                "east": {
                    "uv": [
                        12,
                        10,
                        12.66667,
                        10.66667
                    ],
                    "texture": "#1"
                },
                "south": {
                    "uv": [
                        12,
                        10.66667,
                        12.66667,
                        11.33333
                    ],
                    "texture": "#1"
                },
                "west": {
                    "uv": [
                        12,
                        11.33333,
                        12.66667,
                        12
                    ],
                    "texture": "#1"
                },
                "up": {
                    "uv": [
                        12.66667,
                        12.66667,
                        12,
                        12
                    ],
                    "texture": "#1"
                }
            }
        },
        {
            "from": [
                8.65,
                16.625,
                8.775
            ],
            "to": [
                9.65,
                17.125,
                10.275
            ],
            "rotation": {
                "angle": -45,
                "axis": "z",
                "origin": [
                    9.15,
                    17.25,
                    9.65
                ]
            },
            "faces": {
                "north": {
                    "uv": [
                        13.33333,
                        1.33333,
                        14,
                        1.66667
                    ],
                    "texture": "#1"
                },
                "east": {
                    "uv": [
                        12.66667,
                        10.66667,
                        13.66667,
                        11
                    ],
                    "texture": "#1"
                },
                "south": {
                    "uv": [
                        2,
                        13.33333,
                        2.66667,
                        13.66667
                    ],
                    "texture": "#1"
                },
                "west": {
                    "uv": [
                        12.66667,
                        11.33333,
                        13.66667,
                        11.66667
                    ],
                    "texture": "#1"
                },
                "up": {
                    "uv": [
                        11.33333,
                        12.33333,
                        10.66667,
                        11.33333
                    ],
                    "texture": "#1"
                },
                "down": {
                    "uv": [
                        12,
                        11.33333,
                        11.33333,
                        12.33333
                    ],
                    "texture": "#1"
                }
            }
        },
        {
            "from": [
                8.65,
                17.875,
                6.775
            ],
            "to": [
                9.65,
                18.375,
                8.275
            ],
            "rotation": {
                "angle": -22.5,
                "axis": "z",
                "origin": [
                    9.15,
                    18.5,
                    7.65
                ]
            },
            "faces": {
                "north": {
                    "uv": [
                        13.33333,
                        2,
                        14,
                        2.33333
                    ],
                    "texture": "#1"
                },
                "east": {
                    "uv": [
                        12,
                        12.66667,
                        13,
                        13
                    ],
                    "texture": "#1"
                },
                "south": {
                    "uv": [
                        13.33333,
                        2.66667,
                        14,
                        3
                    ],
                    "texture": "#1"
                },
                "west": {
                    "uv": [
                        12.66667,
                        12,
                        13.66667,
                        12.33333
                    ],
                    "texture": "#1"
                },
                "up": {
                    "uv": [
                        0.66667,
                        13,
                        0,
                        12
                    ],
                    "texture": "#1"
                },
                "down": {
                    "uv": [
                        1.33333,
                        12,
                        0.66667,
                        13
                    ],
                    "texture": "#1"
                }
            }
        },
        {
            "from": [
                8.65,
                18.375,
                7.275
            ],
            "to": [
                9.65,
                19.375,
                8.275
            ],
            "rotation": {
                "angle": -22.5,
                "axis": "z",
                "origin": [
                    9.15,
                    18.5,
                    7.65
                ]
            },
            "faces": {
                "north": {
                    "uv": [
                        12.66667,
                        0.66667,
                        13.33333,
                        1.33333
                    ],
                    "texture": "#1"
                },
                "east": {
                    "uv": [
                        12.66667,
                        1.33333,
                        13.33333,
                        2
                    ],
                    "texture": "#1"
                },
                "south": {
                    "uv": [
                        2,
                        12.66667,
                        2.66667,
                        13.33333
                    ],
                    "texture": "#1"
                },
                "west": {
                    "uv": [
                        12.66667,
                        2,
                        13.33333,
                        2.66667
                    ],
                    "texture": "#1"
                },
                "up": {
                    "uv": [
                        13.33333,
                        3.33333,
                        12.66667,
                        2.66667
                    ],
                    "texture": "#1"
                }
            }
        },
        {
            "from": [
                6.35,
                18.375,
                7.275
            ],
            "to": [
                7.35,
                19.375,
                8.275
            ],
            "rotation": {
                "angle": 22.5,
                "axis": "z",
                "origin": [
                    6.85,
                    18.5,
                    7.65
                ]
            },
            "faces": {
                "north": {
                    "uv": [
                        12.66667,
                        4.66667,
                        13.33333,
                        5.33333
                    ],
                    "texture": "#1"
                },
                "east": {
                    "uv": [
                        12.66667,
                        5.33333,
                        13.33333,
                        6
                    ],
                    "texture": "#1"
                },
                "south": {
                    "uv": [
                        12.66667,
                        6,
                        13.33333,
                        6.66667
                    ],
                    "texture": "#1"
                },
                "west": {
                    "uv": [
                        8.66667,
                        12.66667,
                        9.33333,
                        13.33333
                    ],
                    "texture": "#1"
                },
                "up": {
                    "uv": [
                        13.33333,
                        9.33333,
                        12.66667,
                        8.66667
                    ],
                    "texture": "#1"
                }
            }
        },
        {
            "from": [
                6.35,
                17.875,
                6.775
            ],
            "to": [
                7.35,
                18.375,
                8.275
            ],
            "rotation": {
                "angle": 22.5,
                "axis": "z",
                "origin": [
                    6.85,
                    18.5,
                    7.65
                ]
            },
            "faces": {
                "north": {
                    "uv": [
                        13.33333,
                        3.33333,
                        14,
                        3.66667
                    ],
                    "texture": "#1"
                },
                "east": {
                    "uv": [
                        0,
                        13.33333,
                        1,
                        13.66667
                    ],
                    "texture": "#1"
                },
                "south": {
                    "uv": [
                        13.33333,
                        4,
                        14,
                        4.33333
                    ],
                    "texture": "#1"
                },
                "west": {
                    "uv": [
                        13.33333,
                        0,
                        14.33333,
                        0.33333
                    ],
                    "texture": "#1"
                },
                "up": {
                    "uv": [
                        12.66667,
                        1.66667,
                        12,
                        0.66667
                    ],
                    "texture": "#1"
                },
                "down": {
                    "uv": [
                        2,
                        12,
                        1.33333,
                        13
                    ],
                    "texture": "#1"
                }
            }
        },
        {
            "from": [
                7.985,
                11,
                -7
            ],
            "to": [
                8.015,
                17,
                6
            ],
            "rotation": {
                "angle": 0,
                "axis": "y",
                "origin": [
                    7.985,
                    0,
                    0
                ]
            },
            "faces": {
                "east": {
                    "uv": [
                        6.5,
                        0,
                        0,
                        3
                    ],
                    "texture": "#3"
                },
                "west": {
                    "uv": [
                        0,
                        0,
                        6.5,
                        3
                    ],
                    "texture": "#3"
                }
            }
        }
    ],
    "gui_light": "front",
    "display": {
        "thirdperson_righthand": {
            "translation": [
                0,
                2,
                1
            ]
        },
        "thirdperson_lefthand": {
            "translation": [
                0,
                2,
                1
            ]
        },
        "firstperson_righthand": {
            "rotation": [
                -10,
                0,
                0
            ],
            "translation": [
                4.25,
                -3,
                -2.25
            ]
        },
        "firstperson_lefthand": {
            "rotation": [
                -10,
                0,
                0
            ],
            "translation": [
                4.25,
                -3,
                -2.25
            ]
        },
        "ground": {
            "rotation": [
                -45,
                0,
                0
            ],
            "translation": [
                0,
                5,
                0
            ]
        },
        "gui": {
            "rotation": [
                -90,
                45,
                90
            ],
            "translation": [
                1.25,
                0.5,
                0
            ],
            "scale": [
                0.7,
                0.7,
                0.7
            ]
        },
        "head": {
            "rotation": [
                0,
                -90,
                0
            ]
        },
        "fixed": {
            "rotation": [
                0,
                -90,
                0
            ],
            "translation": [
                0,
                0,
                -1.75
            ],
            "scale": [
                2,
                2,
                2
            ]
        }
    },
    "groups": [
        0,
        1,
        2,
        3,
        4,
        5,
        6,
        7,
        8,
        9,
        10,
        11,
        12,
        13,
        14,
        15,
        16,
        17,
        18,
        19,
        20,
        21,
        {
            "name": "crocodile",
            "origin": [
                6.85,
                9.5,
                7.65
            ],
            "color": 0,
            "children": [
                22,
                23,
                24,
                25,
                26,
                27,
                28,
                29,
                30,
                31,
                32,
                33,
                34,
                35,
                36,
                37,
                38,
                39,
                40,
                41,
                42,
                43,
                44,
                45,
                46
            ]
        },
        47
    ]
}