{
    "credit": "Made with Blockbench",
    "texture_size": [
        32,
        32
    ],
    "textures": {
        "1": "littlecrocodileset/little_crocodile",
        "2": "littlecrocodileset/shield",
        "particle": "littlecrocodileset/shield"
    },
    "elements": [
        {
            "from": [
                12.17956,
                2.32044,
                9.22008
            ],
            "to": [
                13.67956,
                3.82044,
                10.82008
            ],
            "rotation": {
                "angle": -45,
                "axis": "z",
                "origin": [
                    8,
                    8,
                    5
                ]
            },
            "faces": {
                "north": {
                    "uv": [
                        8.5,
                        6.5,
                        9.25,
                        7.25
                    ],
                    "texture": "#2"
                },
                "east": {
                    "uv": [
                        8,
                        8,
                        8.75,
                        8.75
                    ],
                    "texture": "#2"
                },
                "south": {
                    "uv": [
                        4,
                        8.5,
                        4.75,
                        9.25
                    ],
                    "texture": "#2"
                },
                "west": {
                    "uv": [
                        8.5,
                        5.5,
                        9.25,
                        6.25
                    ],
                    "texture": "#2"
                },
                "up": {
                    "uv": [
                        9.75,
                        0.75,
                        9,
                        0
                    ],
                    "rotation": 90,
                    "texture": "#2"
                },
                "down": {
                    "uv": [
                        9.75,
                        1,
                        9,
                        1.75
                    ],
                    "rotation": 270,
                    "texture": "#2"
                }
            }
        },
        {
            "from": [
                6.51768,
                6.51768,
                9.22008
            ],
            "to": [
                8.01768,
                8.01768,
                10.82008
            ],
            "rotation": {
                "angle": 45,
                "axis": "z",
                "origin": [
                    8,
                    8,
                    5
                ]
            },
            "faces": {
                "north": {
                    "uv": [
                        10,
                        1,
                        10.75,
                        1.75
                    ],
                    "texture": "#2"
                },
                "east": {
                    "uv": [
                        9.5,
                        6,
                        10.25,
                        6.75
                    ],
                    "texture": "#2"
                },
                "south": {
                    "uv": [
                        9,
                        9.5,
                        9.75,
                        10.25
                    ],
                    "texture": "#2"
                },
                "west": {
                    "uv": [
                        10,
                        0,
                        10.75,
                        0.75
                    ],
                    "texture": "#2"
                },
                "up": {
                    "uv": [
                        2.75,
                        10.75,
                        2,
                        10
                    ],
                    "rotation": 90,
                    "texture": "#2"
                },
                "down": {
                    "uv": [
                        10.75,
                        2,
                        10,
                        2.75
                    ],
                    "rotation": 270,
                    "texture": "#2"
                }
            }
        },
        {
            "from": [
                4.44185,
                8.55815,
                5.27008
            ],
            "to": [
                7.44185,
                11.55815,
                6.77008
            ],
            "rotation": {
                "angle": -45,
                "axis": "z",
                "origin": [
                    8,
                    8,
                    5
                ]
            },
            "faces": {
                "north": {
                    "uv": [
                        3.5,
                        6.5,
                        5,
                        8
                    ],
                    "texture": "#2"
                },
                "east": {
                    "uv": [
                        7,
                        0,
                        7.75,
                        1.5
                    ],
                    "texture": "#2"
                },
                "south": {
                    "uv": [
                        2,
                        6.5,
                        3.5,
                        8
                    ],
                    "texture": "#2"
                },
                "west": {
                    "uv": [
                        7,
                        1.5,
                        7.75,
                        3
                    ],
                    "texture": "#2"
                },
                "up": {
                    "uv": [
                        7.75,
                        4.5,
                        7,
                        3
                    ],
                    "rotation": 90,
                    "texture": "#2"
                },
                "down": {
                    "uv": [
                        7.75,
                        4.5,
                        7,
                        6
                    ],
                    "rotation": 270,
                    "texture": "#2"
                }
            }
        },
        {
            "from": [
                4.94185,
                9.05815,
                5.02008
            ],
            "to": [
                6.94185,
                11.05815,
                7.02008
            ],
            "rotation": {
                "angle": -45,
                "axis": "z",
                "origin": [
                    8,
                    8,
                    5
                ]
            },
            "faces": {
                "north": {
                    "uv": [
                        8,
                        1,
                        9,
                        2
                    ],
                    "texture": "#2"
                },
                "east": {
                    "uv": [
                        6.5,
                        7,
                        7.5,
                        8
                    ],
                    "texture": "#2"
                },
                "south": {
                    "uv": [
                        7.5,
                        7,
                        8.5,
                        8
                    ],
                    "texture": "#2"
                },
                "west": {
                    "uv": [
                        8,
                        0,
                        9,
                        1
                    ],
                    "texture": "#2"
                },
                "up": {
                    "uv": [
                        3,
                        9,
                        2,
                        8
                    ],
                    "rotation": 90,
                    "texture": "#2"
                },
                "down": {
                    "uv": [
                        9,
                        2,
                        8,
                        3
                    ],
                    "rotation": 270,
                    "texture": "#2"
                }
            }
        },
        {
            "from": [
                7.35,
                1.34277,
                9.37008
            ],
            "to": [
                8.65,
                2.64277,
                10.67008
            ],
            "rotation": {
                "angle": 0,
                "axis": "y",
                "origin": [
                    8,
                    8,
                    5
                ]
            },
            "faces": {
                "north": {
                    "uv": [
                        9,
                        3,
                        9.75,
                        3.75
                    ],
                    "texture": "#2"
                },
                "east": {
                    "uv": [
                        2,
                        9,
                        2.75,
                        9.75
                    ],
                    "texture": "#2"
                },
                "south": {
                    "uv": [
                        9,
                        2,
                        9.75,
                        2.75
                    ],
                    "texture": "#2"
                },
                "west": {
                    "uv": [
                        3,
                        9,
                        3.75,
                        9.75
                    ],
                    "texture": "#2"
                },
                "up": {
                    "uv": [
                        9.75,
                        8.25,
                        9,
                        7.5
                    ],
                    "rotation": 90,
                    "texture": "#2"
                },
                "down": {
                    "uv": [
                        8.75,
                        9,
                        8,
                        9.75
                    ],
                    "rotation": 270,
                    "texture": "#2"
                }
            }
        },
        {
            "from": [
                7.35,
                5.34277,
                9.37008
            ],
            "to": [
                8.65,
                6.64277,
                10.67008
            ],
            "rotation": {
                "angle": 0,
                "axis": "y",
                "origin": [
                    8,
                    8,
                    5
                ]
            },
            "faces": {
                "north": {
                    "uv": [
                        5,
                        9.5,
                        5.75,
                        10.25
                    ],
                    "texture": "#2"
                },
                "east": {
                    "uv": [
                        9,
                        8.5,
                        9.75,
                        9.25
                    ],
                    "texture": "#2"
                },
                "south": {
                    "uv": [
                        4,
                        9.5,
                        4.75,
                        10.25
                    ],
                    "texture": "#2"
                },
                "west": {
                    "uv": [
                        9.5,
                        4,
                        10.25,
                        4.75
                    ],
                    "texture": "#2"
                },
                "up": {
                    "uv": [
                        10.25,
                        5.75,
                        9.5,
                        5
                    ],
                    "rotation": 90,
                    "texture": "#2"
                },
                "down": {
                    "uv": [
                        6.75,
                        9.5,
                        6,
                        10.25
                    ],
                    "rotation": 270,
                    "texture": "#2"
                }
            }
        },
        {
            "from": [
                7.5,
                2.64277,
                9.52008
            ],
            "to": [
                8.5,
                5.34277,
                10.52008
            ],
            "rotation": {
                "angle": 0,
                "axis": "y",
                "origin": [
                    8,
                    8,
                    5
                ]
            },
            "faces": {
                "north": {
                    "uv": [
                        7,
                        8,
                        7.5,
                        9.25
                    ],
                    "texture": "#2"
                },
                "east": {
                    "uv": [
                        5.5,
                        8,
                        6,
                        9.25
                    ],
                    "texture": "#2"
                },
                "south": {
                    "uv": [
                        6,
                        8,
                        6.5,
                        9.25
                    ],
                    "texture": "#2"
                },
                "west": {
                    "uv": [
                        6.5,
                        8,
                        7,
                        9.25
                    ],
                    "texture": "#2"
                },
                "up": {
                    "uv": [
                        8.5,
                        6,
                        8,
                        5.5
                    ],
                    "rotation": 90,
                    "texture": "#2"
                },
                "down": {
                    "uv": [
                        9,
                        7.5,
                        8.5,
                        8
                    ],
                    "rotation": 270,
                    "texture": "#2"
                }
            }
        },
        {
            "from": [
                9.94657,
                9.23411,
                5.52008
            ],
            "to": [
                11.94657,
                10.73411,
                6.52008
            ],
            "rotation": {
                "angle": 22.5,
                "axis": "z",
                "origin": [
                    8,
                    8,
                    5
                ]
            },
            "faces": {
                "north": {
                    "uv": [
                        8,
                        3,
                        9,
                        3.75
                    ],
                    "texture": "#2"
                },
                "east": {
                    "uv": [
                        8,
                        10,
                        8.5,
                        10.75
                    ],
                    "texture": "#2"
                },
                "south": {
                    "uv": [
                        3,
                        8,
                        4,
                        8.75
                    ],
                    "texture": "#2"
                },
                "west": {
                    "uv": [
                        8.5,
                        10,
                        9,
                        10.75
                    ],
                    "texture": "#2"
                },
                "up": {
                    "uv": [
                        5.5,
                        9.5,
                        5,
                        8.5
                    ],
                    "rotation": 90,
                    "texture": "#2"
                },
                "down": {
                    "uv": [
                        7.5,
                        9.5,
                        7,
                        10.5
                    ],
                    "rotation": 270,
                    "texture": "#2"
                }
            }
        },
        {
            "from": [
                6.9843,
                11.94245,
                5.50758
            ],
            "to": [
                8.9843,
                12.99245,
                6.53258
            ],
            "rotation": {
                "angle": -45,
                "axis": "z",
                "origin": [
                    8,
                    8,
                    5
                ]
            },
            "faces": {
                "north": {
                    "uv": [
                        3,
                        10,
                        4,
                        10.5
                    ],
                    "texture": "#2"
                },
                "east": {
                    "uv": [
                        3,
                        10.5,
                        3.5,
                        11
                    ],
                    "texture": "#2"
                },
                "south": {
                    "uv": [
                        9.5,
                        7,
                        10.5,
                        7.5
                    ],
                    "texture": "#2"
                },
                "west": {
                    "uv": [
                        10.5,
                        3,
                        11,
                        3.5
                    ],
                    "texture": "#2"
                },
                "up": {
                    "uv": [
                        10.5,
                        4,
                        10,
                        3
                    ],
                    "rotation": 90,
                    "texture": "#2"
                },
                "down": {
                    "uv": [
                        10.5,
                        7.5,
                        10,
                        8.5
                    ],
                    "rotation": 270,
                    "texture": "#2"
                }
            }
        },
        {
            "from": [
                10.41808,
                11.26567,
                5.51108
            ],
            "to": [
                11.41808,
                12.24067,
                6.52908
            ],
            "rotation": {
                "angle": -22.5,
                "axis": "z",
                "origin": [
                    8,
                    8,
                    5
                ]
            },
            "faces": {
                "north": {
                    "uv": [
                        10.5,
                        4,
                        11,
                        4.5
                    ],
                    "texture": "#2"
                },
                "east": {
                    "uv": [
                        3.5,
                        10.5,
                        4,
                        11
                    ],
                    "texture": "#2"
                },
                "south": {
                    "uv": [
                        10.5,
                        3.5,
                        11,
                        4
                    ],
                    "texture": "#2"
                },
                "west": {
                    "uv": [
                        4,
                        10.5,
                        4.5,
                        11
                    ],
                    "texture": "#2"
                },
                "up": {
                    "uv": [
                        5,
                        11,
                        4.5,
                        10.5
                    ],
                    "rotation": 90,
                    "texture": "#2"
                },
                "down": {
                    "uv": [
                        11,
                        4.5,
                        10.5,
                        5
                    ],
                    "rotation": 270,
                    "texture": "#2"
                }
            }
        },
        {
            "from": [
                13.83374,
                10.69173,
                5.77008
            ],
            "to": [
                14.33374,
                12.69173,
                6.27008
            ],
            "rotation": {
                "angle": 0,
                "axis": "y",
                "origin": [
                    8,
                    8,
                    5
                ]
            },
            "faces": {
                "north": {
                    "uv": [
                        6,
                        10.5,
                        6.25,
                        11.5
                    ],
                    "texture": "#2"
                },
                "east": {
                    "uv": [
                        5,
                        10.5,
                        5.25,
                        11.5
                    ],
                    "texture": "#2"
                },
                "south": {
                    "uv": [
                        10.5,
                        5,
                        10.75,
                        6
                    ],
                    "texture": "#2"
                },
                "west": {
                    "uv": [
                        5.5,
                        10.5,
                        5.75,
                        11.5
                    ],
                    "texture": "#2"
                },
                "up": {
                    "uv": [
                        7.25,
                        10.75,
                        7,
                        10.5
                    ],
                    "rotation": 90,
                    "texture": "#2"
                },
                "down": {
                    "uv": [
                        7.75,
                        10.5,
                        7.5,
                        10.75
                    ],
                    "rotation": 270,
                    "texture": "#2"
                }
            }
        },
        {
            "from": [
                10.83374,
                10.69173,
                5.77008
            ],
            "to": [
                13.83374,
                12.19173,
                6.27008
            ],
            "rotation": {
                "angle": 0,
                "axis": "y",
                "origin": [
                    8,
                    8,
                    5
                ]
            },
            "faces": {
                "north": {
                    "uv": [
                        7,
                        6,
                        8.5,
                        6.75
                    ],
                    "texture": "#2"
                },
                "south": {
                    "uv": [
                        5,
                        7,
                        6.5,
                        7.75
                    ],
                    "texture": "#2"
                },
                "west": {
                    "uv": [
                        10.5,
                        6.5,
                        10.75,
                        7.25
                    ],
                    "texture": "#2"
                },
                "up": {
                    "uv": [
                        10.25,
                        10,
                        10,
                        8.5
                    ],
                    "rotation": 90,
                    "texture": "#2"
                },
                "down": {
                    "uv": [
                        10.25,
                        10,
                        10,
                        11.5
                    ],
                    "rotation": 270,
                    "texture": "#2"
                }
            }
        },
        {
            "from": [
                4.05343,
                9.23411,
                5.52008
            ],
            "to": [
                6.05343,
                10.73411,
                6.52008
            ],
            "rotation": {
                "angle": -22.5,
                "axis": "z",
                "origin": [
                    8,
                    8,
                    5
                ]
            },
            "faces": {
                "north": {
                    "uv": [
                        9,
                        3,
                        8,
                        3.75
                    ],
                    "texture": "#2"
                },
                "east": {
                    "uv": [
                        9,
                        10,
                        8.5,
                        10.75
                    ],
                    "texture": "#2"
                },
                "south": {
                    "uv": [
                        4,
                        8,
                        3,
                        8.75
                    ],
                    "texture": "#2"
                },
                "west": {
                    "uv": [
                        8.5,
                        10,
                        8,
                        10.75
                    ],
                    "texture": "#2"
                },
                "up": {
                    "uv": [
                        5.5,
                        8.5,
                        5,
                        9.5
                    ],
                    "rotation": 90,
                    "texture": "#2"
                },
                "down": {
                    "uv": [
                        7.5,
                        10.5,
                        7,
                        9.5
                    ],
                    "rotation": 270,
                    "texture": "#2"
                }
            }
        },
        {
            "from": [
                7.0157,
                11.94245,
                5.50758
            ],
            "to": [
                9.0157,
                12.99245,
                6.53258
            ],
            "rotation": {
                "angle": 45,
                "axis": "z",
                "origin": [
                    8,
                    8,
                    5
                ]
            },
            "faces": {
                "north": {
                    "uv": [
                        4,
                        10,
                        3,
                        10.5
                    ],
                    "texture": "#2"
                },
                "east": {
                    "uv": [
                        11,
                        3,
                        10.5,
                        3.5
                    ],
                    "texture": "#2"
                },
                "south": {
                    "uv": [
                        10.5,
                        7,
                        9.5,
                        7.5
                    ],
                    "texture": "#2"
                },
                "west": {
                    "uv": [
                        3.5,
                        10.5,
                        3,
                        11
                    ],
                    "texture": "#2"
                },
                "up": {
                    "uv": [
                        10.5,
                        3,
                        10,
                        4
                    ],
                    "rotation": 90,
                    "texture": "#2"
                },
                "down": {
                    "uv": [
                        10.5,
                        8.5,
                        10,
                        7.5
                    ],
                    "rotation": 270,
                    "texture": "#2"
                }
            }
        },
        {
            "from": [
                2.16626,
                10.69173,
                5.77008
            ],
            "to": [
                5.16626,
                12.19173,
                6.27008
            ],
            "rotation": {
                "angle": 0,
                "axis": "y",
                "origin": [
                    8,
                    8,
                    5
                ]
            },
            "faces": {
                "north": {
                    "uv": [
                        8.5,
                        6,
                        7,
                        6.75
                    ],
                    "texture": "#2"
                },
                "east": {
                    "uv": [
                        10.75,
                        6.5,
                        10.5,
                        7.25
                    ],
                    "texture": "#2"
                },
                "south": {
                    "uv": [
                        6.5,
                        7,
                        5,
                        7.75
                    ],
                    "texture": "#2"
                },
                "up": {
                    "uv": [
                        10.25,
                        8.5,
                        10,
                        10
                    ],
                    "rotation": 90,
                    "texture": "#2"
                },
                "down": {
                    "uv": [
                        10.25,
                        11.5,
                        10,
                        10
                    ],
                    "rotation": 270,
                    "texture": "#2"
                }
            }
        },
        {
            "from": [
                4.58192,
                11.26567,
                5.51108
            ],
            "to": [
                5.58192,
                12.24067,
                6.52908
            ],
            "rotation": {
                "angle": 22.5,
                "axis": "z",
                "origin": [
                    8,
                    8,
                    5
                ]
            },
            "faces": {
                "north": {
                    "uv": [
                        11,
                        4,
                        10.5,
                        4.5
                    ],
                    "texture": "#2"
                },
                "east": {
                    "uv": [
                        4.5,
                        10.5,
                        4,
                        11
                    ],
                    "texture": "#2"
                },
                "south": {
                    "uv": [
                        11,
                        3.5,
                        10.5,
                        4
                    ],
                    "texture": "#2"
                },
                "west": {
                    "uv": [
                        4,
                        10.5,
                        3.5,
                        11
                    ],
                    "texture": "#2"
                },
                "up": {
                    "uv": [
                        5,
                        10.5,
                        4.5,
                        11
                    ],
                    "rotation": 90,
                    "texture": "#2"
                },
                "down": {
                    "uv": [
                        11,
                        5,
                        10.5,
                        4.5
                    ],
                    "rotation": 270,
                    "texture": "#2"
                }
            }
        },
        {
            "from": [
                1.66626,
                10.69173,
                5.77008
            ],
            "to": [
                2.16626,
                12.69173,
                6.27008
            ],
            "rotation": {
                "angle": 0,
                "axis": "y",
                "origin": [
                    8,
                    8,
                    5
                ]
            },
            "faces": {
                "north": {
                    "uv": [
                        6.25,
                        10.5,
                        6,
                        11.5
                    ],
                    "texture": "#2"
                },
                "east": {
                    "uv": [
                        5.75,
                        10.5,
                        5.5,
                        11.5
                    ],
                    "texture": "#2"
                },
                "south": {
                    "uv": [
                        10.75,
                        5,
                        10.5,
                        6
                    ],
                    "texture": "#2"
                },
                "west": {
                    "uv": [
                        5.25,
                        10.5,
                        5,
                        11.5
                    ],
                    "texture": "#2"
                },
                "up": {
                    "uv": [
                        7.25,
                        10.5,
                        7,
                        10.75
                    ],
                    "rotation": 90,
                    "texture": "#2"
                },
                "down": {
                    "uv": [
                        7.75,
                        10.75,
                        7.5,
                        10.5
                    ],
                    "rotation": 270,
                    "texture": "#2"
                }
            }
        },
        {
            "from": [
                8.72,
                14.48137,
                1.84538
            ],
            "to": [
                8.75,
                14.98137,
                5.84538
            ],
            "rotation": {
                "angle": 22.5,
                "axis": "x",
                "origin": [
                    8,
                    8,
                    5
                ]
            },
            "faces": {
                "east": {
                    "uv": [
                        0,
                        10.66667,
                        2.66667,
                        11
                    ],
                    "texture": "#1"
                },
                "west": {
                    "uv": [
                        10.66667,
                        6.66667,
                        13.33333,
                        7
                    ],
                    "texture": "#1"
                }
            }
        },
        {
            "from": [
                8.72,
                14.21994,
                3.27731
            ],
            "to": [
                8.75,
                14.71994,
                6.27731
            ],
            "rotation": {
                "angle": 45,
                "axis": "x",
                "origin": [
                    8,
                    8,
                    5
                ]
            },
            "faces": {
                "east": {
                    "uv": [
                        0,
                        11.33333,
                        2,
                        11.66667
                    ],
                    "texture": "#1"
                },
                "west": {
                    "uv": [
                        11.33333,
                        0,
                        13.33333,
                        0.33333
                    ],
                    "texture": "#1"
                }
            }
        },
        {
            "from": [
                8.47,
                6.65652,
                11.03904
            ],
            "to": [
                8.5,
                9.15652,
                11.53904
            ],
            "rotation": {
                "angle": -22.5,
                "axis": "x",
                "origin": [
                    8,
                    8,
                    5
                ]
            },
            "faces": {
                "east": {
                    "uv": [
                        2.66667,
                        12,
                        3,
                        13.66667
                    ],
                    "texture": "#1"
                },
                "west": {
                    "uv": [
                        3.33333,
                        12,
                        3.66667,
                        13.66667
                    ],
                    "texture": "#1"
                }
            }
        },
        {
            "from": [
                8.22,
                6.49141,
                10.87563
            ],
            "to": [
                8.25,
                8.99141,
                11.37563
            ],
            "rotation": {
                "angle": 0,
                "axis": "y",
                "origin": [
                    8,
                    8,
                    5
                ]
            },
            "faces": {
                "east": {
                    "uv": [
                        4,
                        12,
                        4.33333,
                        13.66667
                    ],
                    "texture": "#1"
                },
                "west": {
                    "uv": [
                        4.66667,
                        12,
                        5,
                        13.66667
                    ],
                    "texture": "#1"
                }
            }
        },
        {
            "from": [
                9,
                14.22145,
                2.37437
            ],
            "to": [
                10,
                15.72145,
                3.87437
            ],
            "rotation": {
                "angle": 0,
                "axis": "y",
                "origin": [
                    8,
                    8,
                    5
                ]
            },
            "faces": {
                "north": {
                    "uv": [
                        2.66667,
                        10.66667,
                        3.33333,
                        11.66667
                    ],
                    "texture": "#1"
                },
                "east": {
                    "uv": [
                        10,
                        2,
                        11,
                        3
                    ],
                    "texture": "#1"
                },
                "south": {
                    "uv": [
                        11.33333,
                        0.66667,
                        12,
                        1.66667
                    ],
                    "texture": "#1"
                },
                "west": {
                    "uv": [
                        8.66667,
                        10,
                        9.66667,
                        11
                    ],
                    "texture": "#1"
                },
                "up": {
                    "uv": [
                        2.66667,
                        12.33333,
                        2,
                        11.33333
                    ],
                    "texture": "#1"
                },
                "down": {
                    "uv": [
                        12,
                        2,
                        11.33333,
                        3
                    ],
                    "texture": "#1"
                }
            }
        },
        {
            "from": [
                7.75,
                6.49141,
                10.87563
            ],
            "to": [
                7.78,
                8.99141,
                11.37563
            ],
            "rotation": {
                "angle": 0,
                "axis": "y",
                "origin": [
                    8,
                    8,
                    5
                ]
            },
            "faces": {
                "east": {
                    "uv": [
                        12,
                        4.66667,
                        12.33333,
                        6.33333
                    ],
                    "texture": "#1"
                },
                "west": {
                    "uv": [
                        5.33333,
                        12,
                        5.66667,
                        13.66667
                    ],
                    "texture": "#1"
                }
            }
        },
        {
            "from": [
                7.5,
                6.65652,
                11.03904
            ],
            "to": [
                7.53,
                9.15652,
                11.53904
            ],
            "rotation": {
                "angle": -22.5,
                "axis": "x",
                "origin": [
                    8,
                    8,
                    5
                ]
            },
            "faces": {
                "east": {
                    "uv": [
                        6,
                        12,
                        6.33333,
                        13.66667
                    ],
                    "texture": "#1"
                },
                "west": {
                    "uv": [
                        6.66667,
                        12,
                        7,
                        13.66667
                    ],
                    "texture": "#1"
                }
            }
        },
        {
            "from": [
                7.25,
                14.21994,
                3.27731
            ],
            "to": [
                7.28,
                14.71994,
                6.27731
            ],
            "rotation": {
                "angle": 45,
                "axis": "x",
                "origin": [
                    8,
                    8,
                    5
                ]
            },
            "faces": {
                "east": {
                    "uv": [
                        11.33333,
                        3.33333,
                        13.33333,
                        3.66667
                    ],
                    "texture": "#1"
                },
                "west": {
                    "uv": [
                        11.33333,
                        4,
                        13.33333,
                        4.33333
                    ],
                    "texture": "#1"
                }
            }
        },
        {
            "from": [
                7.25,
                14.48137,
                1.84538
            ],
            "to": [
                7.28,
                14.98137,
                5.84538
            ],
            "rotation": {
                "angle": 22.5,
                "axis": "x",
                "origin": [
                    8,
                    8,
                    5
                ]
            },
            "faces": {
                "east": {
                    "uv": [
                        10.66667,
                        7.33333,
                        13.33333,
                        7.66667
                    ],
                    "texture": "#1"
                },
                "west": {
                    "uv": [
                        10.66667,
                        8,
                        13.33333,
                        8.33333
                    ],
                    "texture": "#1"
                }
            }
        },
        {
            "from": [
                6.75,
                12.71994,
                3.27731
            ],
            "to": [
                9.25,
                14.21994,
                6.27731
            ],
            "rotation": {
                "angle": 45,
                "axis": "x",
                "origin": [
                    8,
                    8,
                    5
                ]
            },
            "faces": {
                "north": {
                    "uv": [
                        8,
                        8.66667,
                        9.66667,
                        9.66667
                    ],
                    "texture": "#1"
                },
                "east": {
                    "uv": [
                        8,
                        2,
                        10,
                        3
                    ],
                    "texture": "#1"
                },
                "south": {
                    "uv": [
                        1.33333,
                        9.33333,
                        3,
                        10.33333
                    ],
                    "texture": "#1"
                },
                "west": {
                    "uv": [
                        4,
                        8.66667,
                        6,
                        9.66667
                    ],
                    "texture": "#1"
                },
                "up": {
                    "uv": [
                        7,
                        5.33333,
                        5.33333,
                        3.33333
                    ],
                    "texture": "#1"
                },
                "down": {
                    "uv": [
                        7,
                        5.33333,
                        5.33333,
                        7.33333
                    ],
                    "texture": "#1"
                }
            }
        },
        {
            "from": [
                6,
                14.22145,
                2.37437
            ],
            "to": [
                7,
                15.72145,
                3.87437
            ],
            "rotation": {
                "angle": 0,
                "axis": "y",
                "origin": [
                    8,
                    8,
                    5
                ]
            },
            "faces": {
                "north": {
                    "uv": [
                        11.33333,
                        4.66667,
                        12,
                        5.66667
                    ],
                    "texture": "#1"
                },
                "east": {
                    "uv": [
                        10,
                        8.66667,
                        11,
                        9.66667
                    ],
                    "texture": "#1"
                },
                "south": {
                    "uv": [
                        8.66667,
                        11.33333,
                        9.33333,
                        12.33333
                    ],
                    "texture": "#1"
                },
                "west": {
                    "uv": [
                        10,
                        10,
                        11,
                        11
                    ],
                    "texture": "#1"
                },
                "up": {
                    "uv": [
                        12,
                        9.66667,
                        11.33333,
                        8.66667
                    ],
                    "texture": "#1"
                },
                "down": {
                    "uv": [
                        10,
                        11.33333,
                        9.33333,
                        12.33333
                    ],
                    "texture": "#1"
                }
            }
        },
        {
            "from": [
                6.75,
                12.97145,
                -1.62563
            ],
            "to": [
                9.25,
                14.97145,
                -0.62563
            ],
            "rotation": {
                "angle": 0,
                "axis": "y",
                "origin": [
                    8,
                    8,
                    5
                ]
            },
            "faces": {
                "north": {
                    "uv": [
                        6.66667,
                        7.33333,
                        8.33333,
                        8.66667
                    ],
                    "texture": "#1"
                },
                "east": {
                    "uv": [
                        4.66667,
                        6,
                        5.33333,
                        7.33333
                    ],
                    "texture": "#1"
                },
                "south": {
                    "uv": [
                        2,
                        8,
                        3.66667,
                        9.33333
                    ],
                    "texture": "#1"
                },
                "west": {
                    "uv": [
                        2,
                        6.66667,
                        2.66667,
                        8
                    ],
                    "texture": "#1"
                },
                "up": {
                    "uv": [
                        10.33333,
                        8.66667,
                        8.66667,
                        8
                    ],
                    "texture": "#1"
                },
                "down": {
                    "uv": [
                        11,
                        6,
                        9.33333,
                        6.66667
                    ],
                    "texture": "#1"
                }
            }
        },
        {
            "from": [
                6.75,
                12.97145,
                -0.62563
            ],
            "to": [
                9.25,
                14.47145,
                2.12437
            ],
            "rotation": {
                "angle": 0,
                "axis": "y",
                "origin": [
                    8,
                    8,
                    5
                ]
            },
            "faces": {
                "north": {
                    "uv": [
                        9.33333,
                        3.33333,
                        11,
                        4.33333
                    ],
                    "texture": "#1"
                },
                "east": {
                    "uv": [
                        6,
                        8.66667,
                        8,
                        9.66667
                    ],
                    "texture": "#1"
                },
                "south": {
                    "uv": [
                        9.33333,
                        4.66667,
                        11,
                        5.66667
                    ],
                    "texture": "#1"
                },
                "west": {
                    "uv": [
                        8.66667,
                        6.66667,
                        10.66667,
                        7.66667
                    ],
                    "texture": "#1"
                },
                "up": {
                    "uv": [
                        4.33333,
                        8,
                        2.66667,
                        6
                    ],
                    "texture": "#1"
                },
                "down": {
                    "uv": [
                        1.66667,
                        6.66667,
                        0,
                        8.66667
                    ],
                    "texture": "#1"
                }
            }
        },
        {
            "from": [
                6.25,
                12.97145,
                2.12437
            ],
            "to": [
                9.75,
                15.47145,
                4.62437
            ],
            "rotation": {
                "angle": 0,
                "axis": "y",
                "origin": [
                    8,
                    8,
                    5
                ]
            },
            "faces": {
                "north": {
                    "uv": [
                        0,
                        2.66667,
                        2.33333,
                        4.33333
                    ],
                    "texture": "#1"
                },
                "east": {
                    "uv": [
                        6.66667,
                        0,
                        8.33333,
                        1.66667
                    ],
                    "texture": "#1"
                },
                "south": {
                    "uv": [
                        2.66667,
                        2.66667,
                        5,
                        4.33333
                    ],
                    "texture": "#1"
                },
                "west": {
                    "uv": [
                        7.33333,
                        3.33333,
                        9,
                        5
                    ],
                    "texture": "#1"
                },
                "up": {
                    "uv": [
                        6.33333,
                        1.66667,
                        4,
                        0
                    ],
                    "texture": "#1"
                },
                "down": {
                    "uv": [
                        2.33333,
                        4.66667,
                        0,
                        6.33333
                    ],
                    "texture": "#1"
                }
            }
        },
        {
            "from": [
                7.25,
                6.49141,
                10.37563
            ],
            "to": [
                8.75,
                8.99141,
                10.87563
            ],
            "rotation": {
                "angle": 0,
                "axis": "y",
                "origin": [
                    8,
                    8,
                    5
                ]
            },
            "faces": {
                "north": {
                    "uv": [
                        10,
                        0,
                        11,
                        1.66667
                    ],
                    "texture": "#1"
                },
                "east": {
                    "uv": [
                        7.33333,
                        12,
                        7.66667,
                        13.66667
                    ],
                    "texture": "#1"
                },
                "south": {
                    "uv": [
                        3.33333,
                        10,
                        4.33333,
                        11.66667
                    ],
                    "texture": "#1"
                },
                "west": {
                    "uv": [
                        8,
                        12,
                        8.33333,
                        13.66667
                    ],
                    "texture": "#1"
                },
                "up": {
                    "uv": [
                        10.33333,
                        13,
                        9.33333,
                        12.66667
                    ],
                    "texture": "#1"
                },
                "down": {
                    "uv": [
                        13.66667,
                        9.33333,
                        12.66667,
                        9.66667
                    ],
                    "texture": "#1"
                }
            }
        },
        {
            "from": [
                7,
                6.65652,
                10.03904
            ],
            "to": [
                9,
                9.15652,
                11.03904
            ],
            "rotation": {
                "angle": -22.5,
                "axis": "x",
                "origin": [
                    8,
                    8,
                    5
                ]
            },
            "faces": {
                "north": {
                    "uv": [
                        0,
                        8.66667,
                        1.33333,
                        10.33333
                    ],
                    "texture": "#1"
                },
                "east": {
                    "uv": [
                        7.33333,
                        10,
                        8,
                        11.66667
                    ],
                    "texture": "#1"
                },
                "south": {
                    "uv": [
                        8.66667,
                        0,
                        10,
                        1.66667
                    ],
                    "texture": "#1"
                },
                "west": {
                    "uv": [
                        8,
                        10,
                        8.66667,
                        11.66667
                    ],
                    "texture": "#1"
                },
                "up": {
                    "uv": [
                        5.33333,
                        2.66667,
                        4,
                        2
                    ],
                    "texture": "#1"
                },
                "down": {
                    "uv": [
                        8.66667,
                        6.66667,
                        7.33333,
                        7.33333
                    ],
                    "texture": "#1"
                }
            }
        },
        {
            "from": [
                6.5,
                12.48137,
                1.84538
            ],
            "to": [
                9.5,
                14.48137,
                5.84538
            ],
            "rotation": {
                "angle": 22.5,
                "axis": "x",
                "origin": [
                    8,
                    8,
                    5
                ]
            },
            "faces": {
                "north": {
                    "uv": [
                        4.66667,
                        7.33333,
                        6.66667,
                        8.66667
                    ],
                    "texture": "#1"
                },
                "east": {
                    "uv": [
                        2.66667,
                        4.66667,
                        5.33333,
                        6
                    ],
                    "texture": "#1"
                },
                "south": {
                    "uv": [
                        7.33333,
                        5.33333,
                        9.33333,
                        6.66667
                    ],
                    "texture": "#1"
                },
                "west": {
                    "uv": [
                        5.33333,
                        2,
                        8,
                        3.33333
                    ],
                    "texture": "#1"
                },
                "up": {
                    "uv": [
                        2,
                        2.66667,
                        0,
                        0
                    ],
                    "texture": "#1"
                },
                "down": {
                    "uv": [
                        4,
                        0,
                        2,
                        2.66667
                    ],
                    "texture": "#1"
                }
            }
        },
        {
            "from": [
                8.06258,
                12.23829,
                6.87437
            ],
            "to": [
                9.06258,
                13.23829,
                7.87437
            ],
            "rotation": {
                "angle": 22.5,
                "axis": "z",
                "origin": [
                    8,
                    8,
                    5
                ]
            },
            "faces": {
                "north": {
                    "uv": [
                        3.33333,
                        9.33333,
                        4,
                        10
                    ],
                    "texture": "#1"
                },
                "east": {
                    "uv": [
                        11.33333,
                        6,
                        12,
                        6.66667
                    ],
                    "texture": "#1"
                },
                "south": {
                    "uv": [
                        12,
                        2,
                        12.66667,
                        2.66667
                    ],
                    "texture": "#1"
                },
                "west": {
                    "uv": [
                        12,
                        2.66667,
                        12.66667,
                        3.33333
                    ],
                    "texture": "#1"
                },
                "up": {
                    "uv": [
                        12.66667,
                        9.33333,
                        12,
                        8.66667
                    ],
                    "texture": "#1"
                }
            }
        },
        {
            "from": [
                8.06258,
                11.73829,
                6.37437
            ],
            "to": [
                9.06258,
                12.23829,
                7.87437
            ],
            "rotation": {
                "angle": 22.5,
                "axis": "z",
                "origin": [
                    8,
                    8,
                    5
                ]
            },
            "faces": {
                "north": {
                    "uv": [
                        13.33333,
                        0.66667,
                        14,
                        1
                    ],
                    "texture": "#1"
                },
                "east": {
                    "uv": [
                        12.66667,
                        10,
                        13.66667,
                        10.33333
                    ],
                    "texture": "#1"
                },
                "south": {
                    "uv": [
                        1.33333,
                        13.33333,
                        2,
                        13.66667
                    ],
                    "texture": "#1"
                },
                "west": {
                    "uv": [
                        10.66667,
                        12.66667,
                        11.66667,
                        13
                    ],
                    "texture": "#1"
                },
                "up": {
                    "uv": [
                        10.66667,
                        12.33333,
                        10,
                        11.33333
                    ],
                    "texture": "#1"
                },
                "down": {
                    "uv": [
                        12,
                        10,
                        11.33333,
                        11
                    ],
                    "texture": "#1"
                }
            }
        },
        {
            "from": [
                6.93742,
                12.23829,
                6.87437
            ],
            "to": [
                7.93742,
                13.23829,
                7.87437
            ],
            "rotation": {
                "angle": -22.5,
                "axis": "z",
                "origin": [
                    8,
                    8,
                    5
                ]
            },
            "faces": {
                "north": {
                    "uv": [
                        4,
                        9.33333,
                        3.33333,
                        10
                    ],
                    "texture": "#1"
                },
                "east": {
                    "uv": [
                        12.66667,
                        2.66667,
                        12,
                        3.33333
                    ],
                    "texture": "#1"
                },
                "south": {
                    "uv": [
                        12.66667,
                        2,
                        12,
                        2.66667
                    ],
                    "texture": "#1"
                },
                "west": {
                    "uv": [
                        12,
                        6,
                        11.33333,
                        6.66667
                    ],
                    "texture": "#1"
                },
                "up": {
                    "uv": [
                        12,
                        9.33333,
                        12.66667,
                        8.66667
                    ],
                    "texture": "#1"
                }
            }
        },
        {
            "from": [
                6.93742,
                11.73829,
                6.37437
            ],
            "to": [
                7.93742,
                12.23829,
                7.87437
            ],
            "rotation": {
                "angle": -22.5,
                "axis": "z",
                "origin": [
                    8,
                    8,
                    5
                ]
            },
            "faces": {
                "north": {
                    "uv": [
                        14,
                        0.66667,
                        13.33333,
                        1
                    ],
                    "texture": "#1"
                },
                "east": {
                    "uv": [
                        11.66667,
                        12.66667,
                        10.66667,
                        13
                    ],
                    "texture": "#1"
                },
                "south": {
                    "uv": [
                        2,
                        13.33333,
                        1.33333,
                        13.66667
                    ],
                    "texture": "#1"
                },
                "west": {
                    "uv": [
                        13.66667,
                        10,
                        12.66667,
                        10.33333
                    ],
                    "texture": "#1"
                },
                "up": {
                    "uv": [
                        10,
                        12.33333,
                        10.66667,
                        11.33333
                    ],
                    "texture": "#1"
                },
                "down": {
                    "uv": [
                        11.33333,
                        10,
                        12,
                        11
                    ],
                    "texture": "#1"
                }
            }
        },
        {
            "from": [
                6.74607,
                12.20023,
                4.37437
            ],
            "to": [
                7.74607,
                12.70023,
                5.87437
            ],
            "rotation": {
                "angle": -22.5,
                "axis": "z",
                "origin": [
                    8,
                    8,
                    5
                ]
            },
            "faces": {
                "north": {
                    "uv": [
                        13.33333,
                        2,
                        14,
                        2.33333
                    ],
                    "texture": "#1"
                },
                "east": {
                    "uv": [
                        12,
                        12.66667,
                        13,
                        13
                    ],
                    "texture": "#1"
                },
                "south": {
                    "uv": [
                        13.33333,
                        2.66667,
                        14,
                        3
                    ],
                    "texture": "#1"
                },
                "west": {
                    "uv": [
                        12.66667,
                        12,
                        13.66667,
                        12.33333
                    ],
                    "texture": "#1"
                },
                "up": {
                    "uv": [
                        0.66667,
                        13,
                        0,
                        12
                    ],
                    "texture": "#1"
                },
                "down": {
                    "uv": [
                        1.33333,
                        12,
                        0.66667,
                        13
                    ],
                    "texture": "#1"
                }
            }
        },
        {
            "from": [
                6.74607,
                12.70023,
                4.87437
            ],
            "to": [
                7.74607,
                13.70023,
                5.87437
            ],
            "rotation": {
                "angle": -22.5,
                "axis": "z",
                "origin": [
                    8,
                    8,
                    5
                ]
            },
            "faces": {
                "north": {
                    "uv": [
                        12.66667,
                        0.66667,
                        13.33333,
                        1.33333
                    ],
                    "texture": "#1"
                },
                "east": {
                    "uv": [
                        12.66667,
                        1.33333,
                        13.33333,
                        2
                    ],
                    "texture": "#1"
                },
                "south": {
                    "uv": [
                        2,
                        12.66667,
                        2.66667,
                        13.33333
                    ],
                    "texture": "#1"
                },
                "west": {
                    "uv": [
                        12.66667,
                        2,
                        13.33333,
                        2.66667
                    ],
                    "texture": "#1"
                },
                "up": {
                    "uv": [
                        13.33333,
                        3.33333,
                        12.66667,
                        2.66667
                    ],
                    "texture": "#1"
                }
            }
        },
        {
            "from": [
                8.25393,
                12.70023,
                4.87437
            ],
            "to": [
                9.25393,
                13.70023,
                5.87437
            ],
            "rotation": {
                "angle": 22.5,
                "axis": "z",
                "origin": [
                    8,
                    8,
                    5
                ]
            },
            "faces": {
                "north": {
                    "uv": [
                        12.66667,
                        4.66667,
                        13.33333,
                        5.33333
                    ],
                    "texture": "#1"
                },
                "east": {
                    "uv": [
                        12.66667,
                        5.33333,
                        13.33333,
                        6
                    ],
                    "texture": "#1"
                },
                "south": {
                    "uv": [
                        12.66667,
                        6,
                        13.33333,
                        6.66667
                    ],
                    "texture": "#1"
                },
                "west": {
                    "uv": [
                        8.66667,
                        12.66667,
                        9.33333,
                        13.33333
                    ],
                    "texture": "#1"
                },
                "up": {
                    "uv": [
                        13.33333,
                        9.33333,
                        12.66667,
                        8.66667
                    ],
                    "texture": "#1"
                }
            }
        },
        {
            "from": [
                8.25393,
                12.20023,
                4.37437
            ],
            "to": [
                9.25393,
                12.70023,
                5.87437
            ],
            "rotation": {
                "angle": 22.5,
                "axis": "z",
                "origin": [
                    8,
                    8,
                    5
                ]
            },
            "faces": {
                "north": {
                    "uv": [
                        13.33333,
                        3.33333,
                        14,
                        3.66667
                    ],
                    "texture": "#1"
                },
                "east": {
                    "uv": [
                        0,
                        13.33333,
                        1,
                        13.66667
                    ],
                    "texture": "#1"
                },
                "south": {
                    "uv": [
                        13.33333,
                        4,
                        14,
                        4.33333
                    ],
                    "texture": "#1"
                },
                "west": {
                    "uv": [
                        13.33333,
                        0,
                        14.33333,
                        0.33333
                    ],
                    "texture": "#1"
                },
                "up": {
                    "uv": [
                        12.66667,
                        1.66667,
                        12,
                        0.66667
                    ],
                    "texture": "#1"
                },
                "down": {
                    "uv": [
                        2,
                        12,
                        1.33333,
                        13
                    ],
                    "texture": "#1"
                }
            }
        },
        {
            "from": [
                5.5,
                -2.00355,
                5.77008
            ],
            "to": [
                10.5,
                10.99645,
                6.27008
            ],
            "rotation": {
                "angle": 0,
                "axis": "y",
                "origin": [
                    8,
                    8,
                    5
                ]
            },
            "faces": {
                "north": {
                    "uv": [
                        2.5,
                        0,
                        5,
                        6.5
                    ],
                    "texture": "#2"
                },
                "south": {
                    "uv": [
                        0,
                        0,
                        2.5,
                        6.5
                    ],
                    "texture": "#2"
                },
                "down": {
                    "uv": [
                        7.75,
                        8,
                        7.5,
                        10.5
                    ],
                    "rotation": 270,
                    "texture": "#2"
                }
            }
        },
        {
            "from": [
                10.5,
                -2.50355,
                5.62008
            ],
            "to": [
                11.3,
                10.99645,
                6.42008
            ],
            "rotation": {
                "angle": 0,
                "axis": "y",
                "origin": [
                    8,
                    8,
                    5
                ]
            },
            "faces": {
                "north": {
                    "uv": [
                        1.5,
                        6.5,
                        2,
                        13.25
                    ],
                    "texture": "#2"
                },
                "east": {
                    "uv": [
                        0,
                        6.5,
                        0.5,
                        13.25
                    ],
                    "texture": "#2"
                },
                "south": {
                    "uv": [
                        0.5,
                        6.5,
                        1,
                        13.25
                    ],
                    "texture": "#2"
                },
                "west": {
                    "uv": [
                        1,
                        6.5,
                        1.5,
                        13.25
                    ],
                    "texture": "#2"
                },
                "up": {
                    "uv": [
                        11,
                        6.5,
                        10.5,
                        6
                    ],
                    "rotation": 90,
                    "texture": "#2"
                },
                "down": {
                    "uv": [
                        7,
                        10.5,
                        6.5,
                        11
                    ],
                    "rotation": 270,
                    "texture": "#2"
                }
            }
        },
        {
            "from": [
                4.7,
                -2.50355,
                5.62008
            ],
            "to": [
                5.5,
                10.99645,
                6.42008
            ],
            "rotation": {
                "angle": 0,
                "axis": "y",
                "origin": [
                    8,
                    8,
                    5
                ]
            },
            "faces": {
                "north": {
                    "uv": [
                        2,
                        6.5,
                        1.5,
                        13.25
                    ],
                    "texture": "#2"
                },
                "east": {
                    "uv": [
                        1.5,
                        6.5,
                        1,
                        13.25
                    ],
                    "texture": "#2"
                },
                "south": {
                    "uv": [
                        1,
                        6.5,
                        0.5,
                        13.25
                    ],
                    "texture": "#2"
                },
                "west": {
                    "uv": [
                        0.5,
                        6.5,
                        0,
                        13.25
                    ],
                    "texture": "#2"
                },
                "up": {
                    "uv": [
                        11,
                        6,
                        10.5,
                        6.5
                    ],
                    "rotation": 90,
                    "texture": "#2"
                },
                "down": {
                    "uv": [
                        7,
                        11,
                        6.5,
                        10.5
                    ],
                    "rotation": 270,
                    "texture": "#2"
                }
            }
        },
        {
            "from": [
                11.38177,
                -4.00355,
                4.54099
            ],
            "to": [
                12.88177,
                11.49645,
                4.57099
            ],
            "rotation": {
                "angle": -22.5,
                "axis": "y",
                "origin": [
                    8,
                    8,
                    5
                ]
            },
            "faces": {
                "north": {
                    "uv": [
                        6,
                        0,
                        6.75,
                        7
                    ],
                    "texture": "#2"
                },
                "south": {
                    "uv": [
                        6.75,
                        0,
                        6,
                        7
                    ],
                    "texture": "#2"
                }
            }
        },
        {
            "from": [
                3.11823,
                -4.00355,
                4.54099
            ],
            "to": [
                4.61823,
                11.49645,
                4.57099
            ],
            "rotation": {
                "angle": 22.5,
                "axis": "y",
                "origin": [
                    8,
                    8,
                    5
                ]
            },
            "faces": {
                "north": {
                    "uv": [
                        6.75,
                        0,
                        6,
                        7
                    ],
                    "texture": "#2"
                },
                "south": {
                    "uv": [
                        6,
                        0,
                        6.75,
                        7
                    ],
                    "texture": "#2"
                }
            }
        },
        {
            "from": [
                6.76768,
                6.76768,
                6.22008
            ],
            "to": [
                7.76768,
                7.76768,
                9.22008
            ],
            "rotation": {
                "angle": 45,
                "axis": "z",
                "origin": [
                    8,
                    8,
                    5
                ]
            },
            "faces": {
                "east": {
                    "uv": [
                        4,
                        8,
                        5.5,
                        8.5
                    ],
                    "texture": "#2"
                },
                "west": {
                    "uv": [
                        8,
                        4,
                        9.5,
                        4.5
                    ],
                    "texture": "#2"
                },
                "up": {
                    "uv": [
                        9.5,
                        5,
                        8,
                        4.5
                    ],
                    "rotation": 90,
                    "texture": "#2"
                },
                "down": {
                    "uv": [
                        9.5,
                        5,
                        8,
                        5.5
                    ],
                    "rotation": 270,
                    "texture": "#2"
                }
            }
        },
        {
            "from": [
                12.42956,
                2.57044,
                6.22008
            ],
            "to": [
                13.42956,
                3.57044,
                9.22008
            ],
            "rotation": {
                "angle": -45,
                "axis": "z",
                "origin": [
                    8,
                    8,
                    5
                ]
            },
            "faces": {
                "east": {
                    "uv": [
                        4,
                        8.5,
                        5.5,
                        8
                    ],
                    "texture": "#2"
                },
                "west": {
                    "uv": [
                        8,
                        4.5,
                        9.5,
                        4
                    ],
                    "texture": "#2"
                },
                "up": {
                    "uv": [
                        9.5,
                        5.5,
                        8,
                        5
                    ],
                    "rotation": 90,
                    "texture": "#2"
                },
                "down": {
                    "uv": [
                        9.5,
                        4.5,
                        8,
                        5
                    ],
                    "rotation": 270,
                    "texture": "#2"
                }
            }
        }
    ],
    "gui_light": "front",
    "display": {
        "thirdperson_righthand": {
            "rotation": [
                0,
                -60,
                0
            ],
            "translation": [
                1.75,
                2,
                0
            ]
        },
        "thirdperson_lefthand": {
            "rotation": [
                0,
                -60,
                0
            ],
            "translation": [
                1.75,
                2,
                0
            ]
        },
        "firstperson_righthand": {
            "rotation": [
                0,
                0,
                9
            ],
            "translation": [
                2,
                3.5,
                0.75
            ]
        },
        "firstperson_lefthand": {
            "rotation": [
                0,
                0,
                9
            ],
            "translation": [
                2,
                3.5,
                0.75
            ]
        },
        "ground": {
            "rotation": [
                45,
                0,
                0
            ],
            "translation": [
                0,
                5,
                0
            ]
        },
        "gui": {
            "rotation": [
                0,
                180,
                -45
            ],
            "translation": [
                -1,
                1,
                0
            ],
            "scale": [
                0.8,
                0.8,
                0.8
            ]
        },
        "head": {
            "translation": [
                0,
                3.75,
                0
            ]
        },
        "fixed": {
            "translation": [
                0,
                8.25,
                -1.75
            ],
            "scale": [
                2,
                2,
                2
            ]
        }
    },
    "groups": [
        0,
        1,
        2,
        3,
        4,
        5,
        6,
        7,
        8,
        9,
        10,
        11,
        12,
        13,
        14,
        15,
        16,
        {
            "name": "crocodile",
            "origin": [
                6.85,
                9.5,
                7.65
            ],
            "color": 0,
            "children": [
                17,
                18,
                19,
                20,
                21,
                22,
                23,
                24,
                25,
                26,
                27,
                28,
                29,
                30,
                31,
                32,
                33,
                34,
                35,
                36,
                37,
                38,
                39,
                40,
                41
            ]
        },
        42,
        43,
        44,
        45,
        46,
        47,
        48
    ]
}