{
    "credit": "Made with Blockbench",
    "texture_size": [
        24,
        24
    ],
    "textures": {
        "1": "littlecrocodileset/little_crocodile",
        "3": "littlecrocodileset/staff"
    },
    "elements": [
        {
            "from": [
                7.2,
                -0.05,
                7.75
            ],
            "to": [
                8.8,
                1.45,
                9.25
            ],
            "rotation": {
                "angle": -45,
                "axis": "x",
                "origin": [
                    7.5,
                    0.2,
                    8
                ]
            },
            "faces": {
                "north": {
                    "uv": [
                        8.66667,
                        1.33333,
                        9.66667,
                        2.33333
                    ],
                    "texture": "#3"
                },
                "east": {
                    "uv": [
                        2.66667,
                        9.33333,
                        3.66667,
                        10.33333
                    ],
                    "texture": "#3"
                },
                "south": {
                    "uv": [
                        9.33333,
                        2.66667,
                        10.33333,
                        3.66667
                    ],
                    "texture": "#3"
                },
                "west": {
                    "uv": [
                        9.33333,
                        4,
                        10.33333,
                        5
                    ],
                    "texture": "#3"
                },
                "up": {
                    "uv": [
                        10.33333,
                        6.33333,
                        9.33333,
                        5.33333
                    ],
                    "texture": "#3"
                },
                "down": {
                    "uv": [
                        10.33333,
                        6.66667,
                        9.33333,
                        7.66667
                    ],
                    "texture": "#3"
                }
            }
        },
        {
            "from": [
                7.2,
                -8.05,
                7.75
            ],
            "to": [
                8.8,
                -6.55,
                9.25
            ],
            "rotation": {
                "angle": -45,
                "axis": "x",
                "origin": [
                    7.5,
                    -7.8,
                    8
                ]
            },
            "faces": {
                "north": {
                    "uv": [
                        8,
                        9.33333,
                        9,
                        10.33333
                    ],
                    "texture": "#3"
                },
                "east": {
                    "uv": [
                        9.33333,
                        8,
                        10.33333,
                        9
                    ],
                    "texture": "#3"
                },
                "south": {
                    "uv": [
                        9.33333,
                        9.33333,
                        10.33333,
                        10.33333
                    ],
                    "texture": "#3"
                },
                "west": {
                    "uv": [
                        10,
                        0,
                        11,
                        1
                    ],
                    "texture": "#3"
                },
                "up": {
                    "uv": [
                        11,
                        2.33333,
                        10,
                        1.33333
                    ],
                    "texture": "#3"
                },
                "down": {
                    "uv": [
                        6.33333,
                        10,
                        5.33333,
                        11
                    ],
                    "texture": "#3"
                }
            }
        },
        {
            "from": [
                7.2,
                6.3,
                7.75
            ],
            "to": [
                8.8,
                7.8,
                9.25
            ],
            "rotation": {
                "angle": 45,
                "axis": "x",
                "origin": [
                    7.5,
                    7.55,
                    8
                ]
            },
            "faces": {
                "north": {
                    "uv": [
                        0,
                        10.66667,
                        1,
                        11.66667
                    ],
                    "texture": "#3"
                },
                "east": {
                    "uv": [
                        1.33333,
                        10.66667,
                        2.33333,
                        11.66667
                    ],
                    "texture": "#3"
                },
                "south": {
                    "uv": [
                        2.66667,
                        10.66667,
                        3.66667,
                        11.66667
                    ],
                    "texture": "#3"
                },
                "west": {
                    "uv": [
                        10.66667,
                        2.66667,
                        11.66667,
                        3.66667
                    ],
                    "texture": "#3"
                },
                "up": {
                    "uv": [
                        5,
                        11.66667,
                        4,
                        10.66667
                    ],
                    "texture": "#3"
                },
                "down": {
                    "uv": [
                        11.66667,
                        4,
                        10.66667,
                        5
                    ],
                    "texture": "#3"
                }
            }
        },
        {
            "from": [
                7.25,
                12.5,
                7.5
            ],
            "to": [
                8.75,
                15.5,
                10.5
            ],
            "rotation": {
                "angle": -45,
                "axis": "x",
                "origin": [
                    7.5,
                    13,
                    8
                ]
            },
            "faces": {
                "north": {
                    "uv": [
                        6,
                        1.33333,
                        7,
                        3.33333
                    ],
                    "texture": "#3"
                },
                "east": {
                    "uv": [
                        0,
                        0,
                        2,
                        2
                    ],
                    "texture": "#3"
                },
                "south": {
                    "uv": [
                        2.66667,
                        6,
                        3.66667,
                        8
                    ],
                    "texture": "#3"
                },
                "west": {
                    "uv": [
                        0,
                        2,
                        2,
                        4
                    ],
                    "texture": "#3"
                },
                "up": {
                    "uv": [
                        7.66667,
                        5.33333,
                        6.66667,
                        3.33333
                    ],
                    "texture": "#3"
                },
                "down": {
                    "uv": [
                        5,
                        6.66667,
                        4,
                        8.66667
                    ],
                    "texture": "#3"
                }
            }
        },
        {
            "from": [
                7,
                13,
                8
            ],
            "to": [
                9,
                15,
                10
            ],
            "rotation": {
                "angle": -45,
                "axis": "x",
                "origin": [
                    7.5,
                    13,
                    8
                ]
            },
            "faces": {
                "north": {
                    "uv": [
                        7.33333,
                        1.33333,
                        8.66667,
                        2.66667
                    ],
                    "texture": "#3"
                },
                "east": {
                    "uv": [
                        2.66667,
                        8,
                        4,
                        9.33333
                    ],
                    "texture": "#3"
                },
                "south": {
                    "uv": [
                        8,
                        2.66667,
                        9.33333,
                        4
                    ],
                    "texture": "#3"
                },
                "west": {
                    "uv": [
                        8,
                        4,
                        9.33333,
                        5.33333
                    ],
                    "texture": "#3"
                },
                "up": {
                    "uv": [
                        9.33333,
                        6.66667,
                        8,
                        5.33333
                    ],
                    "texture": "#3"
                },
                "down": {
                    "uv": [
                        9.33333,
                        6.66667,
                        8,
                        8
                    ],
                    "texture": "#3"
                }
            }
        },
        {
            "from": [
                7.35,
                1.22132,
                7.35
            ],
            "to": [
                8.65,
                2.52132,
                8.65
            ],
            "rotation": {
                "angle": 0,
                "axis": "y",
                "origin": [
                    7.5,
                    1.37132,
                    7.5
                ]
            },
            "faces": {
                "north": {
                    "uv": [
                        10.66667,
                        5.33333,
                        11.66667,
                        6.33333
                    ],
                    "texture": "#3"
                },
                "east": {
                    "uv": [
                        6.66667,
                        10.66667,
                        7.66667,
                        11.66667
                    ],
                    "texture": "#3"
                },
                "south": {
                    "uv": [
                        10.66667,
                        6.66667,
                        11.66667,
                        7.66667
                    ],
                    "texture": "#3"
                },
                "west": {
                    "uv": [
                        8,
                        10.66667,
                        9,
                        11.66667
                    ],
                    "texture": "#3"
                },
                "up": {
                    "uv": [
                        11.66667,
                        9,
                        10.66667,
                        8
                    ],
                    "texture": "#3"
                },
                "down": {
                    "uv": [
                        10.33333,
                        10.66667,
                        9.33333,
                        11.66667
                    ],
                    "texture": "#3"
                }
            }
        },
        {
            "from": [
                7.35,
                5.22132,
                7.35
            ],
            "to": [
                8.65,
                6.52132,
                8.65
            ],
            "rotation": {
                "angle": 0,
                "axis": "y",
                "origin": [
                    7.5,
                    4.37132,
                    7.5
                ]
            },
            "faces": {
                "north": {
                    "uv": [
                        10.66667,
                        9.33333,
                        11.66667,
                        10.33333
                    ],
                    "texture": "#3"
                },
                "east": {
                    "uv": [
                        10.66667,
                        10.66667,
                        11.66667,
                        11.66667
                    ],
                    "texture": "#3"
                },
                "south": {
                    "uv": [
                        11.33333,
                        0,
                        12.33333,
                        1
                    ],
                    "texture": "#3"
                },
                "west": {
                    "uv": [
                        11.33333,
                        1.33333,
                        12.33333,
                        2.33333
                    ],
                    "texture": "#3"
                },
                "up": {
                    "uv": [
                        6.33333,
                        12.33333,
                        5.33333,
                        11.33333
                    ],
                    "texture": "#3"
                },
                "down": {
                    "uv": [
                        1,
                        12,
                        0,
                        13
                    ],
                    "texture": "#3"
                }
            }
        },
        {
            "from": [
                7.5,
                2.52132,
                7.5
            ],
            "to": [
                8.5,
                5.22132,
                8.5
            ],
            "rotation": {
                "angle": 0,
                "axis": "y",
                "origin": [
                    7.5,
                    2.62132,
                    7.5
                ]
            },
            "faces": {
                "north": {
                    "uv": [
                        4,
                        8.66667,
                        4.66667,
                        10.33333
                    ],
                    "texture": "#3"
                },
                "east": {
                    "uv": [
                        4.66667,
                        8.66667,
                        5.33333,
                        10.33333
                    ],
                    "texture": "#3"
                },
                "south": {
                    "uv": [
                        6.66667,
                        8.66667,
                        7.33333,
                        10.33333
                    ],
                    "texture": "#3"
                },
                "west": {
                    "uv": [
                        7.33333,
                        8.66667,
                        8,
                        10.33333
                    ],
                    "texture": "#3"
                },
                "up": {
                    "uv": [
                        6.66667,
                        4,
                        6,
                        3.33333
                    ],
                    "texture": "#3"
                },
                "down": {
                    "uv": [
                        8,
                        2.66667,
                        7.33333,
                        3.33333
                    ],
                    "texture": "#3"
                }
            }
        },
        {
            "from": [
                7.35,
                -6.77868,
                7.35
            ],
            "to": [
                8.65,
                -5.47868,
                8.65
            ],
            "rotation": {
                "angle": 0,
                "axis": "y",
                "origin": [
                    7.5,
                    -6.62868,
                    7.5
                ]
            },
            "faces": {
                "north": {
                    "uv": [
                        1.33333,
                        12,
                        2.33333,
                        13
                    ],
                    "texture": "#3"
                },
                "east": {
                    "uv": [
                        2.66667,
                        12,
                        3.66667,
                        13
                    ],
                    "texture": "#3"
                },
                "south": {
                    "uv": [
                        12,
                        2.66667,
                        13,
                        3.66667
                    ],
                    "texture": "#3"
                },
                "west": {
                    "uv": [
                        4,
                        12,
                        5,
                        13
                    ],
                    "texture": "#3"
                },
                "up": {
                    "uv": [
                        13,
                        5,
                        12,
                        4
                    ],
                    "texture": "#3"
                },
                "down": {
                    "uv": [
                        13,
                        5.33333,
                        12,
                        6.33333
                    ],
                    "texture": "#3"
                }
            }
        },
        {
            "from": [
                7.35,
                -0.77868,
                7.35
            ],
            "to": [
                8.65,
                0.52132,
                8.65
            ],
            "rotation": {
                "angle": 0,
                "axis": "y",
                "origin": [
                    7.5,
                    -1.62868,
                    7.5
                ]
            },
            "faces": {
                "north": {
                    "uv": [
                        6.66667,
                        12,
                        7.66667,
                        13
                    ],
                    "texture": "#3"
                },
                "east": {
                    "uv": [
                        12,
                        6.66667,
                        13,
                        7.66667
                    ],
                    "texture": "#3"
                },
                "south": {
                    "uv": [
                        8,
                        12,
                        9,
                        13
                    ],
                    "texture": "#3"
                },
                "west": {
                    "uv": [
                        12,
                        8,
                        13,
                        9
                    ],
                    "texture": "#3"
                },
                "up": {
                    "uv": [
                        10.33333,
                        13,
                        9.33333,
                        12
                    ],
                    "texture": "#3"
                },
                "down": {
                    "uv": [
                        13,
                        9.33333,
                        12,
                        10.33333
                    ],
                    "texture": "#3"
                }
            }
        },
        {
            "from": [
                7.5,
                -5.47868,
                7.5
            ],
            "to": [
                8.5,
                -0.77868,
                8.5
            ],
            "rotation": {
                "angle": 0,
                "axis": "y",
                "origin": [
                    7.5,
                    -3.37868,
                    7.5
                ]
            },
            "faces": {
                "north": {
                    "uv": [
                        5.33333,
                        6.66667,
                        6,
                        9.66667
                    ],
                    "texture": "#3"
                },
                "east": {
                    "uv": [
                        6.66667,
                        5.33333,
                        7.33333,
                        8.33333
                    ],
                    "texture": "#3"
                },
                "south": {
                    "uv": [
                        6,
                        6.66667,
                        6.66667,
                        9.66667
                    ],
                    "texture": "#3"
                },
                "west": {
                    "uv": [
                        0,
                        7.33333,
                        0.66667,
                        10.33333
                    ],
                    "texture": "#3"
                },
                "up": {
                    "uv": [
                        14,
                        6,
                        13.33333,
                        5.33333
                    ],
                    "texture": "#3"
                },
                "down": {
                    "uv": [
                        14,
                        6,
                        13.33333,
                        6.66667
                    ],
                    "texture": "#3"
                }
            }
        },
        {
            "from": [
                7.5,
                8.52132,
                7.5
            ],
            "to": [
                8.5,
                11.72132,
                8.5
            ],
            "rotation": {
                "angle": 0,
                "axis": "y",
                "origin": [
                    7.5,
                    -3.37868,
                    7.5
                ]
            },
            "faces": {
                "north": {
                    "uv": [
                        0.66667,
                        8.33333,
                        1.33333,
                        10.33333
                    ],
                    "texture": "#3"
                },
                "east": {
                    "uv": [
                        1.33333,
                        8.33333,
                        2,
                        10.33333
                    ],
                    "texture": "#3"
                },
                "south": {
                    "uv": [
                        2,
                        8.33333,
                        2.66667,
                        10.33333
                    ],
                    "texture": "#3"
                },
                "west": {
                    "uv": [
                        7.33333,
                        6.33333,
                        8,
                        8.33333
                    ],
                    "texture": "#3"
                },
                "up": {
                    "uv": [
                        7.33333,
                        14,
                        6.66667,
                        13.33333
                    ],
                    "texture": "#3"
                },
                "down": {
                    "uv": [
                        14,
                        6.66667,
                        13.33333,
                        7.33333
                    ],
                    "texture": "#3"
                }
            }
        },
        {
            "from": [
                7.35,
                7.22132,
                7.35
            ],
            "to": [
                8.65,
                8.52132,
                8.65
            ],
            "rotation": {
                "angle": 0,
                "axis": "y",
                "origin": [
                    7.5,
                    7.37132,
                    7.5
                ]
            },
            "faces": {
                "north": {
                    "uv": [
                        10.66667,
                        12,
                        11.66667,
                        13
                    ],
                    "texture": "#3"
                },
                "east": {
                    "uv": [
                        12,
                        10.66667,
                        13,
                        11.66667
                    ],
                    "texture": "#3"
                },
                "south": {
                    "uv": [
                        12,
                        12,
                        13,
                        13
                    ],
                    "texture": "#3"
                },
                "west": {
                    "uv": [
                        12.66667,
                        0,
                        13.66667,
                        1
                    ],
                    "texture": "#3"
                },
                "up": {
                    "uv": [
                        13.66667,
                        2.33333,
                        12.66667,
                        1.33333
                    ],
                    "texture": "#3"
                },
                "down": {
                    "uv": [
                        6.33333,
                        12.66667,
                        5.33333,
                        13.66667
                    ],
                    "texture": "#3"
                }
            }
        },
        {
            "from": [
                7.35,
                11.72132,
                7.35
            ],
            "to": [
                8.65,
                13.02132,
                8.65
            ],
            "rotation": {
                "angle": 0,
                "axis": "y",
                "origin": [
                    7.5,
                    10.87132,
                    7.5
                ]
            },
            "faces": {
                "north": {
                    "uv": [
                        0,
                        13.33333,
                        1,
                        14.33333
                    ],
                    "texture": "#3"
                },
                "east": {
                    "uv": [
                        1.33333,
                        13.33333,
                        2.33333,
                        14.33333
                    ],
                    "texture": "#3"
                },
                "south": {
                    "uv": [
                        2.66667,
                        13.33333,
                        3.66667,
                        14.33333
                    ],
                    "texture": "#3"
                },
                "west": {
                    "uv": [
                        13.33333,
                        2.66667,
                        14.33333,
                        3.66667
                    ],
                    "texture": "#3"
                },
                "up": {
                    "uv": [
                        5,
                        14.33333,
                        4,
                        13.33333
                    ],
                    "texture": "#3"
                },
                "down": {
                    "uv": [
                        14.33333,
                        4,
                        13.33333,
                        5
                    ],
                    "texture": "#3"
                }
            }
        },
        {
            "from": [
                8.72,
                22.525,
                6.075
            ],
            "to": [
                8.75,
                23.025,
                10.075
            ],
            "rotation": {
                "angle": 22.5,
                "axis": "x",
                "origin": [
                    8,
                    20.36628,
                    11.53146
                ]
            },
            "faces": {
                "east": {
                    "uv": [
                        0,
                        10.66667,
                        2.66667,
                        11
                    ],
                    "texture": "#1"
                },
                "west": {
                    "uv": [
                        10.66667,
                        6.66667,
                        13.33333,
                        7
                    ],
                    "texture": "#1"
                }
            }
        },
        {
            "from": [
                8.72,
                21.71174,
                9.33635
            ],
            "to": [
                8.75,
                22.21174,
                12.33635
            ],
            "rotation": {
                "angle": 45,
                "axis": "x",
                "origin": [
                    8,
                    20.36628,
                    11.53146
                ]
            },
            "faces": {
                "east": {
                    "uv": [
                        0,
                        11.33333,
                        2,
                        11.66667
                    ],
                    "texture": "#1"
                },
                "west": {
                    "uv": [
                        11.33333,
                        0,
                        13.33333,
                        0.33333
                    ],
                    "texture": "#1"
                }
            }
        },
        {
            "from": [
                8.47,
                17.59388,
                12.88628
            ],
            "to": [
                8.5,
                20.09388,
                13.38628
            ],
            "rotation": {
                "angle": -22.5,
                "axis": "x",
                "origin": [
                    8,
                    20.36628,
                    11.53146
                ]
            },
            "faces": {
                "east": {
                    "uv": [
                        2.66667,
                        12,
                        3,
                        13.66667
                    ],
                    "texture": "#1"
                },
                "west": {
                    "uv": [
                        3.33333,
                        12,
                        3.66667,
                        13.66667
                    ],
                    "texture": "#1"
                }
            }
        },
        {
            "from": [
                8.22,
                15.74496,
                13.62626
            ],
            "to": [
                8.25,
                18.24496,
                14.12626
            ],
            "rotation": {
                "angle": 0,
                "axis": "y",
                "origin": [
                    8,
                    20.36628,
                    11.53146
                ]
            },
            "faces": {
                "east": {
                    "uv": [
                        4,
                        12,
                        4.33333,
                        13.66667
                    ],
                    "texture": "#1"
                },
                "west": {
                    "uv": [
                        4.66667,
                        12,
                        5,
                        13.66667
                    ],
                    "texture": "#1"
                }
            }
        },
        {
            "from": [
                9,
                23.475,
                5.125
            ],
            "to": [
                10,
                24.975,
                6.625
            ],
            "rotation": {
                "angle": 0,
                "axis": "y",
                "origin": [
                    8.75,
                    22.85,
                    9.875
                ]
            },
            "faces": {
                "north": {
                    "uv": [
                        2.66667,
                        10.66667,
                        3.33333,
                        11.66667
                    ],
                    "texture": "#1"
                },
                "east": {
                    "uv": [
                        10,
                        2,
                        11,
                        3
                    ],
                    "texture": "#1"
                },
                "south": {
                    "uv": [
                        11.33333,
                        0.66667,
                        12,
                        1.66667
                    ],
                    "texture": "#1"
                },
                "west": {
                    "uv": [
                        8.66667,
                        10,
                        9.66667,
                        11
                    ],
                    "texture": "#1"
                },
                "up": {
                    "uv": [
                        2.66667,
                        12.33333,
                        2,
                        11.33333
                    ],
                    "texture": "#1"
                },
                "down": {
                    "uv": [
                        12,
                        2,
                        11.33333,
                        3
                    ],
                    "texture": "#1"
                }
            }
        },
        {
            "from": [
                7.75,
                15.74496,
                13.62626
            ],
            "to": [
                7.78,
                18.24496,
                14.12626
            ],
            "rotation": {
                "angle": 0,
                "axis": "y",
                "origin": [
                    8,
                    20.36628,
                    11.53146
                ]
            },
            "faces": {
                "east": {
                    "uv": [
                        12,
                        4.66667,
                        12.33333,
                        6.33333
                    ],
                    "texture": "#1"
                },
                "west": {
                    "uv": [
                        5.33333,
                        12,
                        5.66667,
                        13.66667
                    ],
                    "texture": "#1"
                }
            }
        },
        {
            "from": [
                7.5,
                17.59388,
                12.88628
            ],
            "to": [
                7.53,
                20.09388,
                13.38628
            ],
            "rotation": {
                "angle": -22.5,
                "axis": "x",
                "origin": [
                    8,
                    20.36628,
                    11.53146
                ]
            },
            "faces": {
                "east": {
                    "uv": [
                        6,
                        12,
                        6.33333,
                        13.66667
                    ],
                    "texture": "#1"
                },
                "west": {
                    "uv": [
                        6.66667,
                        12,
                        7,
                        13.66667
                    ],
                    "texture": "#1"
                }
            }
        },
        {
            "from": [
                7.25,
                21.71174,
                9.33635
            ],
            "to": [
                7.28,
                22.21174,
                12.33635
            ],
            "rotation": {
                "angle": 45,
                "axis": "x",
                "origin": [
                    8,
                    20.36628,
                    11.53146
                ]
            },
            "faces": {
                "east": {
                    "uv": [
                        11.33333,
                        3.33333,
                        13.33333,
                        3.66667
                    ],
                    "texture": "#1"
                },
                "west": {
                    "uv": [
                        11.33333,
                        4,
                        13.33333,
                        4.33333
                    ],
                    "texture": "#1"
                }
            }
        },
        {
            "from": [
                7.25,
                22.525,
                6.075
            ],
            "to": [
                7.28,
                23.025,
                10.075
            ],
            "rotation": {
                "angle": 22.5,
                "axis": "x",
                "origin": [
                    8,
                    20.36628,
                    11.53146
                ]
            },
            "faces": {
                "east": {
                    "uv": [
                        10.66667,
                        7.33333,
                        13.33333,
                        7.66667
                    ],
                    "texture": "#1"
                },
                "west": {
                    "uv": [
                        10.66667,
                        8,
                        13.33333,
                        8.33333
                    ],
                    "texture": "#1"
                }
            }
        },
        {
            "from": [
                6.75,
                20.21174,
                9.33635
            ],
            "to": [
                9.25,
                21.71174,
                12.33635
            ],
            "rotation": {
                "angle": 45,
                "axis": "x",
                "origin": [
                    8,
                    20.36628,
                    11.53146
                ]
            },
            "faces": {
                "north": {
                    "uv": [
                        8,
                        8.66667,
                        9.66667,
                        9.66667
                    ],
                    "texture": "#1"
                },
                "east": {
                    "uv": [
                        8,
                        2,
                        10,
                        3
                    ],
                    "texture": "#1"
                },
                "south": {
                    "uv": [
                        1.33333,
                        9.33333,
                        3,
                        10.33333
                    ],
                    "texture": "#1"
                },
                "west": {
                    "uv": [
                        4,
                        8.66667,
                        6,
                        9.66667
                    ],
                    "texture": "#1"
                },
                "up": {
                    "uv": [
                        7,
                        5.33333,
                        5.33333,
                        3.33333
                    ],
                    "texture": "#1"
                },
                "down": {
                    "uv": [
                        7,
                        5.33333,
                        5.33333,
                        7.33333
                    ],
                    "texture": "#1"
                }
            }
        },
        {
            "from": [
                6,
                23.475,
                5.125
            ],
            "to": [
                7,
                24.975,
                6.625
            ],
            "rotation": {
                "angle": 0,
                "axis": "y",
                "origin": [
                    7.25,
                    22.85,
                    9.875
                ]
            },
            "faces": {
                "north": {
                    "uv": [
                        11.33333,
                        4.66667,
                        12,
                        5.66667
                    ],
                    "texture": "#1"
                },
                "east": {
                    "uv": [
                        10,
                        8.66667,
                        11,
                        9.66667
                    ],
                    "texture": "#1"
                },
                "south": {
                    "uv": [
                        8.66667,
                        11.33333,
                        9.33333,
                        12.33333
                    ],
                    "texture": "#1"
                },
                "west": {
                    "uv": [
                        10,
                        10,
                        11,
                        11
                    ],
                    "texture": "#1"
                },
                "up": {
                    "uv": [
                        12,
                        9.66667,
                        11.33333,
                        8.66667
                    ],
                    "texture": "#1"
                },
                "down": {
                    "uv": [
                        10,
                        11.33333,
                        9.33333,
                        12.33333
                    ],
                    "texture": "#1"
                }
            }
        },
        {
            "from": [
                6.75,
                22.225,
                1.125
            ],
            "to": [
                9.25,
                24.225,
                2.125
            ],
            "rotation": {
                "angle": 0,
                "axis": "y",
                "origin": [
                    7.25,
                    23.1,
                    9.875
                ]
            },
            "faces": {
                "north": {
                    "uv": [
                        6.66667,
                        7.33333,
                        8.33333,
                        8.66667
                    ],
                    "texture": "#1"
                },
                "east": {
                    "uv": [
                        4.66667,
                        6,
                        5.33333,
                        7.33333
                    ],
                    "texture": "#1"
                },
                "south": {
                    "uv": [
                        2,
                        8,
                        3.66667,
                        9.33333
                    ],
                    "texture": "#1"
                },
                "west": {
                    "uv": [
                        2,
                        6.66667,
                        2.66667,
                        8
                    ],
                    "texture": "#1"
                },
                "up": {
                    "uv": [
                        10.33333,
                        8.66667,
                        8.66667,
                        8
                    ],
                    "texture": "#1"
                },
                "down": {
                    "uv": [
                        11,
                        6,
                        9.33333,
                        6.66667
                    ],
                    "texture": "#1"
                }
            }
        },
        {
            "from": [
                6.75,
                22.225,
                2.125
            ],
            "to": [
                9.25,
                23.725,
                4.875
            ],
            "rotation": {
                "angle": 0,
                "axis": "y",
                "origin": [
                    7.25,
                    23.1,
                    9.875
                ]
            },
            "faces": {
                "north": {
                    "uv": [
                        9.33333,
                        3.33333,
                        11,
                        4.33333
                    ],
                    "texture": "#1"
                },
                "east": {
                    "uv": [
                        6,
                        8.66667,
                        8,
                        9.66667
                    ],
                    "texture": "#1"
                },
                "south": {
                    "uv": [
                        9.33333,
                        4.66667,
                        11,
                        5.66667
                    ],
                    "texture": "#1"
                },
                "west": {
                    "uv": [
                        8.66667,
                        6.66667,
                        10.66667,
                        7.66667
                    ],
                    "texture": "#1"
                },
                "up": {
                    "uv": [
                        4.33333,
                        8,
                        2.66667,
                        6
                    ],
                    "texture": "#1"
                },
                "down": {
                    "uv": [
                        1.66667,
                        6.66667,
                        0,
                        8.66667
                    ],
                    "texture": "#1"
                }
            }
        },
        {
            "from": [
                6.25,
                22.225,
                4.875
            ],
            "to": [
                9.75,
                24.725,
                7.375
            ],
            "rotation": {
                "angle": 0,
                "axis": "y",
                "origin": [
                    7.25,
                    23.1,
                    9.875
                ]
            },
            "faces": {
                "north": {
                    "uv": [
                        0,
                        2.66667,
                        2.33333,
                        4.33333
                    ],
                    "texture": "#1"
                },
                "east": {
                    "uv": [
                        6.66667,
                        0,
                        8.33333,
                        1.66667
                    ],
                    "texture": "#1"
                },
                "south": {
                    "uv": [
                        2.66667,
                        2.66667,
                        5,
                        4.33333
                    ],
                    "texture": "#1"
                },
                "west": {
                    "uv": [
                        7.33333,
                        3.33333,
                        9,
                        5
                    ],
                    "texture": "#1"
                },
                "up": {
                    "uv": [
                        6.33333,
                        1.66667,
                        4,
                        0
                    ],
                    "texture": "#1"
                },
                "down": {
                    "uv": [
                        2.33333,
                        4.66667,
                        0,
                        6.33333
                    ],
                    "texture": "#1"
                }
            }
        },
        {
            "from": [
                7.25,
                15.74496,
                13.12626
            ],
            "to": [
                8.75,
                18.24496,
                13.62626
            ],
            "rotation": {
                "angle": 0,
                "axis": "y",
                "origin": [
                    8,
                    20.36628,
                    11.53146
                ]
            },
            "faces": {
                "north": {
                    "uv": [
                        10,
                        0,
                        11,
                        1.66667
                    ],
                    "texture": "#1"
                },
                "east": {
                    "uv": [
                        7.33333,
                        12,
                        7.66667,
                        13.66667
                    ],
                    "texture": "#1"
                },
                "south": {
                    "uv": [
                        3.33333,
                        10,
                        4.33333,
                        11.66667
                    ],
                    "texture": "#1"
                },
                "west": {
                    "uv": [
                        8,
                        12,
                        8.33333,
                        13.66667
                    ],
                    "texture": "#1"
                },
                "up": {
                    "uv": [
                        10.33333,
                        13,
                        9.33333,
                        12.66667
                    ],
                    "texture": "#1"
                },
                "down": {
                    "uv": [
                        13.66667,
                        9.33333,
                        12.66667,
                        9.66667
                    ],
                    "texture": "#1"
                }
            }
        },
        {
            "from": [
                7,
                17.59388,
                11.88628
            ],
            "to": [
                9,
                20.09388,
                12.88628
            ],
            "rotation": {
                "angle": -22.5,
                "axis": "x",
                "origin": [
                    8,
                    20.36628,
                    11.53146
                ]
            },
            "faces": {
                "north": {
                    "uv": [
                        0,
                        8.66667,
                        1.33333,
                        10.33333
                    ],
                    "texture": "#1"
                },
                "east": {
                    "uv": [
                        7.33333,
                        10,
                        8,
                        11.66667
                    ],
                    "texture": "#1"
                },
                "south": {
                    "uv": [
                        8.66667,
                        0,
                        10,
                        1.66667
                    ],
                    "texture": "#1"
                },
                "west": {
                    "uv": [
                        8,
                        10,
                        8.66667,
                        11.66667
                    ],
                    "texture": "#1"
                },
                "up": {
                    "uv": [
                        5.33333,
                        2.66667,
                        4,
                        2
                    ],
                    "texture": "#1"
                },
                "down": {
                    "uv": [
                        8.66667,
                        6.66667,
                        7.33333,
                        7.33333
                    ],
                    "texture": "#1"
                }
            }
        },
        {
            "from": [
                6.5,
                20.525,
                6.075
            ],
            "to": [
                9.5,
                22.525,
                10.075
            ],
            "rotation": {
                "angle": 22.5,
                "axis": "x",
                "origin": [
                    8,
                    20.36628,
                    11.53146
                ]
            },
            "faces": {
                "north": {
                    "uv": [
                        4.66667,
                        7.33333,
                        6.66667,
                        8.66667
                    ],
                    "texture": "#1"
                },
                "east": {
                    "uv": [
                        2.66667,
                        4.66667,
                        5.33333,
                        6
                    ],
                    "texture": "#1"
                },
                "south": {
                    "uv": [
                        7.33333,
                        5.33333,
                        9.33333,
                        6.66667
                    ],
                    "texture": "#1"
                },
                "west": {
                    "uv": [
                        5.33333,
                        2,
                        8,
                        3.33333
                    ],
                    "texture": "#1"
                },
                "up": {
                    "uv": [
                        2,
                        2.66667,
                        0,
                        0
                    ],
                    "texture": "#1"
                },
                "down": {
                    "uv": [
                        4,
                        0,
                        2,
                        2.66667
                    ],
                    "texture": "#1"
                }
            }
        },
        {
            "from": [
                8.65,
                20.45,
                9.425
            ],
            "to": [
                9.65,
                21.45,
                10.425
            ],
            "rotation": {
                "angle": 45,
                "axis": "x",
                "origin": [
                    9.15,
                    20.75,
                    10
                ]
            },
            "faces": {
                "north": {
                    "uv": [
                        12,
                        9.33333,
                        12.66667,
                        10
                    ],
                    "texture": "#1"
                },
                "east": {
                    "uv": [
                        12,
                        10,
                        12.66667,
                        10.66667
                    ],
                    "texture": "#1"
                },
                "south": {
                    "uv": [
                        12,
                        10.66667,
                        12.66667,
                        11.33333
                    ],
                    "texture": "#1"
                },
                "west": {
                    "uv": [
                        12,
                        11.33333,
                        12.66667,
                        12
                    ],
                    "texture": "#1"
                },
                "up": {
                    "uv": [
                        12.66667,
                        12.66667,
                        12,
                        12
                    ],
                    "texture": "#1"
                }
            }
        },
        {
            "from": [
                8.65,
                19.95,
                8.925
            ],
            "to": [
                9.65,
                20.45,
                10.425
            ],
            "rotation": {
                "angle": 45,
                "axis": "x",
                "origin": [
                    9.15,
                    20.75,
                    10
                ]
            },
            "faces": {
                "north": {
                    "uv": [
                        13.33333,
                        1.33333,
                        14,
                        1.66667
                    ],
                    "texture": "#1"
                },
                "east": {
                    "uv": [
                        12.66667,
                        10.66667,
                        13.66667,
                        11
                    ],
                    "texture": "#1"
                },
                "south": {
                    "uv": [
                        2,
                        13.33333,
                        2.66667,
                        13.66667
                    ],
                    "texture": "#1"
                },
                "west": {
                    "uv": [
                        12.66667,
                        11.33333,
                        13.66667,
                        11.66667
                    ],
                    "texture": "#1"
                },
                "up": {
                    "uv": [
                        11.33333,
                        12.33333,
                        10.66667,
                        11.33333
                    ],
                    "texture": "#1"
                },
                "down": {
                    "uv": [
                        12,
                        11.33333,
                        11.33333,
                        12.33333
                    ],
                    "texture": "#1"
                }
            }
        },
        {
            "from": [
                6.35,
                20.45,
                9.425
            ],
            "to": [
                7.35,
                21.45,
                10.425
            ],
            "rotation": {
                "angle": 45,
                "axis": "x",
                "origin": [
                    6.85,
                    20.75,
                    10
                ]
            },
            "faces": {
                "north": {
                    "uv": [
                        12.66667,
                        9.33333,
                        12,
                        10
                    ],
                    "texture": "#1"
                },
                "east": {
                    "uv": [
                        12.66667,
                        11.33333,
                        12,
                        12
                    ],
                    "texture": "#1"
                },
                "south": {
                    "uv": [
                        12.66667,
                        10.66667,
                        12,
                        11.33333
                    ],
                    "texture": "#1"
                },
                "west": {
                    "uv": [
                        12.66667,
                        10,
                        12,
                        10.66667
                    ],
                    "texture": "#1"
                },
                "up": {
                    "uv": [
                        12,
                        12.66667,
                        12.66667,
                        12
                    ],
                    "texture": "#1"
                }
            }
        },
        {
            "from": [
                6.35,
                19.95,
                8.925
            ],
            "to": [
                7.35,
                20.45,
                10.425
            ],
            "rotation": {
                "angle": 45,
                "axis": "x",
                "origin": [
                    6.85,
                    20.75,
                    10
                ]
            },
            "faces": {
                "north": {
                    "uv": [
                        14,
                        1.33333,
                        13.33333,
                        1.66667
                    ],
                    "texture": "#1"
                },
                "east": {
                    "uv": [
                        13.66667,
                        11.33333,
                        12.66667,
                        11.66667
                    ],
                    "texture": "#1"
                },
                "south": {
                    "uv": [
                        2.66667,
                        13.33333,
                        2,
                        13.66667
                    ],
                    "texture": "#1"
                },
                "west": {
                    "uv": [
                        13.66667,
                        10.66667,
                        12.66667,
                        11
                    ],
                    "texture": "#1"
                },
                "up": {
                    "uv": [
                        10.66667,
                        12.33333,
                        11.33333,
                        11.33333
                    ],
                    "texture": "#1"
                },
                "down": {
                    "uv": [
                        11.33333,
                        11.33333,
                        12,
                        12.33333
                    ],
                    "texture": "#1"
                }
            }
        },
        {
            "from": [
                8.65,
                21.375,
                7.125
            ],
            "to": [
                9.65,
                21.875,
                8.625
            ],
            "rotation": {
                "angle": -22.5,
                "axis": "z",
                "origin": [
                    9.15,
                    22,
                    8
                ]
            },
            "faces": {
                "north": {
                    "uv": [
                        13.33333,
                        2,
                        14,
                        2.33333
                    ],
                    "texture": "#1"
                },
                "east": {
                    "uv": [
                        12,
                        12.66667,
                        13,
                        13
                    ],
                    "texture": "#1"
                },
                "south": {
                    "uv": [
                        13.33333,
                        2.66667,
                        14,
                        3
                    ],
                    "texture": "#1"
                },
                "west": {
                    "uv": [
                        12.66667,
                        12,
                        13.66667,
                        12.33333
                    ],
                    "texture": "#1"
                },
                "up": {
                    "uv": [
                        0.66667,
                        13,
                        0,
                        12
                    ],
                    "texture": "#1"
                },
                "down": {
                    "uv": [
                        1.33333,
                        12,
                        0.66667,
                        13
                    ],
                    "texture": "#1"
                }
            }
        },
        {
            "from": [
                8.65,
                21.875,
                7.625
            ],
            "to": [
                9.65,
                22.875,
                8.625
            ],
            "rotation": {
                "angle": -22.5,
                "axis": "z",
                "origin": [
                    9.15,
                    22,
                    8
                ]
            },
            "faces": {
                "north": {
                    "uv": [
                        12.66667,
                        0.66667,
                        13.33333,
                        1.33333
                    ],
                    "texture": "#1"
                },
                "east": {
                    "uv": [
                        12.66667,
                        1.33333,
                        13.33333,
                        2
                    ],
                    "texture": "#1"
                },
                "south": {
                    "uv": [
                        2,
                        12.66667,
                        2.66667,
                        13.33333
                    ],
                    "texture": "#1"
                },
                "west": {
                    "uv": [
                        12.66667,
                        2,
                        13.33333,
                        2.66667
                    ],
                    "texture": "#1"
                },
                "up": {
                    "uv": [
                        13.33333,
                        3.33333,
                        12.66667,
                        2.66667
                    ],
                    "texture": "#1"
                }
            }
        },
        {
            "from": [
                6.35,
                21.875,
                7.625
            ],
            "to": [
                7.35,
                22.875,
                8.625
            ],
            "rotation": {
                "angle": 22.5,
                "axis": "z",
                "origin": [
                    6.85,
                    22,
                    8
                ]
            },
            "faces": {
                "north": {
                    "uv": [
                        12.66667,
                        4.66667,
                        13.33333,
                        5.33333
                    ],
                    "texture": "#1"
                },
                "east": {
                    "uv": [
                        12.66667,
                        5.33333,
                        13.33333,
                        6
                    ],
                    "texture": "#1"
                },
                "south": {
                    "uv": [
                        12.66667,
                        6,
                        13.33333,
                        6.66667
                    ],
                    "texture": "#1"
                },
                "west": {
                    "uv": [
                        8.66667,
                        12.66667,
                        9.33333,
                        13.33333
                    ],
                    "texture": "#1"
                },
                "up": {
                    "uv": [
                        13.33333,
                        9.33333,
                        12.66667,
                        8.66667
                    ],
                    "texture": "#1"
                }
            }
        },
        {
            "from": [
                6.35,
                21.375,
                7.125
            ],
            "to": [
                7.35,
                21.875,
                8.625
            ],
            "rotation": {
                "angle": 22.5,
                "axis": "z",
                "origin": [
                    6.85,
                    22,
                    8
                ]
            },
            "faces": {
                "north": {
                    "uv": [
                        13.33333,
                        3.33333,
                        14,
                        3.66667
                    ],
                    "texture": "#1"
                },
                "east": {
                    "uv": [
                        0,
                        13.33333,
                        1,
                        13.66667
                    ],
                    "texture": "#1"
                },
                "south": {
                    "uv": [
                        13.33333,
                        4,
                        14,
                        4.33333
                    ],
                    "texture": "#1"
                },
                "west": {
                    "uv": [
                        13.33333,
                        0,
                        14.33333,
                        0.33333
                    ],
                    "texture": "#1"
                },
                "up": {
                    "uv": [
                        12.66667,
                        1.66667,
                        12,
                        0.66667
                    ],
                    "texture": "#1"
                },
                "down": {
                    "uv": [
                        2,
                        12,
                        1.33333,
                        13
                    ],
                    "texture": "#1"
                }
            }
        },
        {
            "from": [
                6.5,
                17.37868,
                8
            ],
            "to": [
                9.5,
                20.37868,
                11
            ],
            "rotation": {
                "angle": -45,
                "axis": "x",
                "origin": [
                    6.5,
                    17.37868,
                    8
                ]
            },
            "faces": {
                "north": {
                    "uv": [
                        2,
                        0,
                        4,
                        2
                    ],
                    "texture": "#3"
                },
                "east": {
                    "uv": [
                        2,
                        2,
                        4,
                        4
                    ],
                    "texture": "#3"
                },
                "south": {
                    "uv": [
                        0,
                        4,
                        2,
                        6
                    ],
                    "texture": "#3"
                },
                "west": {
                    "uv": [
                        4,
                        0,
                        6,
                        2
                    ],
                    "texture": "#3"
                },
                "up": {
                    "uv": [
                        4,
                        6,
                        2,
                        4
                    ],
                    "texture": "#3"
                },
                "down": {
                    "uv": [
                        6,
                        2,
                        4,
                        4
                    ],
                    "texture": "#3"
                }
            }
        },
        {
            "from": [
                6,
                17.87868,
                8.5
            ],
            "to": [
                10,
                19.87868,
                10.5
            ],
            "rotation": {
                "angle": -45,
                "axis": "x",
                "origin": [
                    6.5,
                    17.37868,
                    8
                ]
            },
            "faces": {
                "north": {
                    "uv": [
                        4,
                        4,
                        6.66667,
                        5.33333
                    ],
                    "texture": "#3"
                },
                "east": {
                    "uv": [
                        8,
                        8,
                        9.33333,
                        9.33333
                    ],
                    "texture": "#3"
                },
                "south": {
                    "uv": [
                        4,
                        5.33333,
                        6.66667,
                        6.66667
                    ],
                    "texture": "#3"
                },
                "west": {
                    "uv": [
                        8.66667,
                        0,
                        10,
                        1.33333
                    ],
                    "texture": "#3"
                },
                "up": {
                    "uv": [
                        2.66667,
                        7.33333,
                        0,
                        6
                    ],
                    "texture": "#3"
                },
                "down": {
                    "uv": [
                        8.66667,
                        0,
                        6,
                        1.33333
                    ],
                    "texture": "#3"
                }
            }
        },
        {
            "from": [
                7,
                18.5,
                6
            ],
            "to": [
                9,
                20.5,
                10
            ],
            "rotation": {
                "angle": 45,
                "axis": "x",
                "origin": [
                    8,
                    19.5,
                    8
                ]
            },
            "faces": {
                "north": {
                    "uv": [
                        8.66667,
                        0,
                        10,
                        1.33333
                    ],
                    "rotation": 270,
                    "texture": "#3"
                },
                "east": {
                    "uv": [
                        2.66667,
                        7.33333,
                        0,
                        6
                    ],
                    "rotation": 180,
                    "texture": "#3"
                },
                "south": {
                    "uv": [
                        8,
                        8,
                        9.33333,
                        9.33333
                    ],
                    "rotation": 90,
                    "texture": "#3"
                },
                "west": {
                    "uv": [
                        8.66667,
                        0,
                        6,
                        1.33333
                    ],
                    "texture": "#3"
                },
                "up": {
                    "uv": [
                        4,
                        5.33333,
                        6.66667,
                        6.66667
                    ],
                    "rotation": 90,
                    "texture": "#3"
                },
                "down": {
                    "uv": [
                        4,
                        4,
                        6.66667,
                        5.33333
                    ],
                    "rotation": 90,
                    "texture": "#3"
                }
            }
        },
        {
            "from": [
                7,
                18.5,
                6
            ],
            "to": [
                9,
                20.5,
                10
            ],
            "rotation": {
                "angle": -45,
                "axis": "x",
                "origin": [
                    8,
                    19.5,
                    8
                ]
            },
            "faces": {
                "north": {
                    "uv": [
                        8.66667,
                        0,
                        10,
                        1.33333
                    ],
                    "rotation": 270,
                    "texture": "#3"
                },
                "east": {
                    "uv": [
                        2.66667,
                        7.33333,
                        0,
                        6
                    ],
                    "rotation": 180,
                    "texture": "#3"
                },
                "south": {
                    "uv": [
                        8,
                        8,
                        9.33333,
                        9.33333
                    ],
                    "rotation": 90,
                    "texture": "#3"
                },
                "west": {
                    "uv": [
                        8.66667,
                        0,
                        6,
                        1.33333
                    ],
                    "texture": "#3"
                },
                "up": {
                    "uv": [
                        4,
                        5.33333,
                        6.66667,
                        6.66667
                    ],
                    "rotation": 90,
                    "texture": "#3"
                },
                "down": {
                    "uv": [
                        4,
                        4,
                        6.66667,
                        5.33333
                    ],
                    "rotation": 90,
                    "texture": "#3"
                }
            }
        }
    ],
    "gui_light": "front",
    "display": {
        "thirdperson_righthand": {
            "translation": [
                0,
                2,
                1
            ]
        },
        "thirdperson_lefthand": {
            "translation": [
                0,
                2,
                1
            ]
        },
        "firstperson_righthand": {
            "rotation": [
                -10,
                0,
                0
            ],
            "translation": [
                4.25,
                -3,
                -2.25
            ]
        },
        "firstperson_lefthand": {
            "rotation": [
                -10,
                0,
                0
            ],
            "translation": [
                4.25,
                -3,
                -2.25
            ]
        },
        "ground": {
            "rotation": [
                -45,
                0,
                0
            ],
            "translation": [
                0,
                5,
                0
            ]
        },
        "gui": {
            "rotation": [
                -90,
                45,
                90
            ],
            "translation": [
                1,
                -1,
                0
            ],
            "scale": [
                0.7,
                0.7,
                0.7
            ]
        },
        "head": {
            "rotation": [
                0,
                -90,
                0
            ]
        },
        "fixed": {
            "rotation": [
                0,
                -90,
                0
            ],
            "translation": [
                0,
                0,
                -1.75
            ],
            "scale": [
                2,
                2,
                2
            ]
        }
    },
    "groups": [
        0,
        1,
        2,
        3,
        4,
        5,
        6,
        7,
        8,
        9,
        10,
        11,
        12,
        13,
        {
            "name": "crocodile",
            "origin": [
                6.85,
                9.5,
                7.65
            ],
            "color": 0,
            "children": [
                14,
                15,
                16,
                17,
                18,
                19,
                20,
                21,
                22,
                23,
                24,
                25,
                26,
                27,
                28,
                29,
                30,
                31,
                32,
                33,
                34,
                35,
                36,
                37,
                38
            ]
        },
        39,
        40,
        41,
        42
    ]
}