{"textures":{"0":"modelengine:entity/gift_pet"},"elements":[{"from":[12.8,12.3,12.3],"to":[3.1999998,2.6999998,2.6999998],"faces":{"east":{"uv":[5.5,5.5,8.0,8.0],"tintindex":0,"rotation":0,"texture":"#0"},"south":{"uv":[5.75,0.0,8.25,2.5],"tintindex":0,"rotation":0,"texture":"#0"},"north":{"uv":[3.0,5.5,5.5,8.0],"tintindex":0,"rotation":0,"texture":"#0"},"west":{"uv":[5.75,2.5,8.25,5.0],"tintindex":0,"rotation":0,"texture":"#0"},"up":{"uv":[2.5,8.5,0.0,6.0],"tintindex":0,"rotation":0,"texture":"#0"},"down":{"uv":[5.0,8.0,2.5,10.5],"tintindex":0,"rotation":0,"texture":"#0"}}},{"from":[3.5,3.0,3.0],"to":[12.5,12.0,12.0],"faces":{"east":{"uv":[8.0,5.0,10.25,7.25],"tintindex":0,"rotation":0,"texture":"#0"},"south":{"uv":[7.25,8.0,9.5,10.25],"tintindex":0,"rotation":0,"texture":"#0"},"north":{"uv":[5.0,8.0,7.25,10.25],"tintindex":0,"rotation":0,"texture":"#0"},"west":{"uv":[8.25,0.0,10.5,2.25],"tintindex":0,"rotation":0,"texture":"#0"},"up":{"uv":[10.5,4.5,8.25,2.25],"tintindex":0,"rotation":0,"texture":"#0"},"down":{"uv":[2.25,8.5,0.0,10.75],"tintindex":0,"rotation":0,"texture":"#0"}}}],"display":{"gui":{"rotation":[30,225,0]}}}