{"textures":{"0":"modelengine:entity/gift_pet"},"elements":[{"from":[-8.0,3.0,8.0],"to":[-3.0,6.0,9.0],"faces":{"east":{"uv":[2.5,9.25,2.25,10.0],"tintindex":0,"rotation":0,"texture":"#0"},"south":{"uv":[10.5,11.0,9.25,11.75],"tintindex":0,"rotation":0,"texture":"#0"},"north":{"uv":[9.25,7.25,8.0,8.0],"tintindex":0,"rotation":0,"texture":"#0"},"west":{"uv":[2.5,8.5,2.25,9.25],"tintindex":0,"rotation":0,"texture":"#0"},"up":{"uv":[10.25,7.25,11.5,7.0],"tintindex":0,"rotation":0,"texture":"#0"},"down":{"uv":[11.5,7.0,12.75,7.25],"tintindex":0,"rotation":0,"texture":"#0"}},"rotation":{"origin":[8.0,-4.0,9.0],"angle":-45.0,"axis":"z"}},{"from":[13.5,8.0,8.0],"to":[18.5,11.0,9.0],"faces":{"east":{"uv":[2.25,8.5,2.5,9.25],"tintindex":0,"rotation":0,"texture":"#0"},"south":{"uv":[9.25,11.0,10.5,11.75],"tintindex":0,"rotation":0,"texture":"#0"},"north":{"uv":[8.0,7.25,9.25,8.0],"tintindex":0,"rotation":0,"texture":"#0"},"west":{"uv":[2.25,9.25,2.5,10.0],"tintindex":0,"rotation":0,"texture":"#0"},"up":{"uv":[11.5,7.25,10.25,7.0],"tintindex":0,"rotation":0,"texture":"#0"},"down":{"uv":[12.75,7.0,11.5,7.25],"tintindex":0,"rotation":0,"texture":"#0"}},"rotation":{"origin":[8.0,-4.0,9.0],"angle":22.5,"axis":"z"}},{"from":[-2.6999998,6.3,9.3],"to":[-8.299999,2.6999998,7.7],"faces":{"east":{"uv":[3.0,7.0,2.5,8.0],"tintindex":0,"rotation":0,"texture":"#0"},"south":{"uv":[12.0,1.0,10.5,2.0],"tintindex":0,"rotation":0,"texture":"#0"},"north":{"uv":[12.0,0.0,10.5,1.0],"tintindex":0,"rotation":0,"texture":"#0"},"west":{"uv":[3.0,6.0,2.5,7.0],"tintindex":0,"rotation":0,"texture":"#0"},"up":{"uv":[5.75,5.5,7.25,5.0],"tintindex":0,"rotation":0,"texture":"#0"},"down":{"uv":[8.25,4.5,9.75,5.0],"tintindex":0,"rotation":0,"texture":"#0"}},"rotation":{"origin":[8.0,-4.0,9.0],"angle":-45.0,"axis":"z"}},{"from":[13.8,11.3,14.3],"to":[2.1999998,7.7,2.6999998],"faces":{"east":{"uv":[9.5,8.25,12.5,9.25],"tintindex":0,"rotation":0,"texture":"#0"},"south":{"uv":[9.5,9.25,12.5,10.25],"tintindex":0,"rotation":0,"texture":"#0"},"north":{"uv":[9.5,7.25,12.5,8.25],"tintindex":0,"rotation":0,"texture":"#0"},"west":{"uv":[10.25,4.5,13.25,5.5],"tintindex":0,"rotation":0,"texture":"#0"},"up":{"uv":[3.0,3.0,0.0,0.0],"tintindex":0,"rotation":0,"texture":"#0"},"down":{"uv":[3.0,3.0,0.0,6.0],"tintindex":0,"rotation":0,"texture":"#0"}}},{"from":[2.5,8.0,3.0],"to":[13.5,11.0,14.0],"faces":{"east":{"uv":[10.25,5.5,13.0,6.25],"tintindex":0,"rotation":0,"texture":"#0"},"south":{"uv":[10.25,6.25,13.0,7.0],"tintindex":0,"rotation":0,"texture":"#0"},"north":{"uv":[5.0,10.25,7.75,11.0],"tintindex":0,"rotation":0,"texture":"#0"},"west":{"uv":[7.75,10.25,10.5,11.0],"tintindex":0,"rotation":0,"texture":"#0"},"up":{"uv":[5.75,2.75,3.0,0.0],"tintindex":0,"rotation":0,"texture":"#0"},"down":{"uv":[5.75,2.75,3.0,5.5],"tintindex":0,"rotation":0,"texture":"#0"}}},{"from":[18.8,11.3,9.3],"to":[13.2,7.7,7.7],"faces":{"east":{"uv":[2.5,6.0,3.0,7.0],"tintindex":0,"rotation":0,"texture":"#0"},"south":{"uv":[10.5,1.0,12.0,2.0],"tintindex":0,"rotation":0,"texture":"#0"},"north":{"uv":[10.5,0.0,12.0,1.0],"tintindex":0,"rotation":0,"texture":"#0"},"west":{"uv":[2.5,7.0,3.0,8.0],"tintindex":0,"rotation":0,"texture":"#0"},"up":{"uv":[7.25,5.5,5.75,5.0],"tintindex":0,"rotation":0,"texture":"#0"},"down":{"uv":[9.75,4.5,8.25,5.0],"tintindex":0,"rotation":0,"texture":"#0"}},"rotation":{"origin":[8.0,-4.0,9.0],"angle":22.5,"axis":"z"}}],"display":{"gui":{"rotation":[30,225,0]}}}