{"textures":{"0":"modelengine:entity/gift_pet"},"elements":[{"from":[6.55,6.8,9.55],"to":[2.9499998,1.1999998,5.95],"faces":{"east":{"uv":[2.25,10.5,3.25,12.0],"tintindex":0,"rotation":0,"texture":"#0"},"south":{"uv":[3.25,10.5,4.25,12.0],"tintindex":0,"rotation":0,"texture":"#0"},"north":{"uv":[10.5,2.0,11.5,3.5],"tintindex":0,"rotation":0,"texture":"#0"},"west":{"uv":[10.5,10.25,11.5,11.75],"tintindex":0,"rotation":0,"texture":"#0"},"up":{"uv":[11.5,4.5,10.5,3.5],"tintindex":0,"rotation":0,"texture":"#0"},"down":{"uv":[1.0,10.75,0.0,11.75],"tintindex":0,"rotation":0,"texture":"#0"}},"rotation":{"origin":[12.25,-0.5,8.25],"angle":-22.5,"axis":"z"}},{"from":[3.25,1.5,6.25],"to":[6.25,6.5,9.25],"faces":{"east":{"uv":[11.5,3.25,12.25,4.5],"tintindex":0,"rotation":0,"texture":"#0"},"south":{"uv":[11.5,10.25,12.25,11.5],"tintindex":0,"rotation":0,"texture":"#0"},"north":{"uv":[11.5,2.0,12.25,3.25],"tintindex":0,"rotation":0,"texture":"#0"},"west":{"uv":[11.5,11.5,12.25,12.75],"tintindex":0,"rotation":0,"texture":"#0"},"up":{"uv":[0.75,12.5,0.0,11.75],"tintindex":0,"rotation":0,"texture":"#0"},"down":{"uv":[1.5,11.75,0.75,12.5],"tintindex":0,"rotation":0,"texture":"#0"}},"rotation":{"origin":[12.25,-0.5,8.25],"angle":-22.5,"axis":"z"}}],"display":{"gui":{"rotation":[30,225,0]}}}