{"textures":{"0":"modelengine:entity/gift_pet"},"elements":[{"from":[9.8,9.3,9.8],"to":[6.2,5.7,6.2],"faces":{"east":{"uv":[7.25,11.0,6.25,12.0],"tintindex":0,"rotation":0,"texture":"#0"},"south":{"uv":[6.25,11.0,5.25,12.0],"tintindex":0,"rotation":0,"texture":"#0"},"north":{"uv":[2.0,10.75,1.0,11.75],"tintindex":0,"rotation":0,"texture":"#0"},"west":{"uv":[5.25,11.0,4.25,12.0],"tintindex":0,"rotation":0,"texture":"#0"},"up":{"uv":[7.25,12.0,8.25,11.0],"tintindex":0,"rotation":0,"texture":"#0"},"down":{"uv":[8.25,11.0,9.25,12.0],"tintindex":0,"rotation":0,"texture":"#0"}}},{"from":[6.5,6.0,6.5],"to":[9.5,9.0,9.5],"faces":{"east":{"uv":[11.5,11.75,10.75,12.5],"tintindex":0,"rotation":0,"texture":"#0"},"south":{"uv":[10.75,11.75,10.0,12.5],"tintindex":0,"rotation":0,"texture":"#0"},"north":{"uv":[2.25,11.75,1.5,12.5],"tintindex":0,"rotation":0,"texture":"#0"},"west":{"uv":[10.0,11.75,9.25,12.5],"tintindex":0,"rotation":0,"texture":"#0"},"up":{"uv":[12.0,0.75,12.75,0.0],"tintindex":0,"rotation":0,"texture":"#0"},"down":{"uv":[12.0,0.75,12.75,1.5],"tintindex":0,"rotation":0,"texture":"#0"}}}],"display":{"gui":{"rotation":[30,225,0]}}}